  1.00000      0.00000      0.00000
  1.01000      0.08765      0.00000
  1.02000      0.08606      0.00000
  1.03000      0.08453      0.00000
  1.04000      0.08303      0.00000
  1.05000      0.08158      0.00000
  1.06000      0.08016      0.00000
  1.07000      0.07879      0.00000
  1.08000      0.07745      0.00000
  1.09000      0.07615      0.00000
  1.10000      0.07488      0.00000
  1.11000      0.07365      0.00000
  1.12000      0.07244      0.00000
  1.13000      0.07127      0.00000
  1.14000      0.07013      0.00000
  1.15000      0.06902      0.00000
  1.16000      0.06794      0.00000
  1.17000      0.06688      0.00000
  1.18000      0.06585      0.00000
  1.19000      0.06484      0.00000
  1.20000      0.06386      0.00000
  1.21000      0.06290      0.00000
  1.22000      0.06197      0.00000
  1.23000      0.06106      0.00000
  1.24000      0.06017      0.00000
  1.25000      0.05930      0.00000
  1.26000      0.05845      0.00000
  1.27000      0.05762      0.00000
  1.28000      0.05681      0.00000
  1.29000      0.05601      0.00000
  1.30000      0.05524      0.00000
  1.31000      0.05448      0.00000
  1.32000      0.05374      0.00000
  1.33000      0.05301      0.00000
  1.34000      0.05230      0.00000
  1.35000      0.05161      0.00000
  1.36000      0.05093      0.00000
  1.37000      0.05027      0.00000
  1.38000      0.04961      0.00000
  1.39000      0.04898      0.00000
  1.40000      0.04835      0.00000
  1.41000      0.04774      0.00000
  1.42000      0.04714      0.00000
  1.43000      0.04656      0.00000
  1.44000      0.04598      0.00000
  1.45000      0.04542      0.00000
  1.46000      0.04487      0.00000
  1.47000      0.04433      0.00000
  1.48000      0.04380      0.00000
  1.49000      0.04328      0.00000
  1.50000      0.04277      0.00000
  1.51000      0.04227      0.00000
  1.52000      0.04178      0.00000
  1.53000      0.04130      0.00000
  1.54000      0.04083      0.00000
  1.55000      0.04036      0.00000
  1.56000      0.03991      0.00000
  1.57000      0.03946      0.00000
  1.58000      0.03903      0.00000
  1.59000      0.03860      0.00000
  1.60000      0.03817      0.00000
  1.61000      0.03776      0.00000
  1.62000      0.03735      0.00000
  1.63000      0.03695      0.00000
  1.64000      0.03656      0.00000
  1.65000      0.03617      0.00000
  1.66000      0.03580      0.00000
  1.67000      0.03542      0.00000
  1.68000      0.03506      0.00000
  1.69000      0.03470      0.00000
  1.70000      0.03434      0.00000
  1.71000      0.03400      0.00000
  1.72000      0.03366      0.00000
  1.73000      0.03332      0.00000
  1.74000      0.03299      0.00000
  1.75000      0.03266      0.00000
  1.76000      0.03234      0.00000
  1.77000      0.03203      0.00000
  1.78000      0.03172      0.00000
  1.79000      0.03142      0.00000
  1.80000      0.03112      0.00000
  1.81000      0.03082      0.00000
  1.82000      0.03053      0.00000
  1.83000      0.03025      0.00000
  1.84000      0.02997      0.00000
  1.85000      0.02969      0.00000
  1.86000      0.02942      0.00000
  1.87000      0.02915      0.00000
  1.88000      0.02889      0.00000
  1.89000      0.02863      0.00000
  1.90000      0.02837      0.00000
  1.91000      0.02812      0.00000
  1.92000      0.02788      0.00000
  1.93000      0.02763      0.00000
  1.94000      0.02739      0.00000
  1.95000      0.02715      0.00000
  1.96000      0.02692      0.00000
  1.97000      0.02669      0.00000
  1.98000      0.02646      0.00000
  1.99000      0.02624      0.00000
  2.00000      0.02602      0.00000
  2.01000      0.02580      0.00000
  2.02000      0.02559      0.00000
  2.03000      0.02538      0.00000
  2.04000      0.02517      0.00000
  2.05000      0.02497      0.00000
  2.06000      0.02477      0.00000
  2.07000      0.02457      0.00000
  2.08000      0.02437      0.00000
  2.09000      0.02418      0.00000
  2.10000      0.02399      0.00000
  2.11000      0.02380      0.00000
  2.12000      0.02361      0.00000
  2.13000      0.02343      0.00000
  2.14000      0.02325      0.00000
  2.15000      0.02307      0.00000
  2.16000      0.02289      0.00000
  2.17000      0.02272      0.00000
  2.18000      0.02255      0.00000
  2.19000      0.02238      0.00000
  2.20000      0.02221      0.00000
  2.21000      0.02205      0.00000
  2.22000      0.02189      0.00000
  2.23000      0.02173      0.00000
  2.24000      0.02157      0.00000
  2.25000      0.02141      0.00000
  2.26000      0.02126      0.00000
  2.27000      0.02111      0.00000
  2.28000      0.02096      0.00000
  2.29000      0.02081      0.00000
  2.30000      0.02066      0.00000
  2.31000      0.02052      0.00000
  2.32000      0.02038      0.00000
  2.33000      0.02023      0.00000
  2.34000      0.02010      0.00000
  2.35000      0.01996      0.00000
  2.36000      0.01982      0.00000
  2.37000      0.01969      0.00000
  2.38000      0.01956      0.00000
  2.39000      0.01942      0.00000
  2.40000      0.01930      0.00000
  2.41000      0.01917      0.00000
  2.42000      0.01904      0.00000
  2.43000      0.01892      0.00000
  2.44000      0.01879      0.00000
  2.45000      0.01867      0.00000
  2.46000      0.01855      0.00000
  2.47000      0.01843      0.00000
  2.48000      0.01832      0.00000
  2.49000      0.01820      0.00000
  2.50000      0.01808      0.00000
  2.51000      0.01797      0.00000
  2.52000      0.01786      0.00000
  2.53000      0.01775      0.00000
  2.54000      0.01764      0.00000
  2.55000      0.01753      0.00000
  2.56000      0.01742      0.00000
  2.57000      0.01732      0.00000
  2.58000      0.01721      0.00000
  2.59000      0.01711      0.00000
  2.60000      0.01701      0.00000
  2.61000      0.01691      0.00000
  2.62000      0.01681      0.00000
  2.63000      0.01671      0.00000
  2.64000      0.01661      0.00000
  2.65000      0.01651      0.00000
  2.66000      0.01642      0.00000
  2.67000      0.01632      0.00000
  2.68000      0.01623      0.00000
  2.69000      0.01614      0.00000
  2.70000      0.01604      0.00000
  2.71000      0.01595      0.00000
  2.72000      0.01586      0.00000
  2.73000      0.01578      0.00000
  2.74000      0.01569      0.00000
  2.75000      0.01560      0.00000
  2.76000      0.01552      0.00000
  2.77000      0.01543      0.00000
  2.78000      0.01535      0.00000
  2.79000      0.01526      0.00000
  2.80000      0.01518      0.00000
  2.81000      0.01510      0.00000
  2.82000      0.01502      0.00000
  2.83000      0.01494      0.00000
  2.84000      0.01486      0.00000
  2.85000      0.01478      0.00000
  2.86000      0.01471      0.00000
  2.87000      0.01463      0.00000
  2.88000      0.01455      0.00000
  2.89000      0.01448      0.00000
  2.90000      0.01440      0.00000
  2.91000      0.01433      0.00000
  2.92000      0.01426      0.00000
  2.93000      0.01419      0.00000
  2.94000      0.01411      0.00000
  2.95000      0.01404      0.00000
  2.96000      0.01397      0.00000
  2.97000      0.01391      0.00000
  2.98000      0.01384      0.00000
  2.99000      0.01377      0.00000
  3.00000      0.01370      0.00000
  3.01000      0.01364      0.00000
  3.02000      0.01357      0.00000
  3.03000      0.01350      0.00000
  3.04000      0.01344      0.00000
  3.05000      0.01338      0.00000
  3.06000      0.01331      0.00000
  3.07000      0.01325      0.00000
  3.08000      0.01319      0.00000
  3.09000      0.01313      0.00000
  3.10000      0.01307      0.00000
  3.11000      0.01301      0.00000
  3.12000      0.01295      0.00000
  3.13000      0.01289      0.00000
  3.14000      0.01283      0.00000
  3.15000      0.01277      0.00000
  3.16000      0.01271      0.00000
  3.17000      0.01266      0.00000
  3.18000      0.01260      0.00000
  3.19000      0.01254      0.00000
  3.20000      0.01249      0.00000
  3.21000      0.01243      0.00000
  3.22000      0.01238      0.00000
  3.23000      0.01233      0.00000
  3.24000      0.01227      0.00000
  3.25000      0.01222      0.00000
  3.26000      0.01217      0.00000
  3.27000      0.01212      0.00000
  3.28000      0.01206      0.00000
  3.29000      0.01201      0.00000
  3.30000      0.01196      0.00000
  3.31000      0.01191      0.00000
  3.32000      0.01186      0.00000
  3.33000      0.01181      0.00000
  3.34000      0.01177      0.00000
  3.35000      0.01172      0.00000
  3.36000      0.01167      0.00000
  3.37000      0.01162      0.00000
  3.38000      0.01158      0.00000
  3.39000      0.01153      0.00000
  3.40000      0.01148      0.00000
  3.41000      0.01144      0.00000
  3.42000      0.01139      0.00000
  3.43000      0.01135      0.00000
  3.44000      0.01130      0.00000
  3.45000      0.01126      0.00000
  3.46000      0.01122      0.00000
  3.47000      0.01117      0.00000
  3.48000      0.01113      0.00000
  3.49000      0.01109      0.00000
  3.50000      0.01105      0.00000
  3.51000      0.01100      0.00000
  3.52000      0.01096      0.00000
  3.53000      0.01092      0.00000
  3.54000      0.01088      0.00000
  3.55000      0.01084      0.00000
  3.56000      0.01080      0.00000
  3.57000      0.01076      0.00000
  3.58000      0.01072      0.00000
  3.59000      0.01068      0.00000
  3.60000      0.01065      0.00000
  3.61000      0.01061      0.00000
  3.62000      0.01057      0.00000
  3.63000      0.01053      0.00000
  3.64000      0.01049      0.00000
  3.65000      0.01046      0.00000
  3.66000      0.01042      0.00000
  3.67000      0.01038      0.00000
  3.68000      0.01035      0.00000
  3.69000      0.01031      0.00000
  3.70000      0.01028      0.00000
  3.71000      0.01024      0.00000
  3.72000      0.01025      0.00000
  3.73000      0.01021      0.00000
  3.74000      0.01018      0.00000
  3.75000      0.01014      0.00000
  3.76000      0.01011      0.00000
  3.77000      0.01008      0.00000
  3.78000      0.01004      0.00000
  3.79000      0.01001      0.00000
  3.80000      0.00998      0.00000
  3.81000      0.00995      0.00000
  3.82000      0.00992      0.00000
  3.83000      0.00988      0.00000
  3.84000      0.00985      0.00000
  3.85000      0.00982      0.00000
  3.86000      0.00979      0.00000
  3.87000      0.00980      0.00000
  3.88000      0.00977      0.00000
  3.89000      0.00974      0.00000
  3.90000      0.00971      0.00000
  3.91000      0.00968      0.00000
  3.92000      0.00965      0.00000
  3.93000      0.00962      0.00000
  3.94000      0.00959      0.00000
  3.95000      0.00957      0.00000
  3.96000      0.00954      0.00000
  3.97000      0.00951      0.00000
  3.98000      0.00948      0.00000
  3.99000      0.00946      0.00000
  4.00000      0.00943      0.00000
  4.01000      0.00940      0.00000
  4.02000      0.00938      0.00000
  4.03000      0.00935      0.00000
  4.04000      0.00932      0.00000
  4.05000      0.00930      0.00000
  4.06000      0.00927      0.00000
  4.07000      0.00925      0.00000
  4.08000      0.00922      0.00000
  4.09000      0.00920      0.00000
  4.10000      0.00917      0.00000
  4.11000      0.00915      0.00000
  4.12000      0.00912      0.00000
  4.13000      0.00910      0.00000
  4.14000      0.00907      0.00000
  4.15000      0.00905      0.00000
  4.16000      0.00903      0.00000
  4.17000      0.00900      0.00000
  4.18000      0.00898      0.00000
  4.19000      0.00896      0.00000
  4.20000      0.00894      0.00000
  4.21000      0.00891      0.00000
  4.22000      0.00889      0.00000
  4.23000      0.00887      0.00000
  4.24000      0.00885      0.00000
  4.25000      0.00883      0.00000
  4.26000      0.00881      0.00000
  4.27000      0.00878      0.00000
  4.28000      0.00876      0.00000
  4.29000      0.00874      0.00000
  4.30000      0.00872      0.00000
  4.31000      0.00870      0.00000
  4.32000      0.00868      0.00000
  4.33000      0.00866      0.00000
  4.34000      0.00864      0.00000
  4.35000      0.00862      0.00000
  4.36000      0.00860      0.00000
  4.37000      0.00858      0.00000
  4.38000      0.00856      0.00000
  4.39000      0.00855      0.00000
  4.40000      0.00857      0.00000
  4.41000      0.00855      0.00000
  4.42000      0.00853      0.00000
  4.43000      0.00851      0.00000
  4.44000      0.00849      0.00000
  4.45000      0.00848      0.00000
  4.46000      0.00846      0.00000
  4.47000      0.00844      0.00000
  4.48000      0.00842      0.00000
  4.49000      0.00841      0.00000
  4.50000      0.00839      0.00000
  4.51000      0.00837      0.00000
  4.52000      0.00836      0.00000
  4.53000      0.00834      0.00000
  4.54000      0.00833      0.00000
  4.55000      0.00831      0.00000
  4.56000      0.00829      0.00000
  4.57000      0.00828      0.00000
  4.58000      0.00826      0.00000
  4.59000      0.00825      0.00000
  4.60000      0.00823      0.00000
  4.61000      0.00822      0.00000
  4.62000      0.00821      0.00000
  4.63000      0.00819      0.00000
  4.64000      0.00818      0.00000
  4.65000      0.00816      0.00000
  4.66000      0.00815      0.00000
  4.67000      0.00814      0.00000
  4.68000      0.00812      0.00000
  4.69000      0.00811      0.00000
  4.70000      0.00810      0.00000
  4.71000      0.00808      0.00000
  4.72000      0.00807      0.00000
  4.73000      0.00806      0.00000
  4.74000      0.00808      0.00000
  4.75000      0.00807      0.00000
  4.76000      0.00806      0.00000
  4.77000      0.00805      0.00000
  4.78000      0.00804      0.00000
  4.79000      0.00803      0.00000
  4.80000      0.00802      0.00000
  4.81000      0.00801      0.00000
  4.82000      0.00800      0.00000
  4.83000      0.00799      0.00000
  4.84000      0.00798      0.00000
  4.85000      0.00797      0.00000
  4.86000      0.00796      0.00000
  4.87000      0.00795      0.00000
  4.88000      0.00794      0.00000
  4.89000      0.00793      0.00000
  4.90000      0.00792      0.00000
  4.91000      0.00792      0.00000
  4.92000      0.00791      0.00000
  4.93000      0.00792      0.00000
  4.94000      0.00792      0.00000
  4.95000      0.00791      0.00000
  4.96000      0.00790      0.00000
  4.97000      0.00790      0.00000
  4.98000      0.00789      0.00000
  4.99000      0.00788      0.00000
  5.00000      0.00788      0.00000
  5.01000      0.00787      0.00000
  5.02000      0.00787      0.00000
  5.03000      0.00786      0.00000
  5.04000      0.00786      0.00000
  5.05000      0.00785      0.00000
  5.06000      0.00785      0.00000
  5.07000      0.00788      0.00000
  5.08000      0.00788      0.00000
  5.09000      0.00788      0.00000
  5.10000      0.00791      0.00000
  5.11000      0.00791      0.00000
  5.12000      0.00791      0.00000
  5.13000      0.00791      0.00000
  5.14000      0.00791      0.00000
  5.15000      0.00791      0.00000
  5.16000      0.00791      0.00000
  5.17000      0.00791      0.00000
  5.18000      0.00791      0.00000
  5.19000      0.00792      0.00000
  5.20000      0.00792      0.00000
  5.21000      0.00793      0.00000
  5.22000      0.00793      0.00000
  5.23000      0.00794      0.00000
  5.24000      0.00795      0.00000
  5.25000      0.00797      0.00000
  5.26000      0.00799      0.00000
  5.27000      0.00804      0.00000
  5.28000      0.00817      0.00000
  5.29000      0.00863      0.00000
  5.30000      0.00973      0.00000
  5.31000      0.01110      0.00000
  5.32000      0.01122      0.00000
  5.33000      0.00992      0.00000
  5.34000      0.00876      0.00000
  5.35000      0.00825      0.00000
  5.36000      0.00810      0.00000
  5.37000      0.00806      0.00000
  5.38000      0.00805      0.00000
  5.39000      0.00805      0.00000
  5.40000      0.00805      0.00000
  5.41000      0.00806      0.00000
  5.42000      0.00806      0.00000
  5.43000      0.00807      0.00000
  5.44000      0.00809      0.00000
  5.45000      0.00810      0.00000
  5.46000      0.00811      0.00000
  5.47000      0.00813      0.00000
  5.48000      0.00822      0.00000
  5.49000      0.00824      0.00000
  5.50000      0.00826      0.00000
  5.51000      0.00828      0.00000
  5.52000      0.00830      0.00000
  5.53000      0.00833      0.00000
  5.54000      0.00835      0.00000
  5.55000      0.00838      0.00000
  5.56000      0.00841      0.00000
  5.57000      0.00844      0.00000
  5.58000      0.00847      0.00000
  5.59000      0.00850      0.00000
  5.60000      0.00854      0.00000
  5.61000      0.00858      0.00000
  5.62000      0.00862      0.00000
  5.63000      0.00866      0.00000
  5.64000      0.00871      0.00000
  5.65000      0.00875      0.00000
  5.66000      0.00881      0.00000
  5.67000      0.00886      0.00000
  5.68000      0.00892      0.00000
  5.69000      0.00898      0.00000
  5.70000      0.00905      0.00000
  5.71000      0.00912      0.00000
  5.72000      0.00920      0.00000
  5.73000      0.00929      0.00000
  5.74000      0.00938      0.00000
  5.75000      0.00948      0.00000
  5.76000      0.00959      0.00000
  5.77000      0.00971      0.00000
  5.78000      0.00985      0.00000
  5.79000      0.00999      0.00000
  5.80000      0.01016      0.00000
  5.81000      0.01034      0.00000
  5.82000      0.01055      0.00000
  5.83000      0.01079      0.00000
  5.84000      0.01107      0.00000
  5.85000      0.01138      0.00000
  5.86000      0.01176      0.00000
  5.87000      0.01221      0.00000
  5.88000      0.01275      0.00000
  5.89000      0.01342      0.00000
  5.90000      0.01429      0.00000
  5.91000      0.01537      0.00000
  5.92000      0.01679      0.00000
  5.93000      0.01874      0.00000
  5.94000      0.02150      0.00000
  5.95000      0.02568      0.00000
  5.96000      0.03315      0.00000
  5.97000      0.05347      0.00000
  5.98000      0.12452      0.00000
  5.99000      0.31619      0.00000
  6.00000      0.61137      0.00000
  6.01000      0.73810      0.00000
  6.02000      0.51125      0.00000
  6.03000      0.23469      0.00000
  6.04000      0.09067      0.00000
  6.05000      0.04410      0.00000
  6.06000      0.03067      0.00000
  6.07000      0.02506      0.00000
  6.08000      0.02178      0.00000
  6.09000      0.01966      0.00000
  6.10000      0.01824      0.00000
  6.11000      0.01727      0.00000
  6.12000      0.01661      0.00000
  6.13000      0.01617      0.00000
  6.14000      0.01589      0.00000
  6.15000      0.01575      0.00000
  6.16000      0.01570      0.00000
  6.17000      0.01573      0.00000
  6.18000      0.01584      0.00000
  6.19000      0.01602      0.00000
  6.20000      0.01625      0.00000
  6.21000      0.01657      0.00000
  6.22000      0.01696      0.00000
  6.23000      0.01736      0.00000
  6.24000      0.01783      0.00000
  6.25000      0.01835      0.00000
  6.26000      0.01895      0.00000
  6.27000      0.01962      0.00000
  6.28000      0.02037      0.00000
  6.29000      0.02121      0.00000
  6.30000      0.02216      0.00000
  6.31000      0.02323      0.00000
  6.32000      0.02444      0.00000
  6.33000      0.02581      0.00000
  6.34000      0.02737      0.00000
  6.35000      0.02915      0.00000
  6.36000      0.03120      0.00000
  6.37000      0.03358      0.00000
  6.38000      0.03635      0.00000
  6.39000      0.03961      0.00000
  6.40000      0.04350      0.00000
  6.41000      0.04817      0.00000
  6.42000      0.05387      0.00000
  6.43000      0.06093      0.00000
  6.44000      0.06985      0.00000
  6.45000      0.08137      0.00000
  6.46000      0.09669      0.00000
  6.47000      0.11780      0.00000
  6.48000      0.14866      0.00000
  6.49000      0.20246      0.00000
  6.50000      0.34283      0.00000
  6.51000      0.79125      0.00000
  6.52000      1.87181      0.00000
  6.53000      3.31864      0.00000
  6.54000      3.65554      0.00000
  6.55000      2.50528      0.00000
  6.56000      1.63422      0.00000
  6.57000      2.27598      0.00000
  6.58000      4.94483      0.00000
  6.59000      8.36608      0.00000
  6.60000      8.51649      0.00000
  6.61000      5.10454      0.00000
  6.62000      2.12396      0.00000
  6.63000      0.79318      0.00000
  6.64000      0.38620      0.00000
  6.65000      0.25397      0.00000
  6.66000      0.18838      0.00000
  6.67000      0.14674      0.00000
  6.68000      0.11809      0.00000
  6.69000      0.09755      0.00000
  6.70000      0.08234      0.00000
  6.71000      0.07078      0.00000
  6.72000      0.06180      0.00000
  6.73000      0.05470      0.00000
  6.74000      0.04899      0.00000
  6.75000      0.04436      0.00000
  6.76000      0.04055      0.00000
  6.77000      0.03740      0.00000
  6.78000      0.03477      0.00000
  6.79000      0.03256      0.00000
  6.80000      0.03072      0.00000
  6.81000      0.02918      0.00000
  6.82000      0.02790      0.00000
  6.83000      0.02684      0.00000
  6.84000      0.02598      0.00000
  6.85000      0.02530      0.00000
  6.86000      0.02478      0.00000
  6.87000      0.02442      0.00000
  6.88000      0.02417      0.00000
  6.89000      0.02412      0.00000
  6.90000      0.02422      0.00000
  6.91000      0.02449      0.00000
  6.92000      0.02494      0.00000
  6.93000      0.02559      0.00000
  6.94000      0.02649      0.00000
  6.95000      0.02766      0.00000
  6.96000      0.02918      0.00000
  6.97000      0.03113      0.00000
  6.98000      0.03362      0.00000
  6.99000      0.03683      0.00000
  7.00000      0.04101      0.00000
  7.01000      0.04652      0.00000
  7.02000      0.05393      0.00000
  7.03000      0.06418      0.00000
  7.04000      0.07880      0.00000
  7.05000      0.10065      0.00000
  7.06000      0.13719      0.00000
  7.07000      0.22166      0.00000
  7.08000      0.50149      0.00000
  7.09000      1.33760      0.00000
  7.10000      2.91293      0.00000
  7.11000      4.19031      0.00000
  7.12000      3.45000      0.00000
  7.13000      1.77131      0.00000
  7.14000      0.68269      0.00000
  7.15000      0.27254      0.00000
  7.16000      0.15172      0.00000
  7.17000      0.10651      0.00000
  7.18000      0.08143      0.00000
  7.19000      0.06504      0.00000
  7.20000      0.05374      0.00000
  7.21000      0.04559      0.00000
  7.22000      0.03956      0.00000
  7.23000      0.03500      0.00000
  7.24000      0.03147      0.00000
  7.25000      0.02871      0.00000
  7.26000      0.02653      0.00000
  7.27000      0.02482      0.00000
  7.28000      0.02343      0.00000
  7.29000      0.02232      0.00000
  7.30000      0.02145      0.00000
  7.31000      0.02077      0.00000
  7.32000      0.02026      0.00000
  7.33000      0.01991      0.00000
  7.34000      0.01969      0.00000
  7.35000      0.01967      0.00000
  7.36000      0.01973      0.00000
  7.37000      0.01992      0.00000
  7.38000      0.02026      0.00000
  7.39000      0.02079      0.00000
  7.40000      0.02147      0.00000
  7.41000      0.02239      0.00000
  7.42000      0.02353      0.00000
  7.43000      0.02497      0.00000
  7.44000      0.02681      0.00000
  7.45000      0.02914      0.00000
  7.46000      0.03213      0.00000
  7.47000      0.03603      0.00000
  7.48000      0.04119      0.00000
  7.49000      0.04819      0.00000
  7.50000      0.05798      0.00000
  7.51000      0.07226      0.00000
  7.52000      0.09533      0.00000
  7.53000      0.14544      0.00000
  7.54000      0.30037      0.00000
  7.55000      0.74635      0.00000
  7.56000      1.57768      0.00000
  7.57000      2.28646      0.00000
  7.58000      2.09904      0.00000
  7.59000      1.72709      0.00000
  7.60000      1.81633      0.00000
  7.61000      1.72579      0.00000
  7.62000      1.07778      0.00000
  7.63000      0.48811      0.00000
  7.64000      0.20520      0.00000
  7.65000      0.11034      0.00000
  7.66000      0.07676      0.00000
  7.67000      0.05936      0.00000
  7.68000      0.04802      0.00000
  7.69000      0.04005      0.00000
  7.70000      0.03422      0.00000
  7.71000      0.02982      0.00000
  7.72000      0.02642      0.00000
  7.73000      0.02373      0.00000
  7.74000      0.02157      0.00000
  7.75000      0.01980      0.00000
  7.76000      0.01833      0.00000
  7.77000      0.01711      0.00000
  7.78000      0.01607      0.00000
  7.79000      0.01518      0.00000
  7.80000      0.01442      0.00000
  7.81000      0.01376      0.00000
  7.82000      0.01318      0.00000
  7.83000      0.01268      0.00000
  7.84000      0.01223      0.00000
  7.85000      0.01179      0.00000
  7.86000      0.01144      0.00000
  7.87000      0.01112      0.00000
  7.88000      0.01084      0.00000
  7.89000      0.01058      0.00000
  7.90000      0.01035      0.00000
  7.91000      0.01015      0.00000
  7.92000      0.00996      0.00000
  7.93000      0.00979      0.00000
  7.94000      0.00963      0.00000
  7.95000      0.00949      0.00000
  7.96000      0.00936      0.00000
  7.97000      0.00924      0.00000
  7.98000      0.00913      0.00000
  7.99000      0.00903      0.00000
  8.00000      0.00894      0.00000
  8.01000      0.00886      0.00000
  8.02000      0.00878      0.00000
  8.03000      0.00871      0.00000
  8.04000      0.00865      0.00000
  8.05000      0.00859      0.00000
  8.06000      0.00850      0.00000
  8.07000      0.00842      0.00000
  8.08000      0.00838      0.00000
  8.09000      0.00834      0.00000
  8.10000      0.00831      0.00000
  8.11000      0.00829      0.00000
  8.12000      0.00827      0.00000
  8.13000      0.00825      0.00000
  8.14000      0.00827      0.00000
  8.15000      0.00827      0.00000
  8.16000      0.00827      0.00000
  8.17000      0.00827      0.00000
  8.18000      0.00828      0.00000
  8.19000      0.00830      0.00000
  8.20000      0.00828      0.00000
  8.21000      0.00828      0.00000
  8.22000      0.00832      0.00000
  8.23000      0.00837      0.00000
  8.24000      0.00843      0.00000
  8.25000      0.00850      0.00000
  8.26000      0.00858      0.00000
  8.27000      0.00869      0.00000
  8.28000      0.00881      0.00000
  8.29000      0.00895      0.00000
  8.30000      0.00912      0.00000
  8.31000      0.00933      0.00000
  8.32000      0.00958      0.00000
  8.33000      0.00988      0.00000
  8.34000      0.01026      0.00000
  8.35000      0.01073      0.00000
  8.36000      0.01133      0.00000
  8.37000      0.01210      0.00000
  8.38000      0.01313      0.00000
  8.39000      0.01452      0.00000
  8.40000      0.01647      0.00000
  8.41000      0.01934      0.00000
  8.42000      0.02392      0.00000
  8.43000      0.03311      0.00000
  8.44000      0.06042      0.00000
  8.45000      0.14538      0.00000
  8.46000      0.32968      0.00000
  8.47000      0.53772      0.00000
  8.48000      0.52424      0.00000
  8.49000      0.30927      0.00000
  8.50000      0.13351      0.00000
  8.51000      0.05597      0.00000
  8.52000      0.03150      0.00000
  8.53000      0.02306      0.00000
  8.54000      0.01881      0.00000
  8.55000      0.01612      0.00000
  8.56000      0.01422      0.00000
  8.57000      0.01289      0.00000
  8.58000      0.01192      0.00000
  8.59000      0.01111      0.00000
  8.60000      0.01054      0.00000
  8.61000      0.01003      0.00000
  8.62000      0.00967      0.00000
  8.63000      0.00939      0.00000
  8.64000      0.00916      0.00000
  8.65000      0.00897      0.00000
  8.66000      0.00881      0.00000
  8.67000      0.00871      0.00000
  8.68000      0.00860      0.00000
  8.69000      0.00851      0.00000
  8.70000      0.00843      0.00000
  8.71000      0.00833      0.00000
  8.72000      0.00827      0.00000
  8.73000      0.00823      0.00000
  8.74000      0.00819      0.00000
  8.75000      0.00816      0.00000
  8.76000      0.00813      0.00000
  8.77000      0.00811      0.00000
  8.78000      0.00810      0.00000
  8.79000      0.00808      0.00000
  8.80000      0.00811      0.00000
  8.81000      0.00811      0.00000
  8.82000      0.00814      0.00000
  8.83000      0.00814      0.00000
  8.84000      0.00815      0.00000
  8.85000      0.00816      0.00000
  8.86000      0.00817      0.00000
  8.87000      0.00818      0.00000
  8.88000      0.00819      0.00000
  8.89000      0.00821      0.00000
  8.90000      0.00823      0.00000
  8.91000      0.00825      0.00000
  8.92000      0.00827      0.00000
  8.93000      0.00830      0.00000
  8.94000      0.00833      0.00000
  8.95000      0.00836      0.00000
  8.96000      0.00839      0.00000
  8.97000      0.00842      0.00000
  8.98000      0.00846      0.00000
  8.99000      0.00850      0.00000
  9.00000      0.00855      0.00000
  9.01000      0.00860      0.00000
  9.02000      0.00865      0.00000
  9.03000      0.00871      0.00000
  9.04000      0.00877      0.00000
  9.05000      0.00884      0.00000
  9.06000      0.00891      0.00000
  9.07000      0.00900      0.00000
  9.08000      0.00909      0.00000
  9.09000      0.00919      0.00000
  9.10000      0.00931      0.00000
  9.11000      0.00941      0.00000
  9.12000      0.00956      0.00000
  9.13000      0.00974      0.00000
  9.14000      0.00999      0.00000
  9.15000      0.01024      0.00000
  9.16000      0.01054      0.00000
  9.17000      0.01092      0.00000
  9.18000      0.01140      0.00000
  9.19000      0.01202      0.00000
  9.20000      0.01285      0.00000
  9.21000      0.01404      0.00000
  9.22000      0.01570      0.00000
  9.23000      0.01833      0.00000
  9.24000      0.02362      0.00000
  9.25000      0.03908      0.00000
  9.26000      0.08569      0.00000
  9.27000      0.18379      0.00000
  9.28000      0.29089      0.00000
  9.29000      0.27869      0.00000
  9.30000      0.16557      0.00000
  9.31000      0.07534      0.00000
  9.32000      0.03565      0.00000
  9.33000      0.02294      0.00000
  9.34000      0.01851      0.00000
  9.35000      0.01625      0.00000
  9.36000      0.01479      0.00000
  9.37000      0.01387      0.00000
  9.38000      0.01325      0.00000
  9.39000      0.01283      0.00000
  9.40000      0.01255      0.00000
  9.41000      0.01238      0.00000
  9.42000      0.01228      0.00000
  9.43000      0.01225      0.00000
  9.44000      0.01227      0.00000
  9.45000      0.01234      0.00000
  9.46000      0.01249      0.00000
  9.47000      0.01267      0.00000
  9.48000      0.01291      0.00000
  9.49000      0.01317      0.00000
  9.50000      0.01348      0.00000
  9.51000      0.01387      0.00000
  9.52000      0.01433      0.00000
  9.53000      0.01488      0.00000
  9.54000      0.01557      0.00000
  9.55000      0.01641      0.00000
  9.56000      0.01747      0.00000
  9.57000      0.01885      0.00000
  9.58000      0.02073      0.00000
  9.59000      0.02373      0.00000
  9.60000      0.03012      0.00000
  9.61000      0.04476      0.00000
  9.62000      0.06967      0.00000
  9.63000      0.09108      0.00000
  9.64000      0.08850      0.00000
  9.65000      0.08156      0.00000
  9.66000      0.10504      0.00000
  9.67000      0.21686      0.00000
  9.68000      0.51202      0.00000
  9.69000      0.96718      0.00000
  9.70000      1.18193      0.00000
  9.71000      0.84154      0.00000
  9.72000      0.40770      0.00000
  9.73000      0.16760      0.00000
  9.74000      0.08131      0.00000
  9.75000      0.05339      0.00000
  9.76000      0.04108      0.00000
  9.77000      0.03375      0.00000
  9.78000      0.02888      0.00000
  9.79000      0.02548      0.00000
  9.80000      0.02302      0.00000
  9.81000      0.02121      0.00000
  9.82000      0.01984      0.00000
  9.83000      0.01880      0.00000
  9.84000      0.01799      0.00000
  9.85000      0.01736      0.00000
  9.86000      0.01686      0.00000
  9.87000      0.01648      0.00000
  9.88000      0.01619      0.00000
  9.89000      0.01596      0.00000
  9.90000      0.01580      0.00000
  9.91000      0.01569      0.00000
  9.92000      0.01562      0.00000
  9.93000      0.01559      0.00000
  9.94000      0.01559      0.00000
  9.95000      0.01566      0.00000
  9.96000      0.01573      0.00000
  9.97000      0.01582      0.00000
  9.98000      0.01594      0.00000
  9.99000      0.01609      0.00000
 10.00000      0.01627      0.00000
 10.01000      0.01647      0.00000
 10.02000      0.01671      0.00000
 10.03000      0.01700      0.00000
 10.04000      0.01730      0.00000
 10.05000      0.01767      0.00000
 10.06000      0.01804      0.00000
 10.07000      0.01845      0.00000
 10.08000      0.01892      0.00000
 10.09000      0.01943      0.00000
 10.10000      0.02001      0.00000
 10.11000      0.02071      0.00000
 10.12000      0.02144      0.00000
 10.13000      0.02227      0.00000
 10.14000      0.02321      0.00000
 10.15000      0.02427      0.00000
 10.16000      0.02550      0.00000
 10.17000      0.02692      0.00000
 10.18000      0.02857      0.00000
 10.19000      0.03052      0.00000
 10.20000      0.03279      0.00000
 10.21000      0.03556      0.00000
 10.22000      0.03893      0.00000
 10.23000      0.04308      0.00000
 10.24000      0.04828      0.00000
 10.25000      0.05496      0.00000
 10.26000      0.06363      0.00000
 10.27000      0.07527      0.00000
 10.28000      0.09139      0.00000
 10.29000      0.11460      0.00000
 10.30000      0.15027      0.00000
 10.31000      0.21555      0.00000
 10.32000      0.38529      0.00000
 10.33000      0.90443      0.00000
 10.34000      2.13630      0.00000
 10.35000      3.86062      0.00000
 10.36000      4.39769      0.00000
 10.37000      2.94517      0.00000
 10.38000      1.37597      0.00000
 10.39000      0.55880      0.00000
 10.40000      0.27097      0.00000
 10.41000      0.17429      0.00000
 10.42000      0.12934      0.00000
 10.43000      0.10200      0.00000
 10.44000      0.08369      0.00000
 10.45000      0.07089      0.00000
 10.46000      0.06166      0.00000
 10.47000      0.05486      0.00000
 10.48000      0.04977      0.00000
 10.49000      0.04593      0.00000
 10.50000      0.04307      0.00000
 10.51000      0.04091      0.00000
 10.52000      0.03936      0.00000
 10.53000      0.03833      0.00000
 10.54000      0.03786      0.00000
 10.55000      0.03778      0.00000
 10.56000      0.03813      0.00000
 10.57000      0.03903      0.00000
 10.58000      0.04065      0.00000
 10.59000      0.04330      0.00000
 10.60000      0.04837      0.00000
 10.61000      0.06129      0.00000
 10.62000      0.09525      0.00000
 10.63000      0.15924      0.00000
 10.64000      0.22094      0.00000
 10.65000      0.20740      0.00000
 10.66000      0.14818      0.00000
 10.67000      0.11103      0.00000
 10.68000      0.10772      0.00000
 10.69000      0.13060      0.00000
 10.70000      0.19680      0.00000
 10.71000      0.40266      0.00000
 10.72000      0.94407      0.00000
 10.73000      1.85467      0.00000
 10.74000      2.46187      0.00000
 10.75000      1.91987      0.00000
 10.76000      1.02123      0.00000
 10.77000      0.50791      0.00000
 10.78000      0.36416      0.00000
 10.79000      0.31994      0.00000
 10.80000      0.22807      0.00000
 10.81000      0.14050      0.00000
 10.82000      0.09165      0.00000
 10.83000      0.07051      0.00000
 10.84000      0.06069      0.00000
 10.85000      0.05492      0.00000
 10.86000      0.05111      0.00000
 10.87000      0.04857      0.00000
 10.88000      0.04694      0.00000
 10.89000      0.04603      0.00000
 10.90000      0.04575      0.00000
 10.91000      0.04595      0.00000
 10.92000      0.04664      0.00000
 10.93000      0.04782      0.00000
 10.94000      0.04952      0.00000
 10.95000      0.05181      0.00000
 10.96000      0.05477      0.00000
 10.97000      0.05856      0.00000
 10.98000      0.06337      0.00000
 10.99000      0.06953      0.00000
 11.00000      0.07746      0.00000
 11.01000      0.08785      0.00000
 11.02000      0.10173      0.00000
 11.03000      0.12075      0.00000
 11.04000      0.14770      0.00000
 11.05000      0.18772      0.00000
 11.06000      0.25364      0.00000
 11.07000      0.39650      0.00000
 11.08000      0.81570      0.00000
 11.09000      1.96278      0.00000
 11.10000      4.07600      0.00000
 11.11000      5.89682      0.00000
 11.12000      5.02336      0.00000
 11.13000      2.74463      0.00000
 11.14000      1.17302      0.00000
 11.15000      0.51694      0.00000
 11.16000      0.29989      0.00000
 11.17000      0.21512      0.00000
 11.18000      0.16922      0.00000
 11.19000      0.14045      0.00000
 11.20000      0.12190      0.00000
 11.21000      0.11030      0.00000
 11.22000      0.10406      0.00000
 11.23000      0.10265      0.00000
 11.24000      0.10651      0.00000
 11.25000      0.11795      0.00000
 11.26000      0.14654      0.00000
 11.27000      0.23349      0.00000
 11.28000      0.49268      0.00000
 11.29000      1.04255      0.00000
 11.30000      1.68025      0.00000
 11.31000      1.67478      0.00000
 11.32000      1.03098      0.00000
 11.33000      0.47967      0.00000
 11.34000      0.21901      0.00000
 11.35000      0.12888      0.00000
 11.36000      0.09587      0.00000
 11.37000      0.07886      0.00000
 11.38000      0.06800      0.00000
 11.39000      0.06054      0.00000
 11.40000      0.05520      0.00000
 11.41000      0.05128      0.00000
 11.42000      0.04834      0.00000
 11.43000      0.04610      0.00000
 11.44000      0.04439      0.00000
 11.45000      0.04307      0.00000
 11.46000      0.04207      0.00000
 11.47000      0.04132      0.00000
 11.48000      0.04078      0.00000
 11.49000      0.04042      0.00000
 11.50000      0.04022      0.00000
 11.51000      0.04016      0.00000
 11.52000      0.04023      0.00000
 11.53000      0.04044      0.00000
 11.54000      0.04077      0.00000
 11.55000      0.04124      0.00000
 11.56000      0.04185      0.00000
 11.57000      0.04262      0.00000
 11.58000      0.04356      0.00000
 11.59000      0.04472      0.00000
 11.60000      0.04610      0.00000
 11.61000      0.04782      0.00000
 11.62000      0.04994      0.00000
 11.63000      0.05256      0.00000
 11.64000      0.05588      0.00000
 11.65000      0.06016      0.00000
 11.66000      0.06581      0.00000
 11.67000      0.07352      0.00000
 11.68000      0.08437      0.00000
 11.69000      0.10084      0.00000
 11.70000      0.12996      0.00000
 11.71000      0.20142      0.00000
 11.72000      0.41129      0.00000
 11.73000      0.90858      0.00000
 11.74000      1.63297      0.00000
 11.75000      1.92723      0.00000
 11.76000      1.35872      0.00000
 11.77000      0.68300      0.00000
 11.78000      0.31097      0.00000
 11.79000      0.17356      0.00000
 11.80000      0.12772      0.00000
 11.81000      0.10824      0.00000
 11.82000      0.09798      0.00000
 11.83000      0.09282      0.00000
 11.84000      0.09128      0.00000
 11.85000      0.09290      0.00000
 11.86000      0.09783      0.00000
 11.87000      0.10711      0.00000
 11.88000      0.12318      0.00000
 11.89000      0.15532      0.00000
 11.90000      0.24212      0.00000
 11.91000      0.49432      0.00000
 11.92000      1.04394      0.00000
 11.93000      1.73370      0.00000
 11.94000      1.82749      0.00000
 11.95000      1.18356      0.00000
 11.96000      0.57719      0.00000
 11.97000      0.27469      0.00000
 11.98000      0.16758      0.00000
 11.99000      0.13016      0.00000
 12.00000      0.11318      0.00000
 12.01000      0.10558      0.00000
 12.02000      0.10494      0.00000
 12.03000      0.10667      0.00000
 12.04000      0.10222      0.00000
 12.05000      0.09348      0.00000
 12.06000      0.08736      0.00000
 12.07000      0.08478      0.00000
 12.08000      0.08424      0.00000
 12.09000      0.08464      0.00000
 12.10000      0.08556      0.00000
 12.11000      0.08682      0.00000
 12.12000      0.08842      0.00000
 12.13000      0.09029      0.00000
 12.14000      0.09249      0.00000
 12.15000      0.09496      0.00000
 12.16000      0.09774      0.00000
 12.17000      0.10088      0.00000
 12.18000      0.10440      0.00000
 12.19000      0.10833      0.00000
 12.20000      0.11275      0.00000
 12.21000      0.11776      0.00000
 12.22000      0.12356      0.00000
 12.23000      0.13054      0.00000
 12.24000      0.14001      0.00000
 12.25000      0.15707      0.00000
 12.26000      0.19406      0.00000
 12.27000      0.26080      0.00000
 12.28000      0.32993      0.00000
 12.29000      0.32705      0.00000
 12.30000      0.27035      0.00000
 12.31000      0.22964      0.00000
 12.32000      0.21879      0.00000
 12.33000      0.22519      0.00000
 12.34000      0.23878      0.00000
 12.35000      0.25637      0.00000
 12.36000      0.27764      0.00000
 12.37000      0.30305      0.00000
 12.38000      0.33344      0.00000
 12.39000      0.37001      0.00000
 12.40000      0.41449      0.00000
 12.41000      0.46936      0.00000
 12.42000      0.53809      0.00000
 12.43000      0.62596      0.00000
 12.44000      0.74101      0.00000
 12.45000      0.89606      0.00000
 12.46000      1.11262      0.00000
 12.47000      1.43104      0.00000
 12.48000      1.95738      0.00000
 12.49000      3.10977      0.00000
 12.50000      6.36716      0.00000
 12.51000     14.61893      0.00000
 12.52000     28.57088      0.00000
 12.53000     38.67050      0.00000
 12.54000     31.16283      0.00000
 12.55000     17.09218      0.00000
 12.56000      8.28537      0.00000
 12.57000      5.55188      0.00000
 12.58000      7.07839      0.00000
 12.59000     12.22298      0.00000
 12.60000     18.72178      0.00000
 12.61000     20.61307      0.00000
 12.62000     18.98358      0.00000
 12.63000     17.43712      0.00000
 12.64000     13.63858      0.00000
 12.65000      8.01283      0.00000
 12.66000      4.00827      0.00000
 12.67000      2.11856      0.00000
 12.68000      1.38252      0.00000
 12.69000      1.05651      0.00000
 12.70000      0.86705      0.00000
 12.71000      0.74015      0.00000
 12.72000      0.65097      0.00000
 12.73000      0.58716      0.00000
 12.74000      0.54145      0.00000
 12.75000      0.50928      0.00000
 12.76000      0.48805      0.00000
 12.77000      0.47606      0.00000
 12.78000      0.47250      0.00000
 12.79000      0.47724      0.00000
 12.80000      0.49089      0.00000
 12.81000      0.51487      0.00000
 12.82000      0.55185      0.00000
 12.83000      0.60637      0.00000
 12.84000      0.68629      0.00000
 12.85000      0.80602      0.00000
 12.86000      0.99972      0.00000
 12.87000      1.39255      0.00000
 12.88000      2.46186      0.00000
 12.89000      5.34074      0.00000
 12.90000     10.87793      0.00000
 12.91000     16.46857      0.00000
 12.92000     15.26865      0.00000
 12.93000      9.10316      0.00000
 12.94000      4.34277      0.00000
 12.95000      2.18281      0.00000
 12.96000      1.45376      0.00000
 12.97000      1.20915      0.00000
 12.98000      1.11875      0.00000
 12.99000      1.10409      0.00000
 13.00000      1.14665      0.00000
 13.01000      1.24525      0.00000
 13.02000      1.41073      0.00000
 13.03000      1.67027      0.00000
 13.04000      2.09164      0.00000
 13.05000      2.92009      0.00000
 13.06000      5.10419      0.00000
 13.07000     11.00619      0.00000
 13.08000     22.71336      0.00000
 13.09000     35.48810      0.00000
 13.10000     34.46450      0.00000
 13.11000     21.40078      0.00000
 13.12000     10.73445      0.00000
 13.13000      5.89574      0.00000
 13.14000      4.54198      0.00000
 13.15000      4.58235      0.00000
 13.16000      5.43785      0.00000
 13.17000      7.76659      0.00000
 13.18000     14.69783      0.00000
 13.19000     33.30438      0.00000
 13.20000     67.86676      0.00000
 13.21000    100.00000      0.00000
 13.22000     88.70467      0.00000
 13.23000     50.66108      0.00000
 13.24000     22.69516      0.00000
 13.25000     10.15486      0.00000
 13.26000      5.71932      0.00000
 13.27000      3.94644      0.00000
 13.28000      2.98226      0.00000
 13.29000      2.36240      0.00000
 13.30000      1.93962      0.00000
 13.31000      1.64333      0.00000
 13.32000      1.43366      0.00000
 13.33000      1.28731      0.00000
 13.34000      1.19107      0.00000
 13.35000      1.13873      0.00000
 13.36000      1.13044      0.00000
 13.37000      1.17449      0.00000
 13.38000      1.30057      0.00000
 13.39000      1.62858      0.00000
 13.40000      2.56981      0.00000
 13.41000      4.91139      0.00000
 13.42000      8.86243      0.00000
 13.43000     11.91193      0.00000
 13.44000     10.52938      0.00000
 13.45000      8.56312      0.00000
 13.46000     10.75571      0.00000
 13.47000     17.18027      0.00000
 13.48000     21.20485      0.00000
 13.49000     16.05750      0.00000
 13.50000      8.50763      0.00000
 13.51000      3.88452      0.00000
 13.52000      1.98484      0.00000
 13.53000      1.29142      0.00000
 13.54000      0.97278      0.00000
 13.55000      0.78047      0.00000
 13.56000      0.64992      0.00000
 13.57000      0.55698      0.00000
 13.58000      0.48894      0.00000
 13.59000      0.43838      0.00000
 13.60000      0.40079      0.00000
 13.61000      0.37352      0.00000
 13.62000      0.35517      0.00000
 13.63000      0.34545      0.00000
 13.64000      0.34522      0.00000
 13.65000      0.35712      0.00000
 13.66000      0.38795      0.00000
 13.67000      0.46160      0.00000
 13.68000      0.67228      0.00000
 13.69000      1.27452      0.00000
 13.70000      2.55599      0.00000
 13.71000      4.15162      0.00000
 13.72000      4.36799      0.00000
 13.73000      2.86770      0.00000
 13.74000      1.43867      0.00000
 13.75000      0.70036      0.00000
 13.76000      0.42189      0.00000
 13.77000      0.31595      0.00000
 13.78000      0.26181      0.00000
 13.79000      0.22722      0.00000
 13.80000      0.20309      0.00000
 13.81000      0.18551      0.00000
 13.82000      0.17234      0.00000
 13.83000      0.16220      0.00000
 13.84000      0.15433      0.00000
 13.85000      0.14813      0.00000
 13.86000      0.14331      0.00000
 13.87000      0.13962      0.00000
 13.88000      0.13688      0.00000
 13.89000      0.13509      0.00000
 13.90000      0.13421      0.00000
 13.91000      0.13451      0.00000
 13.92000      0.13693      0.00000
 13.93000      0.14508      0.00000
 13.94000      0.16717      0.00000
 13.95000      0.20857      0.00000
 13.96000      0.24923      0.00000
 13.97000      0.24050      0.00000
 13.98000      0.19865      0.00000
 13.99000      0.16827      0.00000
 14.00000      0.15714      0.00000
 14.01000      0.15705      0.00000
 14.02000      0.16166      0.00000
 14.03000      0.16887      0.00000
 14.04000      0.17855      0.00000
 14.05000      0.19108      0.00000
 14.06000      0.20720      0.00000
 14.07000      0.22815      0.00000
 14.08000      0.25583      0.00000
 14.09000      0.29336      0.00000
 14.10000      0.34607      0.00000
 14.11000      0.42458      0.00000
 14.12000      0.55985      0.00000
 14.13000      0.87118      0.00000
 14.14000      1.71883      0.00000
 14.15000      3.64261      0.00000
 14.16000      6.45201      0.00000
 14.17000      7.74419      0.00000
 14.18000      5.68126      0.00000
 14.19000      3.07915      0.00000
 14.20000      1.62060      0.00000
 14.21000      1.18443      0.00000
 14.22000      1.44227      0.00000
 14.23000      2.50102      0.00000
 14.24000      4.36013      0.00000
 14.25000      5.71396      0.00000
 14.26000      4.68602      0.00000
 14.27000      2.75863      0.00000
 14.28000      1.51934      0.00000
 14.29000      1.04189      0.00000
 14.30000      0.95554      0.00000
 14.31000      1.04338      0.00000
 14.32000      1.28509      0.00000
 14.33000      1.87148      0.00000
 14.34000      3.53389      0.00000
 14.35000      7.80537      0.00000
 14.36000     15.46040      0.00000
 14.37000     22.24308      0.00000
 14.38000     19.39513      0.00000
 14.39000     11.09561      0.00000
 14.40000      5.08379      0.00000
 14.41000      2.35977      0.00000
 14.42000      1.36876      0.00000
 14.43000      0.96140      0.00000
 14.44000      0.73692      0.00000
 14.45000      0.59114      0.00000
 14.46000      0.49021      0.00000
 14.47000      0.41774      0.00000
 14.48000      0.36419      0.00000
 14.49000      0.32374      0.00000
 14.50000      0.29266      0.00000
 14.51000      0.26848      0.00000
 14.52000      0.24951      0.00000
 14.53000      0.23458      0.00000
 14.54000      0.22281      0.00000
 14.55000      0.21366      0.00000
 14.56000      0.20666      0.00000
 14.57000      0.20149      0.00000
 14.58000      0.19789      0.00000
 14.59000      0.19565      0.00000
 14.60000      0.19466      0.00000
 14.61000      0.19485      0.00000
 14.62000      0.19616      0.00000
 14.63000      0.19860      0.00000
 14.64000      0.20211      0.00000
 14.65000      0.20679      0.00000
 14.66000      0.21265      0.00000
 14.67000      0.21979      0.00000
 14.68000      0.22835      0.00000
 14.69000      0.23851      0.00000
 14.70000      0.25047      0.00000
 14.71000      0.26454      0.00000
 14.72000      0.28105      0.00000
 14.73000      0.30056      0.00000
 14.74000      0.32368      0.00000
 14.75000      0.35130      0.00000
 14.76000      0.38459      0.00000
 14.77000      0.42532      0.00000
 14.78000      0.47594      0.00000
 14.79000      0.54022      0.00000
 14.80000      0.62415      0.00000
 14.81000      0.73832      0.00000
 14.82000      0.90802      0.00000
 14.83000      1.22160      0.00000
 14.84000      1.96953      0.00000
 14.85000      3.71276      0.00000
 14.86000      6.65945      0.00000
 14.87000      9.11835      0.00000
 14.88000      8.10550      0.00000
 14.89000      5.50923      0.00000
 14.90000      4.00034      0.00000
 14.91000      4.03521      0.00000
 14.92000      5.86523      0.00000
 14.93000     11.62057      0.00000
 14.94000     25.33532      0.00000
 14.95000     46.81133      0.00000
 14.96000     59.80068      0.00000
 14.97000     45.96316      0.00000
 14.98000     24.52836      0.00000
 14.99000     11.06593      0.00000
 15.00000      5.37891      0.00000
 15.01000      3.29484      0.00000
 15.02000      2.37413      0.00000
 15.03000      1.84477      0.00000
 15.04000      1.50206      0.00000
 15.05000      1.27209      0.00000
 15.06000      1.11759      0.00000
 15.07000      1.01795      0.00000
 15.08000      0.96226      0.00000
 15.09000      0.94650      0.00000
 15.10000      0.97292      0.00000
 15.11000      1.05194      0.00000
 15.12000      1.21155      0.00000
 15.13000      1.54862      0.00000
 15.14000      2.42711      0.00000
 15.15000      4.79620      0.00000
 15.16000      9.72589      0.00000
 15.17000     15.94946      0.00000
 15.18000     17.14169      0.00000
 15.19000     11.61426      0.00000
 15.20000      6.22337      0.00000
 15.21000      3.71510      0.00000
 15.22000      3.83907      0.00000
 15.23000      6.09907      0.00000
 15.24000      9.34050      0.00000
 15.25000      9.94067      0.00000
 15.26000      6.76045      0.00000
 15.27000      3.56375      0.00000
 15.28000      1.82532      0.00000
 15.29000      1.13121      0.00000
 15.30000      0.86162      0.00000
 15.31000      0.73083      0.00000
 15.32000      0.65686      0.00000
 15.33000      0.61696      0.00000
 15.34000      0.60270      0.00000
 15.35000      0.61125      0.00000
 15.36000      0.64347      0.00000
 15.37000      0.70427      0.00000
 15.38000      0.80414      0.00000
 15.39000      0.96435      0.00000
 15.40000      1.23946      0.00000
 15.41000      1.82753      0.00000
 15.42000      3.39841      0.00000
 15.43000      7.30741      0.00000
 15.44000     14.23124      0.00000
 15.45000     20.43056      0.00000
 15.46000     18.00077      0.00000
 15.47000     10.51404      0.00000
 15.48000      4.99301      0.00000
 15.49000      2.43069      0.00000
 15.50000      1.48262      0.00000
 15.51000      1.10183      0.00000
 15.52000      0.90649      0.00000
 15.53000      0.79545      0.00000
 15.54000      0.73799      0.00000
 15.55000      0.72230      0.00000
 15.56000      0.74636      0.00000
 15.57000      0.81676      0.00000
 15.58000      0.95633      0.00000
 15.59000      1.24489      0.00000
 15.60000      1.96509      0.00000
 15.61000      3.81358      0.00000
 15.62000      7.60672      0.00000
 15.63000     12.69434      0.00000
 15.64000     15.21878      0.00000
 15.65000     13.51400      0.00000
 15.66000      8.95826      0.00000
 15.67000      4.71531      0.00000
 15.68000      2.34170      0.00000
 15.69000      1.32564      0.00000
 15.70000      0.91300      0.00000
 15.71000      0.70959      0.00000
 15.72000      0.58559      0.00000
 15.73000      0.50240      0.00000
 15.74000      0.44457      0.00000
 15.75000      0.40375      0.00000
 15.76000      0.37503      0.00000
 15.77000      0.35538      0.00000
 15.78000      0.34291      0.00000
 15.79000      0.33633      0.00000
 15.80000      0.33522      0.00000
 15.81000      0.33920      0.00000
 15.82000      0.34842      0.00000
 15.83000      0.36339      0.00000
 15.84000      0.38508      0.00000
 15.85000      0.41497      0.00000
 15.86000      0.45541      0.00000
 15.87000      0.51015      0.00000
 15.88000      0.58509      0.00000
 15.89000      0.69004      0.00000
 15.90000      0.84336      0.00000
 15.91000      1.09182      0.00000
 15.92000      1.59662      0.00000
 15.93000      2.83440      0.00000
 15.94000      5.59468      0.00000
 15.95000     10.00029      0.00000
 15.96000     13.60296      0.00000
 15.97000     13.89150      0.00000
 15.98000     14.88216      0.00000
 15.99000     17.10318      0.00000
 16.00000     14.69789      0.00000
 16.01000      8.83022      0.00000
 16.02000      4.42130      0.00000
 16.03000      2.28759      0.00000
 16.04000      1.45576      0.00000
 16.05000      1.10742      0.00000
 16.06000      0.92506      0.00000
 16.07000      0.82060      0.00000
 16.08000      0.76723      0.00000
 16.09000      0.75599      0.00000
 16.10000      0.78997      0.00000
 16.11000      0.89931      0.00000
 16.12000      1.20778      0.00000
 16.13000      2.04425      0.00000
 16.14000      3.80253      0.00000
 16.15000      6.11800      0.00000
 16.16000      6.78416      0.00000
 16.17000      4.86476      0.00000
 16.18000      2.81643      0.00000
 16.19000      1.72033      0.00000
 16.20000      1.36395      0.00000
 16.21000      1.35874      0.00000
 16.22000      1.54101      0.00000
 16.23000      1.95373      0.00000
 16.24000      2.95481      0.00000
 16.25000      5.65160      0.00000
 16.26000     11.81735      0.00000
 16.27000     21.35137      0.00000
 16.28000     27.21313      0.00000
 16.29000     21.24978      0.00000
 16.30000     11.78252      0.00000
 16.31000      5.74122      0.00000
 16.32000      3.16305      0.00000
 16.33000      2.28026      0.00000
 16.34000      2.01713      0.00000
 16.35000      2.07026      0.00000
 16.36000      2.56789      0.00000
 16.37000      4.17586      0.00000
 16.38000      8.08511      0.00000
 16.39000     14.47915      0.00000
 16.40000     19.14824      0.00000
 16.41000     16.00401      0.00000
 16.42000     10.15058      0.00000
 16.43000      6.98959      0.00000
 16.44000      6.28681      0.00000
 16.45000      5.40702      0.00000
 16.46000      3.74739      0.00000
 16.47000      2.49330      0.00000
 16.48000      1.93735      0.00000
 16.49000      1.86980      0.00000
 16.50000      2.16275      0.00000
 16.51000      3.10591      0.00000
 16.52000      5.72590      0.00000
 16.53000     11.41209      0.00000
 16.54000     19.36421      0.00000
 16.55000     22.60198      0.00000
 16.56000     16.50637      0.00000
 16.57000      9.17061      0.00000
 16.58000      5.10073      0.00000
 16.59000      4.10620      0.00000
 16.60000      5.22041      0.00000
 16.61000      7.63429      0.00000
 16.62000      9.52326      0.00000
 16.63000     10.05939      0.00000
 16.64000     12.61924      0.00000
 16.65000     17.71698      0.00000
 16.66000     19.07144      0.00000
 16.67000     13.28128      0.00000
 16.68000      7.03691      0.00000
 16.69000      3.46146      0.00000
 16.70000      1.95919      0.00000
 16.71000      1.35741      0.00000
 16.72000      1.05726      0.00000
 16.73000      0.87264      0.00000
 16.74000      0.74954      0.00000
 16.75000      0.66618      0.00000
 16.76000      0.61123      0.00000
 16.77000      0.57885      0.00000
 16.78000      0.56674      0.00000
 16.79000      0.57540      0.00000
 16.80000      0.60925      0.00000
 16.81000      0.67940      0.00000
 16.82000      0.81812      0.00000
 16.83000      1.14339      0.00000
 16.84000      2.01337      0.00000
 16.85000      4.03675      0.00000
 16.86000      7.30295      0.00000
 16.87000      9.66209      0.00000
 16.88000      7.94841      0.00000
 16.89000      4.60493      0.00000
 16.90000      2.30640      0.00000
 16.91000      1.25120      0.00000
 16.92000      0.85087      0.00000
 16.93000      0.68889      0.00000
 16.94000      0.61487      0.00000
 16.95000      0.59157      0.00000
 16.96000      0.62425      0.00000
 16.97000      0.75250      0.00000
 16.98000      1.02142      0.00000
 16.99000      1.37666      0.00000
 17.00000      1.57061      0.00000
 17.01000      1.66948      0.00000
 17.02000      2.22336      0.00000
 17.03000      3.57328      0.00000
 17.04000      5.48938      0.00000
 17.05000      7.26433      0.00000
 17.06000      9.58768      0.00000
 17.07000     11.67475      0.00000
 17.08000      9.82368      0.00000
 17.09000      5.83381      0.00000
 17.10000      2.97404      0.00000
 17.11000      1.63698      0.00000
 17.12000      1.16923      0.00000
 17.13000      1.11519      0.00000
 17.14000      1.45063      0.00000
 17.15000      2.32195      0.00000
 17.16000      3.50734      0.00000
 17.17000      3.81282      0.00000
 17.18000      2.73378      0.00000
 17.19000      1.58179      0.00000
 17.20000      0.93375      0.00000
 17.21000      0.67801      0.00000
 17.22000      0.60092      0.00000
 17.23000      0.59628      0.00000
 17.24000      0.63702      0.00000
 17.25000      0.72647      0.00000
 17.26000      0.89059      0.00000
 17.27000      1.22265      0.00000
 17.28000      2.05080      0.00000
 17.29000      4.16247      0.00000
 17.30000      8.36993      0.00000
 17.31000     13.55341      0.00000
 17.32000     14.45110      0.00000
 17.33000      9.72490      0.00000
 17.34000      5.00220      0.00000
 17.35000      2.39109      0.00000
 17.36000      1.31837      0.00000
 17.37000      0.89509      0.00000
 17.38000      0.68817      0.00000
 17.39000      0.56525      0.00000
 17.40000      0.48788      0.00000
 17.41000      0.44091      0.00000
 17.42000      0.41783      0.00000
 17.43000      0.41706      0.00000
 17.44000      0.44363      0.00000
 17.45000      0.52167      0.00000
 17.46000      0.73986      0.00000
 17.47000      1.31267      0.00000
 17.48000      2.46518      0.00000
 17.49000      3.90258      0.00000
 17.50000      4.18825      0.00000
 17.51000      2.91210      0.00000
 17.52000      1.62606      0.00000
 17.53000      0.93645      0.00000
 17.54000      0.71166      0.00000
 17.55000      0.77334      0.00000
 17.56000      1.18310      0.00000
 17.57000      2.16125      0.00000
 17.58000      3.61343      0.00000
 17.59000      4.35855      0.00000
 17.60000      3.32574      0.00000
 17.61000      1.90242      0.00000
 17.62000      1.04172      0.00000
 17.63000      0.75491      0.00000
 17.64000      0.87392      0.00000
 17.65000      1.30407      0.00000
 17.66000      1.77701      0.00000
 17.67000      1.67417      0.00000
 17.68000      1.10507      0.00000
 17.69000      0.64829      0.00000
 17.70000      0.45527      0.00000
 17.71000      0.47850      0.00000
 17.72000      0.63894      0.00000
 17.73000      0.76988      0.00000
 17.74000      0.65098      0.00000
 17.75000      0.42168      0.00000
 17.76000      0.25972      0.00000
 17.77000      0.18073      0.00000
 17.78000      0.14683      0.00000
 17.79000      0.13002      0.00000
 17.80000      0.11966      0.00000
 17.81000      0.11252      0.00000
 17.82000      0.10751      0.00000
 17.83000      0.10398      0.00000
 17.84000      0.10161      0.00000
 17.85000      0.10020      0.00000
 17.86000      0.09964      0.00000
 17.87000      0.09981      0.00000
 17.88000      0.10074      0.00000
 17.89000      0.10242      0.00000
 17.90000      0.10485      0.00000
 17.91000      0.10815      0.00000
 17.92000      0.11244      0.00000
 17.93000      0.11791      0.00000
 17.94000      0.12485      0.00000
 17.95000      0.13357      0.00000
 17.96000      0.14462      0.00000
 17.97000      0.15890      0.00000
 17.98000      0.17737      0.00000
 17.99000      0.20211      0.00000
 18.00000      0.23644      0.00000
 18.01000      0.28742      0.00000
 18.02000      0.37747      0.00000
 18.03000      0.57637      0.00000
 18.04000      1.02927      0.00000
 18.05000      1.84784      0.00000
 18.06000      2.75233      0.00000
 18.07000      2.85835      0.00000
 18.08000      2.30847      0.00000
 18.09000      2.05850      0.00000
 18.10000      2.54694      0.00000
 18.11000      4.18470      0.00000
 18.12000      6.71036      0.00000
 18.13000      7.79491      0.00000
 18.14000      5.72687      0.00000
 18.15000      3.12947      0.00000
 18.16000      1.54127      0.00000
 18.17000      0.84275      0.00000
 18.18000      0.56461      0.00000
 18.19000      0.43349      0.00000
 18.20000      0.35662      0.00000
 18.21000      0.30692      0.00000
 18.22000      0.27403      0.00000
 18.23000      0.25255      0.00000
 18.24000      0.23937      0.00000
 18.25000      0.23275      0.00000
 18.26000      0.23175      0.00000
 18.27000      0.23606      0.00000
 18.28000      0.24588      0.00000
 18.29000      0.26195      0.00000
 18.30000      0.28579      0.00000
 18.31000      0.31997      0.00000
 18.32000      0.36896      0.00000
 18.33000      0.44083      0.00000
 18.34000      0.55445      0.00000
 18.35000      0.77043      0.00000
 18.36000      1.28369      0.00000
 18.37000      2.50499      0.00000
 18.38000      4.75442      0.00000
 18.39000      7.21900      0.00000
 18.40000      7.19948      0.00000
 18.41000      4.78454      0.00000
 18.42000      2.66389      0.00000
 18.43000      1.60165      0.00000
 18.44000      1.29246      0.00000
 18.45000      1.43290      0.00000
 18.46000      2.14683      0.00000
 18.47000      3.97647      0.00000
 18.48000      7.24540      0.00000
 18.49000     10.45375      0.00000
 18.50000      9.86279      0.00000
 18.51000      6.68162      0.00000
 18.52000      4.72646      0.00000
 18.53000      4.93796      0.00000
 18.54000      6.12978      0.00000
 18.55000      5.75798      0.00000
 18.56000      3.77440      0.00000
 18.57000      2.08542      0.00000
 18.58000      1.19027      0.00000
 18.59000      0.83096      0.00000
 18.60000      0.73178      0.00000
 18.61000      0.79265      0.00000
 18.62000      0.96803      0.00000
 18.63000      1.09032      0.00000
 18.64000      0.96814      0.00000
 18.65000      0.78726      0.00000
 18.66000      0.72577      0.00000
 18.67000      0.85005      0.00000
 18.68000      1.31503      0.00000
 18.69000      2.48187      0.00000
 18.70000      4.59909      0.00000
 18.71000      6.79079      0.00000
 18.72000      6.53985      0.00000
 18.73000      4.23075      0.00000
 18.74000      2.28948      0.00000
 18.75000      1.32539      0.00000
 18.76000      1.06955      0.00000
 18.77000      1.32742      0.00000
 18.78000      2.18203      0.00000
 18.79000      3.55478      0.00000
 18.80000      4.40363      0.00000
 18.81000      3.50253      0.00000
 18.82000      2.04575      0.00000
 18.83000      1.07556      0.00000
 18.84000      0.62655      0.00000
 18.85000      0.45334      0.00000
 18.86000      0.39537      0.00000
 18.87000      0.41936      0.00000
 18.88000      0.57094      0.00000
 18.89000      0.89715      0.00000
 18.90000      1.27819      0.00000
 18.91000      1.28302      0.00000
 18.92000      0.87958      0.00000
 18.93000      0.50493      0.00000
 18.94000      0.29678      0.00000
 18.95000      0.20617      0.00000
 18.96000      0.16641      0.00000
 18.97000      0.14488      0.00000
 18.98000      0.13146      0.00000
 18.99000      0.12383      0.00000
 19.00000      0.12363      0.00000
 19.01000      0.13604      0.00000
 19.02000      0.16411      0.00000
 19.03000      0.19310      0.00000
 19.04000      0.18414      0.00000
 19.05000      0.14552      0.00000
 19.06000      0.11356      0.00000
 19.07000      0.09642      0.00000
 19.08000      0.08884      0.00000
 19.09000      0.08535      0.00000
 19.10000      0.08346      0.00000
 19.11000      0.08241      0.00000
 19.12000      0.08195      0.00000
 19.13000      0.08195      0.00000
 19.14000      0.08235      0.00000
 19.15000      0.08314      0.00000
 19.16000      0.08429      0.00000
 19.17000      0.08581      0.00000
 19.18000      0.08771      0.00000
 19.19000      0.08996      0.00000
 19.20000      0.09269      0.00000
 19.21000      0.09600      0.00000
 19.22000      0.09985      0.00000
 19.23000      0.10437      0.00000
 19.24000      0.10969      0.00000
 19.25000      0.11595      0.00000
 19.26000      0.12339      0.00000
 19.27000      0.13223      0.00000
 19.28000      0.14290      0.00000
 19.29000      0.15597      0.00000
 19.30000      0.17239      0.00000
 19.31000      0.19348      0.00000
 19.32000      0.22101      0.00000
 19.33000      0.25596      0.00000
 19.34000      0.30033      0.00000
 19.35000      0.36343      0.00000
 19.36000      0.46776      0.00000
 19.37000      0.67576      0.00000
 19.38000      1.13039      0.00000
 19.39000      2.01469      0.00000
 19.40000      3.31518      0.00000
 19.41000      4.44447      0.00000
 19.42000      5.20006      0.00000
 19.43000      5.87977      0.00000
 19.44000      5.50668      0.00000
 19.45000      4.67890      0.00000
 19.46000      4.12700      0.00000
 19.47000      3.36618      0.00000
 19.48000      2.24055      0.00000
 19.49000      1.32499      0.00000
 19.50000      0.81580      0.00000
 19.51000      0.58511      0.00000
 19.52000      0.48420      0.00000
 19.53000      0.43607      0.00000
 19.54000      0.41372      0.00000
 19.55000      0.40846      0.00000
 19.56000      0.41718      0.00000
 19.57000      0.43912      0.00000
 19.58000      0.47557      0.00000
 19.59000      0.52977      0.00000
 19.60000      0.60931      0.00000
 19.61000      0.73351      0.00000
 19.62000      0.94823      0.00000
 19.63000      1.32468      0.00000
 19.64000      1.89770      0.00000
 19.65000      2.55084      0.00000
 19.66000      3.28355      0.00000
 19.67000      5.05341      0.00000
 19.68000      9.19954      0.00000
 19.69000     15.92065      0.00000
 19.70000     21.81339      0.00000
 19.71000     21.68652      0.00000
 19.72000     14.99389      0.00000
 19.73000      8.21681      0.00000
 19.74000      4.28579      0.00000
 19.75000      2.58076      0.00000
 19.76000      1.95801      0.00000
 19.77000      1.83000      0.00000
 19.78000      2.12818      0.00000
 19.79000      3.05421      0.00000
 19.80000      4.81240      0.00000
 19.81000      7.07926      0.00000
 19.82000      9.27484      0.00000
 19.83000     10.24264      0.00000
 19.84000      8.18188      0.00000
 19.85000      5.60363      0.00000
 19.86000      4.47180      0.00000
 19.87000      4.46792      0.00000
 19.88000      3.96980      0.00000
 19.89000      2.67290      0.00000
 19.90000      1.57996      0.00000
 19.91000      0.96882      0.00000
 19.92000      0.68665      0.00000
 19.93000      0.55329      0.00000
 19.94000      0.48053      0.00000
 19.95000      0.43943      0.00000
 19.96000      0.42228      0.00000
 19.97000      0.42957      0.00000
 19.98000      0.47380      0.00000
 19.99000      0.60300      0.00000
 20.00000      0.94667      0.00000
 20.01000      1.69576      0.00000
 20.02000      2.85064      0.00000
 20.03000      3.68037      0.00000
 20.04000      3.24188      0.00000
 20.05000      2.34502      0.00000
 20.06000      1.57036      0.00000
 20.07000      0.95664      0.00000
 20.08000      0.57889      0.00000
 20.09000      0.38230      0.00000
 20.10000      0.28568      0.00000
 20.11000      0.23378      0.00000
 20.12000      0.20109      0.00000
 20.13000      0.17822      0.00000
 20.14000      0.16133      0.00000
 20.15000      0.14858      0.00000
 20.16000      0.13886      0.00000
 20.17000      0.13139      0.00000
 20.18000      0.12568      0.00000
 20.19000      0.12139      0.00000
 20.20000      0.11833      0.00000
 20.21000      0.11635      0.00000
 20.22000      0.11539      0.00000
 20.23000      0.11546      0.00000
 20.24000      0.11658      0.00000
 20.25000      0.11890      0.00000
 20.26000      0.12268      0.00000
 20.27000      0.12823      0.00000
 20.28000      0.13615      0.00000
 20.29000      0.14739      0.00000
 20.30000      0.16351      0.00000
 20.31000      0.18754      0.00000
 20.32000      0.22760      0.00000
 20.33000      0.30981      0.00000
 20.34000      0.50501      0.00000
 20.35000      0.92598      0.00000
 20.36000      1.59481      0.00000
 20.37000      2.12537      0.00000
 20.38000      1.84827      0.00000
 20.39000      1.16693      0.00000
 20.40000      0.67370      0.00000
 20.41000      0.45507      0.00000
 20.42000      0.41044      0.00000
 20.43000      0.42568      0.00000
 20.44000      0.40261      0.00000
 20.45000      0.34621      0.00000
 20.46000      0.30985      0.00000
 20.47000      0.30579      0.00000
 20.48000      0.32790      0.00000
 20.49000      0.37169      0.00000
 20.50000      0.44110      0.00000
 20.51000      0.55408      0.00000
 20.52000      0.76950      0.00000
 20.53000      1.25262      0.00000
 20.54000      2.30033      0.00000
 20.55000      4.09844      0.00000
 20.56000      6.02527      0.00000
 20.57000      6.47512      0.00000
 20.58000      5.88494      0.00000
 20.59000      4.90011      0.00000
 20.60000      3.38112      0.00000
 20.61000      2.20090      0.00000
 20.62000      1.71166      0.00000
 20.63000      1.95698      0.00000
 20.64000      3.18901      0.00000
 20.65000      5.72758      0.00000
 20.66000      8.87237      0.00000
 20.67000      9.51829      0.00000
 20.68000      6.67165      0.00000
 20.69000      3.66633      0.00000
 20.70000      1.88760      0.00000
 20.71000      1.08900      0.00000
 20.72000      0.75461      0.00000
 20.73000      0.59351      0.00000
 20.74000      0.50532      0.00000
 20.75000      0.46511      0.00000
 20.76000      0.48318      0.00000
 20.77000      0.61258      0.00000
 20.78000      0.93489      0.00000
 20.79000      1.44087      0.00000
 20.80000      1.77662      0.00000
 20.81000      1.47400      0.00000
 20.82000      0.93112      0.00000
 20.83000      0.55170      0.00000
 20.84000      0.36702      0.00000
 20.85000      0.29423      0.00000
 20.86000      0.27135      0.00000
 20.87000      0.28034      0.00000
 20.88000      0.33388      0.00000
 20.89000      0.46574      0.00000
 20.90000      0.69847      0.00000
 20.91000      0.97432      0.00000
 20.92000      1.03261      0.00000
 20.93000      0.77840      0.00000
 20.94000      0.51204      0.00000
 20.95000      0.36332      0.00000
 20.96000      0.31379      0.00000
 20.97000      0.32314      0.00000
 20.98000      0.38098      0.00000
 20.99000      0.51816      0.00000
 21.00000      0.81915      0.00000
 21.01000      1.41215      0.00000
 21.02000      2.35990      0.00000
 21.03000      3.39930      0.00000
 21.04000      3.44490      0.00000
 21.05000      2.35478      0.00000
 21.06000      1.30752      0.00000
 21.07000      0.70712      0.00000
 21.08000      0.44039      0.00000
 21.09000      0.32730      0.00000
 21.10000      0.27079      0.00000
 21.11000      0.23718      0.00000
 21.12000      0.21571      0.00000
 21.13000      0.20193      0.00000
 21.14000      0.19347      0.00000
 21.15000      0.18889      0.00000
 21.16000      0.18733      0.00000
 21.17000      0.18819      0.00000
 21.18000      0.19138      0.00000
 21.19000      0.19673      0.00000
 21.20000      0.20415      0.00000
 21.21000      0.21378      0.00000
 21.22000      0.22583      0.00000
 21.23000      0.24089      0.00000
 21.24000      0.25936      0.00000
 21.25000      0.28208      0.00000
 21.26000      0.31023      0.00000
 21.27000      0.34532      0.00000
 21.28000      0.39003      0.00000
 21.29000      0.44801      0.00000
 21.30000      0.52507      0.00000
 21.31000      0.63109      0.00000
 21.32000      0.78515      0.00000
 21.33000      1.03671      0.00000
 21.34000      1.53828      0.00000
 21.35000      2.67898      0.00000
 21.36000      5.04592      0.00000
 21.37000      8.72196      0.00000
 21.38000     11.68492      0.00000
 21.39000     10.65072      0.00000
 21.40000      7.56072      0.00000
 21.41000      5.70313      0.00000
 21.42000      5.27137      0.00000
 21.43000      4.84018      0.00000
 21.44000      4.16418      0.00000
 21.45000      3.38221      0.00000
 21.46000      2.47133      0.00000
 21.47000      1.83691      0.00000
 21.48000      1.55843      0.00000
 21.49000      1.53859      0.00000
 21.50000      1.69364      0.00000
 21.51000      2.01114      0.00000
 21.52000      2.57042      0.00000
 21.53000      3.66800      0.00000
 21.54000      6.20659      0.00000
 21.55000     12.04154      0.00000
 21.56000     22.81870      0.00000
 21.57000     35.71527      0.00000
 21.58000     38.24090      0.00000
 21.59000     26.80610      0.00000
 21.60000     14.80489      0.00000
 21.61000      7.71746      0.00000
 21.62000      4.55092      0.00000
 21.63000      3.23820      0.00000
 21.64000      2.78331      0.00000
 21.65000      3.01887      0.00000
 21.66000      3.87878      0.00000
 21.67000      4.71048      0.00000
 21.68000      4.26751      0.00000
 21.69000      3.10596      0.00000
 21.70000      2.43441      0.00000
 21.71000      2.47418      0.00000
 21.72000      2.70453      0.00000
 21.73000      2.31437      0.00000
 21.74000      1.56268      0.00000
 21.75000      0.99088      0.00000
 21.76000      0.67803      0.00000
 21.77000      0.52687      0.00000
 21.78000      0.44768      0.00000
 21.79000      0.40049      0.00000
 21.80000      0.37545      0.00000
 21.81000      0.37746      0.00000
 21.82000      0.41588      0.00000
 21.83000      0.48244      0.00000
 21.84000      0.51305      0.00000
 21.85000      0.45478      0.00000
 21.86000      0.38573      0.00000
 21.87000      0.37068      0.00000
 21.88000      0.43830      0.00000
 21.89000      0.59670      0.00000
 21.90000      0.78124      0.00000
 21.91000      0.79850      0.00000
 21.92000      0.65004      0.00000
 21.93000      0.55972      0.00000
 21.94000      0.62786      0.00000
 21.95000      0.82688      0.00000
 21.96000      0.96095      0.00000
 21.97000      0.81936      0.00000
 21.98000      0.58777      0.00000
 21.99000      0.43805      0.00000
 22.00000      0.38445      0.00000
 22.01000      0.40006      0.00000
 22.02000      0.48703      0.00000
 22.03000      0.71526      0.00000
 22.04000      1.21419      0.00000
 22.05000      2.02993      0.00000
 22.06000      2.76594      0.00000
 22.07000      2.55850      0.00000
 22.08000      1.72646      0.00000
 22.09000      1.06669      0.00000
 22.10000      0.74601      0.00000
 22.11000      0.66772      0.00000
 22.12000      0.74587      0.00000
 22.13000      0.99329      0.00000
 22.14000      1.52911      0.00000
 22.15000      2.55784      0.00000
 22.16000      4.17274      0.00000
 22.17000      5.61417      0.00000
 22.18000      5.31811      0.00000
 22.19000      3.56102      0.00000
 22.20000      2.01253      0.00000
 22.21000      1.14648      0.00000
 22.22000      0.76459      0.00000
 22.23000      0.60799      0.00000
 22.24000      0.54099      0.00000
 22.25000      0.51684      0.00000
 22.26000      0.52286      0.00000
 22.27000      0.55903      0.00000
 22.28000      0.63896      0.00000
 22.29000      0.81198      0.00000
 22.30000      1.19812      0.00000
 22.31000      1.95906      0.00000
 22.32000      3.07453      0.00000
 22.33000      3.86814      0.00000
 22.34000      3.49628      0.00000
 22.35000      2.83374      0.00000
 22.36000      2.94243      0.00000
 22.37000      4.46689      0.00000
 22.38000      7.74616      0.00000
 22.39000     11.74472      0.00000
 22.40000     12.50912      0.00000
 22.41000      8.90379      0.00000
 22.42000      5.07705      0.00000
 22.43000      2.77544      0.00000
 22.44000      1.73704      0.00000
 22.45000      1.35148      0.00000
 22.46000      1.28328      0.00000
 22.47000      1.45487      0.00000
 22.48000      1.85711      0.00000
 22.49000      2.35125      0.00000
 22.50000      2.77354      0.00000
 22.51000      2.89065      0.00000
 22.52000      2.50242      0.00000
 22.53000      2.21512      0.00000
 22.54000      2.55573      0.00000
 22.55000      3.91799      0.00000
 22.56000      6.52589      0.00000
 22.57000      9.61612      0.00000
 22.58000     10.85737      0.00000
 22.59000     10.39701      0.00000
 22.60000      9.32146      0.00000
 22.61000      8.07195      0.00000
 22.62000      7.75849      0.00000
 22.63000      7.49859      0.00000
 22.64000      6.86885      0.00000
 22.65000      6.98416      0.00000
 22.66000      7.03760      0.00000
 22.67000      5.46383      0.00000
 22.68000      3.47784      0.00000
 22.69000      2.22132      0.00000
 22.70000      1.77481      0.00000
 22.71000      1.85746      0.00000
 22.72000      2.01883      0.00000
 22.73000      1.76103      0.00000
 22.74000      1.28243      0.00000
 22.75000      0.93328      0.00000
 22.76000      0.76834      0.00000
 22.77000      0.73768      0.00000
 22.78000      0.81664      0.00000
 22.79000      1.07225      0.00000
 22.80000      1.68940      0.00000
 22.81000      2.86897      0.00000
 22.82000      4.44298      0.00000
 22.83000      5.27659      0.00000
 22.84000      4.78056      0.00000
 22.85000      3.82220      0.00000
 22.86000      2.62175      0.00000
 22.87000      1.66138      0.00000
 22.88000      1.13246      0.00000
 22.89000      0.92411      0.00000
 22.90000      0.91801      0.00000
 22.91000      1.10473      0.00000
 22.92000      1.64655      0.00000
 22.93000      2.86380      0.00000
 22.94000      4.93109      0.00000
 22.95000      7.05177      0.00000
 22.96000      7.17552      0.00000
 22.97000      5.28932      0.00000
 22.98000      3.35262      0.00000
 22.99000      2.26316      0.00000
 23.00000      1.73983      0.00000
 23.01000      1.27805      0.00000
 23.02000      0.88522      0.00000
 23.03000      0.63700      0.00000
 23.04000      0.49938      0.00000
 23.05000      0.41889      0.00000
 23.06000      0.37282      0.00000
 23.07000      0.35295      0.00000
 23.08000      0.35846      0.00000
 23.09000      0.39993      0.00000
 23.10000      0.50598      0.00000
 23.11000      0.71734      0.00000
 23.12000      1.05379      0.00000
 23.13000      1.45496      0.00000
 23.14000      1.95270      0.00000
 23.15000      2.66736      0.00000
 23.16000      3.13125      0.00000
 23.17000      2.89934      0.00000
 23.18000      2.10406      0.00000
 23.19000      1.26067      0.00000
 23.20000      0.72012      0.00000
 23.21000      0.44678      0.00000
 23.22000      0.31909      0.00000
 23.23000      0.25371      0.00000
 23.24000      0.21436      0.00000
 23.25000      0.18809      0.00000
 23.26000      0.17011      0.00000
 23.27000      0.15793      0.00000
 23.28000      0.15033      0.00000
 23.29000      0.14680      0.00000
 23.30000      0.14746      0.00000
 23.31000      0.15370      0.00000
 23.32000      0.17010      0.00000
 23.33000      0.21061      0.00000
 23.34000      0.30509      0.00000
 23.35000      0.48557      0.00000
 23.36000      0.72664      0.00000
 23.37000      0.84124      0.00000
 23.38000      0.69450      0.00000
 23.39000      0.51442      0.00000
 23.40000      0.44674      0.00000
 23.41000      0.46184      0.00000
 23.42000      0.44084      0.00000
 23.43000      0.37402      0.00000
 23.44000      0.32921      0.00000
 23.45000      0.29063      0.00000
 23.46000      0.23796      0.00000
 23.47000      0.19704      0.00000
 23.48000      0.17778      0.00000
 23.49000      0.17598      0.00000
 23.50000      0.18635      0.00000
 23.51000      0.20728      0.00000
 23.52000      0.24233      0.00000
 23.53000      0.30513      0.00000
 23.54000      0.43635      0.00000
 23.55000      0.72515      0.00000
 23.56000      1.27589      0.00000
 23.57000      2.03952      0.00000
 23.58000      2.48939      0.00000
 23.59000      2.13334      0.00000
 23.60000      1.63670      0.00000
 23.61000      1.48800      0.00000
 23.62000      1.51988      0.00000
 23.63000      1.28784      0.00000
 23.64000      0.89252      0.00000
 23.65000      0.60384      0.00000
 23.66000      0.46342      0.00000
 23.67000      0.42473      0.00000
 23.68000      0.44616      0.00000
 23.69000      0.51871      0.00000
 23.70000      0.67615      0.00000
 23.71000      1.03558      0.00000
 23.72000      1.84665      0.00000
 23.73000      3.37789      0.00000
 23.74000      5.41246      0.00000
 23.75000      6.41247      0.00000
 23.76000      5.05303      0.00000
 23.77000      3.02209      0.00000
 23.78000      1.62345      0.00000
 23.79000      0.91388      0.00000
 23.80000      0.59903      0.00000
 23.81000      0.44992      0.00000
 23.82000      0.36610      0.00000
 23.83000      0.31331      0.00000
 23.84000      0.27919      0.00000
 23.85000      0.25780      0.00000
 23.86000      0.24591      0.00000
 23.87000      0.24222      0.00000
 23.88000      0.24592      0.00000
 23.89000      0.25769      0.00000
 23.90000      0.27890      0.00000
 23.91000      0.31269      0.00000
 23.92000      0.36552      0.00000
 23.93000      0.45299      0.00000
 23.94000      0.61524      0.00000
 23.95000      0.94081      0.00000
 23.96000      1.57607      0.00000
 23.97000      2.65377      0.00000
 23.98000      4.04044      0.00000
 23.99000      5.41836      0.00000
 24.00000      5.89870      0.00000
 24.01000      4.57853      0.00000
 24.02000      2.77854      0.00000
 24.03000      1.54091      0.00000
 24.04000      0.90798      0.00000
 24.05000      0.62895      0.00000
 24.06000      0.50855      0.00000
 24.07000      0.46735      0.00000
 24.08000      0.50095      0.00000
 24.09000      0.64286      0.00000
 24.10000      0.91082      0.00000
 24.11000      1.19164      0.00000
 24.12000      1.17517      0.00000
 24.13000      0.89231      0.00000
 24.14000      0.65109      0.00000
 24.15000      0.55342      0.00000
 24.16000      0.60940      0.00000
 24.17000      0.87207      0.00000
 24.18000      1.46372      0.00000
 24.19000      2.41878      0.00000
 24.20000      3.27944      0.00000
 24.21000      3.06184      0.00000
 24.22000      2.07173      0.00000
 24.23000      1.23810      0.00000
 24.24000      0.78620      0.00000
 24.25000      0.61535      0.00000
 24.26000      0.61701      0.00000
 24.27000      0.78612      0.00000
 24.28000      1.19401      0.00000
 24.29000      1.84943      0.00000
 24.30000      2.41454      0.00000
 24.31000      2.28515      0.00000
 24.32000      1.69934      0.00000
 24.33000      1.23154      0.00000
 24.34000      1.13353      0.00000
 24.35000      1.51258      0.00000
 24.36000      2.46335      0.00000
 24.37000      3.81470      0.00000
 24.38000      4.51302      0.00000
 24.39000      3.59757      0.00000
 24.40000      2.22562      0.00000
 24.41000      1.28392      0.00000
 24.42000      0.82042      0.00000
 24.43000      0.65434      0.00000
 24.44000      0.66929      0.00000
 24.45000      0.86843      0.00000
 24.46000      1.29012      0.00000
 24.47000      1.82984      0.00000
 24.48000      2.03554      0.00000
 24.49000      1.77738      0.00000
 24.50000      1.55332      0.00000
 24.51000      1.41690      0.00000
 24.52000      1.14169      0.00000
 24.53000      0.78872      0.00000
 24.54000      0.52551      0.00000
 24.55000      0.37948      0.00000
 24.56000      0.31110      0.00000
 24.57000      0.28187      0.00000
 24.58000      0.27166      0.00000
 24.59000      0.27324      0.00000
 24.60000      0.28476      0.00000
 24.61000      0.30693      0.00000
 24.62000      0.34210      0.00000
 24.63000      0.39520      0.00000
 24.64000      0.47598      0.00000
 24.65000      0.60863      0.00000
 24.66000      0.86151      0.00000
 24.67000      1.40567      0.00000
 24.68000      2.53131      0.00000
 24.69000      4.42908      0.00000
 24.70000      6.51517      0.00000
 24.71000      7.03344      0.00000
 24.72000      5.38513      0.00000
 24.73000      3.27671      0.00000
 24.74000      1.87265      0.00000
 24.75000      1.19934      0.00000
 24.76000      0.99683      0.00000
 24.77000      1.09806      0.00000
 24.78000      1.42581      0.00000
 24.79000      1.78274      0.00000
 24.80000      1.83005      0.00000
 24.81000      1.62444      0.00000
 24.82000      1.30286      0.00000
 24.83000      1.01296      0.00000
 24.84000      0.79810      0.00000
 24.85000      0.68019      0.00000
 24.86000      0.68300      0.00000
 24.87000      0.84899      0.00000
 24.88000      1.29789      0.00000
 24.89000      2.17865      0.00000
 24.90000      3.41270      0.00000
 24.91000      4.19001      0.00000
 24.92000      3.72744      0.00000
 24.93000      3.01099      0.00000
 24.94000      2.66624      0.00000
 24.95000      2.25170      0.00000
 24.96000      1.60221      0.00000
 24.97000      1.10763      0.00000
 24.98000      0.90358      0.00000
 24.99000      0.92798      0.00000
 25.00000      0.99023      0.00000
 25.01000      0.86844      0.00000
 25.02000      0.65228      0.00000
 25.03000      0.49245      0.00000
 25.04000      0.41240      0.00000
 25.05000      0.38818      0.00000
 25.06000      0.39715      0.00000
 25.07000      0.43126      0.00000
 25.08000      0.49583      0.00000
 25.09000      0.61477      0.00000
 25.10000      0.85641      0.00000
 25.11000      1.37297      0.00000
 25.12000      2.37630      0.00000
 25.13000      3.89396      0.00000
 25.14000      5.29423      0.00000
 25.15000      5.12700      0.00000
 25.16000      3.59136      0.00000
 25.17000      2.22147      0.00000
 25.18000      1.52554      0.00000
 25.19000      1.44039      0.00000
 25.20000      1.78262      0.00000
 25.21000      2.22728      0.00000
 25.22000      2.17159      0.00000
 25.23000      1.62754      0.00000
 25.24000      1.14195      0.00000
 25.25000      0.90280      0.00000
 25.26000      0.89836      0.00000
 25.27000      1.08678      0.00000
 25.28000      1.39291      0.00000
 25.29000      1.58515      0.00000
 25.30000      1.49242      0.00000
 25.31000      1.38385      0.00000
 25.32000      1.50522      0.00000
 25.33000      2.04070      0.00000
 25.34000      3.22962      0.00000
 25.35000      5.19488      0.00000
 25.36000      7.35449      0.00000
 25.37000      8.25576      0.00000
 25.38000      8.74197      0.00000
 25.39000     10.81066      0.00000
 25.40000     13.60800      0.00000
 25.41000     13.50652      0.00000
 25.42000     10.78662      0.00000
 25.43000      7.76360      0.00000
 25.44000      4.94940      0.00000
 25.45000      3.00934      0.00000
 25.46000      1.93128      0.00000
 25.47000      1.39613      0.00000
 25.48000      1.15525      0.00000
 25.49000      1.09485      0.00000
 25.50000      1.19073      0.00000
 25.51000      1.41318      0.00000
 25.52000      1.59882      0.00000
 25.53000      1.55922      0.00000
 25.54000      1.52882      0.00000
 25.55000      1.79074      0.00000
 25.56000      2.42426      0.00000
 25.57000      3.25278      0.00000
 25.58000      4.11200      0.00000
 25.59000      5.30181      0.00000
 25.60000      6.56664      0.00000
 25.61000      7.29347      0.00000
 25.62000      6.27476      0.00000
 25.63000      4.13184      0.00000
 25.64000      2.42226      0.00000
 25.65000      1.45697      0.00000
 25.66000      1.00773      0.00000
 25.67000      0.82715      0.00000
 25.68000      0.80554      0.00000
 25.69000      0.95044      0.00000
 25.70000      1.29928      0.00000
 25.71000      1.76857      0.00000
 25.72000      1.94090      0.00000
 25.73000      1.55986      0.00000
 25.74000      1.08539      0.00000
 25.75000      0.80574      0.00000
 25.76000      0.74535      0.00000
 25.77000      0.85435      0.00000
 25.78000      1.05292      0.00000
 25.79000      1.24781      0.00000
 25.80000      1.48812      0.00000
 25.81000      1.68504      0.00000
 25.82000      1.54847      0.00000
 25.83000      1.28750      0.00000
 25.84000      1.26073      0.00000
 25.85000      1.68073      0.00000
 25.86000      2.70760      0.00000
 25.87000      4.25634      0.00000
 25.88000      5.44019      0.00000
 25.89000      4.79954      0.00000
 25.90000      3.13815      0.00000
 25.91000      1.81872      0.00000
 25.92000      1.10184      0.00000
 25.93000      0.80992      0.00000
 25.94000      0.72654      0.00000
 25.95000      0.68138      0.00000
 25.96000      0.59166      0.00000
 25.97000      0.52406      0.00000
 25.98000      0.53663      0.00000
 25.99000      0.62700      0.00000
 26.00000      0.72033      0.00000
 26.01000      0.70101      0.00000
 26.02000      0.59232      0.00000
 26.03000      0.52472      0.00000
 26.04000      0.57186      0.00000
 26.05000      0.80669      0.00000
 26.06000      1.32739      0.00000
 26.07000      2.13859      0.00000
 26.08000      2.82302      0.00000
 26.09000      2.57583      0.00000
 26.10000      1.72039      0.00000
 26.11000      1.00330      0.00000
 26.12000      0.59003      0.00000
 26.13000      0.39187      0.00000
 26.14000      0.29859      0.00000
 26.15000      0.24831      0.00000
 26.16000      0.21724      0.00000
 26.17000      0.19669      0.00000
 26.18000      0.18302      0.00000
 26.19000      0.17430      0.00000
 26.20000      0.16939      0.00000
 26.21000      0.16759      0.00000
 26.22000      0.16865      0.00000
 26.23000      0.17254      0.00000
 26.24000      0.17928      0.00000
 26.25000      0.18958      0.00000
 26.26000      0.20420      0.00000
 26.27000      0.22459      0.00000
 26.28000      0.25292      0.00000
 26.29000      0.29309      0.00000
 26.30000      0.35261      0.00000
 26.31000      0.45031      0.00000
 26.32000      0.63857      0.00000
 26.33000      1.03830      0.00000
 26.34000      1.82496      0.00000
 26.35000      3.05332      0.00000
 26.36000      4.19771      0.00000
 26.37000      4.02903      0.00000
 26.38000      2.83425      0.00000
 26.39000      1.83113      0.00000
 26.40000      1.37666      0.00000
 26.41000      1.32861      0.00000
 26.42000      1.31655      0.00000
 26.43000      1.07531      0.00000
 26.44000      0.78868      0.00000
 26.45000      0.60493      0.00000
 26.46000      0.51424      0.00000
 26.47000      0.46165      0.00000
 26.48000      0.43158      0.00000
 26.49000      0.42722      0.00000
 26.50000      0.44831      0.00000
 26.51000      0.49602      0.00000
 26.52000      0.58016      0.00000
 26.53000      0.72600      0.00000
 26.54000      0.97303      0.00000
 26.55000      1.35641      0.00000
 26.56000      1.87190      0.00000
 26.57000      2.56520      0.00000
 26.58000      3.87652      0.00000
 26.59000      6.17350      0.00000
 26.60000      8.69827      0.00000
 26.61000      8.92569      0.00000
 26.62000      6.65389      0.00000
 26.63000      4.51615      0.00000
 26.64000      3.58447      0.00000
 26.65000      3.79746      0.00000
 26.66000      4.75329      0.00000
 26.67000      6.23704      0.00000
 26.68000      8.07620      0.00000
 26.69000      8.76538      0.00000
 26.70000      6.89425      0.00000
 26.71000      4.43148      0.00000
 26.72000      2.83533      0.00000
 26.73000      2.16197      0.00000
 26.74000      1.93527      0.00000
 26.75000      1.60976      0.00000
 26.76000      1.17727      0.00000
 26.77000      0.84698      0.00000
 26.78000      0.66234      0.00000
 26.79000      0.59581      0.00000
 26.80000      0.61629      0.00000
 26.81000      0.69028      0.00000
 26.82000      0.76456      0.00000
 26.83000      0.81358      0.00000
 26.84000      0.76080      0.00000
 26.85000      0.60992      0.00000
 26.86000      0.48146      0.00000
 26.87000      0.41764      0.00000
 26.88000      0.41631      0.00000
 26.89000      0.48340      0.00000
 26.90000      0.65601      0.00000
 26.91000      0.98986      0.00000
 26.92000      1.48227      0.00000
 26.93000      1.91337      0.00000
 26.94000      2.04350      0.00000
 26.95000      1.82976      0.00000
 26.96000      1.32291      0.00000
 26.97000      0.86851      0.00000
 26.98000      0.59836      0.00000
 26.99000      0.47576      0.00000
 27.00000      0.44432      0.00000
 27.01000      0.48256      0.00000
 27.02000      0.61285      0.00000
 27.03000      0.87579      0.00000
 27.04000      1.25669      0.00000
 27.05000      1.53875      0.00000
 27.06000      1.44358      0.00000
 27.07000      1.22361      0.00000
 27.08000      1.14862      0.00000
 27.09000      1.15836      0.00000
 27.10000      1.08132      0.00000
 27.11000      1.02206      0.00000
 27.12000      1.17025      0.00000
 27.13000      1.62600      0.00000
 27.14000      2.33062      0.00000
 27.15000      2.82138      0.00000
 27.16000      2.56193      0.00000
 27.17000      2.04906      0.00000
 27.18000      1.85217      0.00000
 27.19000      2.17077      0.00000
 27.20000      3.13934      0.00000
 27.21000      4.78819      0.00000
 27.22000      6.37299      0.00000
 27.23000      6.18009      0.00000
 27.24000      4.57421      0.00000
 27.25000      3.27719      0.00000
 27.26000      2.91854      0.00000
 27.27000      3.56291      0.00000
 27.28000      5.03169      0.00000
 27.29000      6.58375      0.00000
 27.30000      7.22154      0.00000
 27.31000      7.36969      0.00000
 27.32000      7.37247      0.00000
 27.33000      6.44352      0.00000
 27.34000      4.92557      0.00000
 27.35000      4.03507      0.00000
 27.36000      4.14428      0.00000
 27.37000      4.75198      0.00000
 27.38000      4.95397      0.00000
 27.39000      4.63961      0.00000
 27.40000      3.95478      0.00000
 27.41000      3.06008      0.00000
 27.42000      2.18007      0.00000
 27.43000      1.63290      0.00000
 27.44000      1.47213      0.00000
 27.45000      1.56081      0.00000
 27.46000      1.59003      0.00000
 27.47000      1.35605      0.00000
 27.48000      1.08636      0.00000
 27.49000      0.95710      0.00000
 27.50000      1.02166      0.00000
 27.51000      1.32473      0.00000
 27.52000      1.90435      0.00000
 27.53000      2.65930      0.00000
 27.54000      3.17554      0.00000
 27.55000      3.45453      0.00000
 27.56000      4.12511      0.00000
 27.57000      5.10001      0.00000
 27.58000      5.71128      0.00000
 27.59000      5.72951      0.00000
 27.60000      4.71777      0.00000
 27.61000      3.40668      0.00000
 27.62000      2.67608      0.00000
 27.63000      2.49224      0.00000
 27.64000      2.29804      0.00000
 27.65000      1.77699      0.00000
 27.66000      1.20231      0.00000
 27.67000      0.79945      0.00000
 27.68000      0.57062      0.00000
 27.69000      0.45060      0.00000
 27.70000      0.38561      0.00000
 27.71000      0.34778      0.00000
 27.72000      0.32492      0.00000
 27.73000      0.31231      0.00000
 27.74000      0.31039      0.00000
 27.75000      0.32189      0.00000
 27.76000      0.35294      0.00000
 27.77000      0.42189      0.00000
 27.78000      0.57512      0.00000
 27.79000      0.89348      0.00000
 27.80000      1.44216      0.00000
 27.81000      2.10863      0.00000
 27.82000      2.35091      0.00000
 27.83000      1.86176      0.00000
 27.84000      1.22708      0.00000
 27.85000      0.80422      0.00000
 27.86000      0.61092      0.00000
 27.87000      0.58747      0.00000
 27.88000      0.71125      0.00000
 27.89000      1.00198      0.00000
 27.90000      1.43931      0.00000
 27.91000      1.79900      0.00000
 27.92000      1.82902      0.00000
 27.93000      1.70197      0.00000
 27.94000      1.46254      0.00000
 27.95000      1.23385      0.00000
 27.96000      1.26204      0.00000
 27.97000      1.63104      0.00000
 27.98000      2.20643      0.00000
 27.99000      2.45892      0.00000
 28.00000      2.07750      0.00000
 28.01000      1.64414      0.00000
 28.02000      1.55033      0.00000
 28.03000      1.76040      0.00000
 28.04000      1.88822      0.00000
 28.05000      1.63100      0.00000
 28.06000      1.33869      0.00000
 28.07000      1.35088      0.00000
 28.08000      1.80828      0.00000
 28.09000      2.67459      0.00000
 28.10000      3.46284      0.00000
 28.11000      3.26158      0.00000
 28.12000      2.36814      0.00000
 28.13000      1.62247      0.00000
 28.14000      1.15908      0.00000
 28.15000      0.81881      0.00000
 28.16000      0.57046      0.00000
 28.17000      0.41271      0.00000
 28.18000      0.32028      0.00000
 28.19000      0.26696      0.00000
 28.20000      0.23472      0.00000
 28.21000      0.21400      0.00000
 28.22000      0.20057      0.00000
 28.23000      0.19255      0.00000
 28.24000      0.18901      0.00000
 28.25000      0.18967      0.00000
 28.26000      0.19450      0.00000
 28.27000      0.20445      0.00000
 28.28000      0.22061      0.00000
 28.29000      0.24561      0.00000
 28.30000      0.28485      0.00000
 28.31000      0.35235      0.00000
 28.32000      0.48424      0.00000
 28.33000      0.75232      0.00000
 28.34000      1.24232      0.00000
 28.35000      1.94428      0.00000
 28.36000      2.49677      0.00000
 28.37000      2.33668      0.00000
 28.38000      1.75203      0.00000
 28.39000      1.26092      0.00000
 28.40000      0.99104      0.00000
 28.41000      0.91692      0.00000
 28.42000      1.07558      0.00000
 28.43000      1.47950      0.00000
 28.44000      1.95751      0.00000
 28.45000      2.00915      0.00000
 28.46000      1.53741      0.00000
 28.47000      1.03881      0.00000
 28.48000      0.72946      0.00000
 28.49000      0.59662      0.00000
 28.50000      0.58386      0.00000
 28.51000      0.67240      0.00000
 28.52000      0.90804      0.00000
 28.53000      1.38430      0.00000
 28.54000      2.15594      0.00000
 28.55000      3.01403      0.00000
 28.56000      3.34033      0.00000
 28.57000      3.15545      0.00000
 28.58000      2.96539      0.00000
 28.59000      2.61654      0.00000
 28.60000      2.21312      0.00000
 28.61000      2.22690      0.00000
 28.62000      2.81702      0.00000
 28.63000      3.68880      0.00000
 28.64000      3.87493      0.00000
 28.65000      3.00259      0.00000
 28.66000      1.99860      0.00000
 28.67000      1.35787      0.00000
 28.68000      1.10000      0.00000
 28.69000      1.16219      0.00000
 28.70000      1.56169      0.00000
 28.71000      2.36358      0.00000
 28.72000      3.44864      0.00000
 28.73000      4.12029      0.00000
 28.74000      3.85762      0.00000
 28.75000      3.15991      0.00000
 28.76000      2.36151      0.00000
 28.77000      1.78776      0.00000
 28.78000      1.56111      0.00000
 28.79000      1.60942      0.00000
 28.80000      1.85087      0.00000
 28.81000      2.05228      0.00000
 28.82000      1.82415      0.00000
 28.83000      1.32368      0.00000
 28.84000      0.92018      0.00000
 28.85000      0.71025      0.00000
 28.86000      0.67889      0.00000
 28.87000      0.82729      0.00000
 28.88000      1.19337      0.00000
 28.89000      1.76214      0.00000
 28.90000      2.24226      0.00000
 28.91000      2.10300      0.00000
 28.92000      1.56929      0.00000
 28.93000      1.17653      0.00000
 28.94000      1.06469      0.00000
 28.95000      1.11866      0.00000
 28.96000      1.09415      0.00000
 28.97000      0.95728      0.00000
 28.98000      0.80997      0.00000
 28.99000      0.69025      0.00000
 29.00000      0.66816      0.00000
 29.01000      0.75423      0.00000
 29.02000      0.84971      0.00000
 29.03000      0.77844      0.00000
 29.04000      0.58934      0.00000
 29.05000      0.43029      0.00000
 29.06000      0.33872      0.00000
 29.07000      0.29997      0.00000
 29.08000      0.29334      0.00000
 29.09000      0.30831      0.00000
 29.10000      0.34642      0.00000
 29.11000      0.42099      0.00000
 29.12000      0.55795      0.00000
 29.13000      0.79155      0.00000
 29.14000      1.13931      0.00000
 29.15000      1.59480      0.00000
 29.16000      2.02168      0.00000
 29.17000      2.14555      0.00000
 29.18000      1.88758      0.00000
 29.19000      1.55591      0.00000
 29.20000      1.51675      0.00000
 29.21000      1.89634      0.00000
 29.22000      2.58496      0.00000
 29.23000      3.07275      0.00000
 29.24000      2.82407      0.00000
 29.25000      2.13713      0.00000
 29.26000      1.57013      0.00000
 29.27000      1.25740      0.00000
 29.28000      1.13963      0.00000
 29.29000      1.21429      0.00000
 29.30000      1.55353      0.00000
 29.31000      2.32777      0.00000
 29.32000      3.76145      0.00000
 29.33000      5.83825      0.00000
 29.34000      7.87861      0.00000
 29.35000      8.78296      0.00000
 29.36000      7.40033      0.00000
 29.37000      4.98516      0.00000
 29.38000      3.15154      0.00000
 29.39000      2.16839      0.00000
 29.40000      1.85932      0.00000
 29.41000      2.01115      0.00000
 29.42000      2.36736      0.00000
 29.43000      2.60334      0.00000
 29.44000      2.46537      0.00000
 29.45000      2.06945      0.00000
 29.46000      1.61378      0.00000
 29.47000      1.28174      0.00000
 29.48000      1.07919      0.00000
 29.49000      1.01942      0.00000
 29.50000      1.14188      0.00000
 29.51000      1.37465      0.00000
 29.52000      1.51312      0.00000
 29.53000      1.50412      0.00000
 29.54000      1.41595      0.00000
 29.55000      1.26192      0.00000
 29.56000      1.16370      0.00000
 29.57000      1.09014      0.00000
 29.58000      0.87929      0.00000
 29.59000      0.61736      0.00000
 29.60000      0.42342      0.00000
 29.61000      0.30895      0.00000
 29.62000      0.24906      0.00000
 29.63000      0.21932      0.00000
 29.64000      0.20723      0.00000
 29.65000      0.21197      0.00000
 29.66000      0.24210      0.00000
 29.67000      0.31251      0.00000
 29.68000      0.42963      0.00000
 29.69000      0.55355      0.00000
 29.70000      0.57099      0.00000
 29.71000      0.48057      0.00000
 29.72000      0.40954      0.00000
 29.73000      0.40410      0.00000
 29.74000      0.42043      0.00000
 29.75000      0.38108      0.00000
 29.76000      0.31254      0.00000
 29.77000      0.27568      0.00000
 29.78000      0.28217      0.00000
 29.79000      0.30172      0.00000
 29.80000      0.28221      0.00000
 29.81000      0.23453      0.00000
 29.82000      0.20029      0.00000
 29.83000      0.19495      0.00000
 29.84000      0.22023      0.00000
 29.85000      0.26841      0.00000
 29.86000      0.30900      0.00000
 29.87000      0.30406      0.00000
 29.88000      0.28225      0.00000
 29.89000      0.28962      0.00000
 29.90000      0.35857      0.00000
 29.91000      0.53180      0.00000
 29.92000      0.85435      0.00000
 29.93000      1.30351      0.00000
 29.94000      1.62305      0.00000
 29.95000      1.44746      0.00000
 29.96000      1.00726      0.00000
 29.97000      0.65390      0.00000
 29.98000      0.46362      0.00000
 29.99000      0.39586      0.00000
 30.00000      0.38179      0.00000
 30.01000      0.36804      0.00000
 30.02000      0.37281      0.00000
 30.03000      0.44556      0.00000
 30.04000      0.62324      0.00000
 30.05000      0.89951      0.00000
 30.06000      1.13290      0.00000
 30.07000      1.07559      0.00000
 30.08000      0.80596      0.00000
 30.09000      0.56811      0.00000
 30.10000      0.44354      0.00000
 30.11000      0.42359      0.00000
 30.12000      0.47893      0.00000
 30.13000      0.56668      0.00000
 30.14000      0.63700      0.00000
 30.15000      0.73185      0.00000
 30.16000      0.92973      0.00000
 30.17000      1.25218      0.00000
 30.18000      1.61129      0.00000
 30.19000      1.72609      0.00000
 30.20000      1.50602      0.00000
 30.21000      1.26227      0.00000
 30.22000      1.27249      0.00000
 30.23000      1.62227      0.00000
 30.24000      2.22192      0.00000
 30.25000      2.65813      0.00000
 30.26000      2.56928      0.00000
 30.27000      2.34485      0.00000
 30.28000      2.33542      0.00000
 30.29000      2.55282      0.00000
 30.30000      2.99295      0.00000
 30.31000      3.34043      0.00000
 30.32000      2.90425      0.00000
 30.33000      1.98921      0.00000
 30.34000      1.22958      0.00000
 30.35000      0.76640      0.00000
 30.36000      0.52512      0.00000
 30.37000      0.40502      0.00000
 30.38000      0.33876      0.00000
 30.39000      0.29158      0.00000
 30.40000      0.25419      0.00000
 30.41000      0.22716      0.00000
 30.42000      0.20937      0.00000
 30.43000      0.19873      0.00000
 30.44000      0.19353      0.00000
 30.45000      0.19275      0.00000
 30.46000      0.19619      0.00000
 30.47000      0.20398      0.00000
 30.48000      0.21678      0.00000
 30.49000      0.23578      0.00000
 30.50000      0.26313      0.00000
 30.51000      0.30269      0.00000
 30.52000      0.36267      0.00000
 30.53000      0.46335      0.00000
 30.54000      0.65211      0.00000
 30.55000      1.01229      0.00000
 30.56000      1.62791      0.00000
 30.57000      2.45422      0.00000
 30.58000      3.04585      0.00000
 30.59000      2.87813      0.00000
 30.60000      2.47754      0.00000
 30.61000      2.47111      0.00000
 30.62000      2.88558      0.00000
 30.63000      3.17950      0.00000
 30.64000      2.86485      0.00000
 30.65000      2.45363      0.00000
 30.66000      2.44586      0.00000
 30.67000      2.75278      0.00000
 30.68000      2.75237      0.00000
 30.69000      2.14278      0.00000
 30.70000      1.44068      0.00000
 30.71000      0.96000      0.00000
 30.72000      0.71505      0.00000
 30.73000      0.64933      0.00000
 30.74000      0.73508      0.00000
 30.75000      0.97905      0.00000
 30.76000      1.34882      0.00000
 30.77000      1.61823      0.00000
 30.78000      1.46074      0.00000
 30.79000      1.06372      0.00000
 30.80000      0.74051      0.00000
 30.81000      0.56839      0.00000
 30.82000      0.53036      0.00000
 30.83000      0.60692      0.00000
 30.84000      0.79924      0.00000
 30.85000      1.09375      0.00000
 30.86000      1.45183      0.00000
 30.87000      1.74715      0.00000
 30.88000      1.64165      0.00000
 30.89000      1.20939      0.00000
 30.90000      0.81496      0.00000
 30.91000      0.57450      0.00000
 30.92000      0.46568      0.00000
 30.93000      0.44652      0.00000
 30.94000      0.50392      0.00000
 30.95000      0.66238      0.00000
 30.96000      0.96192      0.00000
 30.97000      1.39402      0.00000
 30.98000      1.76324      0.00000
 30.99000      1.78547      0.00000
 31.00000      1.62065      0.00000
 31.01000      1.44793      0.00000
 31.02000      1.34038      0.00000
 31.03000      1.43474      0.00000
 31.04000      1.69417      0.00000
 31.05000      1.89037      0.00000
 31.06000      1.73847      0.00000
 31.07000      1.38216      0.00000
 31.08000      1.16456      0.00000
 31.09000      1.17258      0.00000
 31.10000      1.27748      0.00000
 31.11000      1.21255      0.00000
 31.12000      0.97580      0.00000
 31.13000      0.77330      0.00000
 31.14000      0.68774      0.00000
 31.15000      0.73798      0.00000
 31.16000      0.95998      0.00000
 31.17000      1.42054      0.00000
 31.18000      2.14521      0.00000
 31.19000      2.91251      0.00000
 31.20000      3.12116      0.00000
 31.21000      2.79984      0.00000
 31.22000      2.67410      0.00000
 31.23000      2.96291      0.00000
 31.24000      3.22538      0.00000
 31.25000      2.90745      0.00000
 31.26000      2.17472      0.00000
 31.27000      1.49381      0.00000
 31.28000      1.07583      0.00000
 31.29000      0.90982      0.00000
 31.30000      0.95038      0.00000
 31.31000      1.18191      0.00000
 31.32000      1.58601      0.00000
 31.33000      2.02162      0.00000
 31.34000      2.26038      0.00000
 31.35000      2.47544      0.00000
 31.36000      2.84349      0.00000
 31.37000      3.06798      0.00000
 31.38000      3.00910      0.00000
 31.39000      2.84955      0.00000
 31.40000      2.75800      0.00000
 31.41000      2.59855      0.00000
 31.42000      2.29671      0.00000
 31.43000      1.97451      0.00000
 31.44000      1.61672      0.00000
 31.45000      1.35915      0.00000
 31.46000      1.32263      0.00000
 31.47000      1.51391      0.00000
 31.48000      1.89225      0.00000
 31.49000      2.48023      0.00000
 31.50000      3.28230      0.00000
 31.51000      4.01155      0.00000
 31.52000      4.12759      0.00000
 31.53000      3.66532      0.00000
 31.54000      3.15842      0.00000
 31.55000      2.79228      0.00000
 31.56000      2.56716      0.00000
 31.57000      2.39471      0.00000
 31.58000      2.02784      0.00000
 31.59000      1.64980      0.00000
 31.60000      1.46552      0.00000
 31.61000      1.47353      0.00000
 31.62000      1.69325      0.00000
 31.63000      2.07217      0.00000
 31.64000      2.22425      0.00000
 31.65000      1.84250      0.00000
 31.66000      1.30298      0.00000
 31.67000      0.91737      0.00000
 31.68000      0.72714      0.00000
 31.69000      0.68622      0.00000
 31.70000      0.74492      0.00000
 31.71000      0.90181      0.00000
 31.72000      1.18549      0.00000
 31.73000      1.52170      0.00000
 31.74000      1.68177      0.00000
 31.75000      1.64669      0.00000
 31.76000      1.73563      0.00000
 31.77000      2.08614      0.00000
 31.78000      2.42364      0.00000
 31.79000      2.22939      0.00000
 31.80000      1.60650      0.00000
 31.81000      1.03283      0.00000
 31.82000      0.66385      0.00000
 31.83000      0.46685      0.00000
 31.84000      0.37597      0.00000
 31.85000      0.34911      0.00000
 31.86000      0.37373      0.00000
 31.87000      0.44752      0.00000
 31.88000      0.54483      0.00000
 31.89000      0.57862      0.00000
 31.90000      0.50636      0.00000
 31.91000      0.42260      0.00000
 31.92000      0.38905      0.00000
 31.93000      0.39661      0.00000
 31.94000      0.39284      0.00000
 31.95000      0.36539      0.00000
 31.96000      0.36435      0.00000
 31.97000      0.41848      0.00000
 31.98000      0.51640      0.00000
 31.99000      0.58896      0.00000
 32.00000      0.58470      0.00000
 32.01000      0.60046      0.00000
 32.02000      0.74097      0.00000
 32.03000      1.03769      0.00000
 32.04000      1.39540      0.00000
 32.05000      1.55584      0.00000
 32.06000      1.39457      0.00000
 32.07000      1.06130      0.00000
 32.08000      0.71387      0.00000
 32.09000      0.45963      0.00000
 32.10000      0.30842      0.00000
 32.11000      0.22604      0.00000
 32.12000      0.18108      0.00000
 32.13000      0.15477      0.00000
 32.14000      0.13817      0.00000
 32.15000      0.12747      0.00000
 32.16000      0.12104      0.00000
 32.17000      0.11811      0.00000
 32.18000      0.11879      0.00000
 32.19000      0.12405      0.00000
 32.20000      0.13692      0.00000
 32.21000      0.16424      0.00000
 32.22000      0.21691      0.00000
 32.23000      0.30436      0.00000
 32.24000      0.41559      0.00000
 32.25000      0.49811      0.00000
 32.26000      0.47930      0.00000
 32.27000      0.38963      0.00000
 32.28000      0.32537      0.00000
 32.29000      0.32580      0.00000
 32.30000      0.38607      0.00000
 32.31000      0.45724      0.00000
 32.32000      0.45072      0.00000
 32.33000      0.36754      0.00000
 32.34000      0.29043      0.00000
 32.35000      0.25208      0.00000
 32.36000      0.23891      0.00000
 32.37000      0.21945      0.00000
 32.38000      0.19122      0.00000
 32.39000      0.17007      0.00000
 32.40000      0.16120      0.00000
 32.41000      0.16406      0.00000
 32.42000      0.17730      0.00000
 32.43000      0.19929      0.00000
 32.44000      0.22441      0.00000
 32.45000      0.24380      0.00000
 32.46000      0.26390      0.00000
 32.47000      0.30056      0.00000
 32.48000      0.36106      0.00000
 32.49000      0.43984      0.00000
 32.50000      0.51980      0.00000
 32.51000      0.62470      0.00000
 32.52000      0.83697      0.00000
 32.53000      1.25082      0.00000
 32.54000      1.92553      0.00000
 32.55000      2.75117      0.00000
 32.56000      3.29086      0.00000
 32.57000      3.18745      0.00000
 32.58000      2.77646      0.00000
 32.59000      2.67719      0.00000
 32.60000      3.08739      0.00000
 32.61000      3.66789      0.00000
 32.62000      3.78219      0.00000
 32.63000      3.45545      0.00000
 32.64000      3.05551      0.00000
 32.65000      2.54854      0.00000
 32.66000      1.90667      0.00000
 32.67000      1.41605      0.00000
 32.68000      1.18642      0.00000
 32.69000      1.13561      0.00000
 32.70000      1.06273      0.00000
 32.71000      0.87375      0.00000
 32.72000      0.69073      0.00000
 32.73000      0.59500      0.00000
 32.74000      0.59892      0.00000
 32.75000      0.68293      0.00000
 32.76000      0.78830      0.00000
 32.77000      0.86493      0.00000
 32.78000      0.95693      0.00000
 32.79000      1.07517      0.00000
 32.80000      1.21968      0.00000
 32.81000      1.33074      0.00000
 32.82000      1.24659      0.00000
 32.83000      1.04545      0.00000
 32.84000      0.86428      0.00000
 32.85000      0.75536      0.00000
 32.86000      0.73127      0.00000
 32.87000      0.75271      0.00000
 32.88000      0.77134      0.00000
 32.89000      0.78723      0.00000
 32.90000      0.77741      0.00000
 32.91000      0.67364      0.00000
 32.92000      0.53759      0.00000
 32.93000      0.44328      0.00000
 32.94000      0.40313      0.00000
 32.95000      0.41046      0.00000
 32.96000      0.46586      0.00000
 32.97000      0.59271      0.00000
 32.98000      0.84062      0.00000
 32.99000      1.25955      0.00000
 33.00000      1.81937      0.00000
 33.01000      2.23349      0.00000
 33.02000      2.10691      0.00000
 33.03000      1.69754      0.00000
 33.04000      1.44726      0.00000
 33.05000      1.51296      0.00000
 33.06000      1.89162      0.00000
 33.07000      2.42299      0.00000
 33.08000      2.75821      0.00000
 33.09000      2.92565      0.00000
 33.10000      3.32266      0.00000
 33.11000      3.93199      0.00000
 33.12000      4.38557      0.00000
 33.13000      4.21123      0.00000
 33.14000      3.61264      0.00000
 33.15000      3.09061      0.00000
 33.16000      2.60284      0.00000
 33.17000      2.11990      0.00000
 33.18000      1.79888      0.00000
 33.19000      1.66914      0.00000
 33.20000      1.67806      0.00000
 33.21000      1.89217      0.00000
 33.22000      2.32794      0.00000
 33.23000      2.80829      0.00000
 33.24000      2.83321      0.00000
 33.25000      2.26008      0.00000
 33.26000      1.59885      0.00000
 33.27000      1.16004      0.00000
 33.28000      0.96746      0.00000
 33.29000      0.93757      0.00000
 33.30000      0.94084      0.00000
 33.31000      0.91059      0.00000
 33.32000      0.89329      0.00000
 33.33000      0.92323      0.00000
 33.34000      1.04375      0.00000
 33.35000      1.24765      0.00000
 33.36000      1.39207      0.00000
 33.37000      1.37371      0.00000
 33.38000      1.36621      0.00000
 33.39000      1.57630      0.00000
 33.40000      2.13286      0.00000
 33.41000      3.04291      0.00000
 33.42000      4.02375      0.00000
 33.43000      4.63651      0.00000
 33.44000      4.84924      0.00000
 33.45000      4.82316      0.00000
 33.46000      4.17998      0.00000
 33.47000      3.01852      0.00000
 33.48000      2.01047      0.00000
 33.49000      1.37902      0.00000
 33.50000      1.07413      0.00000
 33.51000      1.00863      0.00000
 33.52000      1.12640      0.00000
 33.53000      1.37638      0.00000
 33.54000      1.61017      0.00000
 33.55000      1.61096      0.00000
 33.56000      1.50384      0.00000
 33.57000      1.58343      0.00000
 33.58000      1.97428      0.00000
 33.59000      2.59165      0.00000
 33.60000      3.00508      0.00000
 33.61000      2.75734      0.00000
 33.62000      2.24884      0.00000
 33.63000      1.99111      0.00000
 33.64000      2.07642      0.00000
 33.65000      2.29066      0.00000
 33.66000      2.39664      0.00000
 33.67000      2.54045      0.00000
 33.68000      2.74159      0.00000
 33.69000      2.79422      0.00000
 33.70000      2.68959      0.00000
 33.71000      2.33673      0.00000
 33.72000      1.77698      0.00000
 33.73000      1.28221      0.00000
 33.74000      1.00268      0.00000
 33.75000      0.94380      0.00000
 33.76000      1.06305      0.00000
 33.77000      1.26468      0.00000
 33.78000      1.42412      0.00000
 33.79000      1.46422      0.00000
 33.80000      1.26401      0.00000
 33.81000      0.92772      0.00000
 33.82000      0.65068      0.00000
 33.83000      0.48541      0.00000
 33.84000      0.41791      0.00000
 33.85000      0.42506      0.00000
 33.86000      0.48337      0.00000
 33.87000      0.54352      0.00000
 33.88000      0.52399      0.00000
 33.89000      0.42920      0.00000
 33.90000      0.33520      0.00000
 33.91000      0.27389      0.00000
 33.92000      0.24491      0.00000
 33.93000      0.24153      0.00000
 33.94000      0.26165      0.00000
 33.95000      0.30909      0.00000
 33.96000      0.38773      0.00000
 33.97000      0.48425      0.00000
 33.98000      0.56443      0.00000
 33.99000      0.61937      0.00000
 34.00000      0.61818      0.00000
 34.01000      0.55397      0.00000
 34.02000      0.50568      0.00000
 34.03000      0.52912      0.00000
 34.04000      0.65178      0.00000
 34.05000      0.88750      0.00000
 34.06000      1.20678      0.00000
 34.07000      1.47080      0.00000
 34.08000      1.59843      0.00000
 34.09000      1.81257      0.00000
 34.10000      2.25387      0.00000
 34.11000      2.70229      0.00000
 34.12000      2.71961      0.00000
 34.13000      2.46761      0.00000
 34.14000      2.44056      0.00000
 34.15000      2.70842      0.00000
 34.16000      2.81857      0.00000
 34.17000      2.33607      0.00000
 34.18000      1.61605      0.00000
 34.19000      1.04493      0.00000
 34.20000      0.68845      0.00000
 34.21000      0.49129      0.00000
 34.22000      0.38488      0.00000
 34.23000      0.32395      0.00000
 34.24000      0.28644      0.00000
 34.25000      0.26301      0.00000
 34.26000      0.24958      0.00000
 34.27000      0.24446      0.00000
 34.28000      0.24719      0.00000
 34.29000      0.25857      0.00000
 34.30000      0.28122      0.00000
 34.31000      0.32134      0.00000
 34.32000      0.39350      0.00000
 34.33000      0.52750      0.00000
 34.34000      0.77171      0.00000
 34.35000      1.17234      0.00000
 34.36000      1.71573      0.00000
 34.37000      2.21989      0.00000
 34.38000      2.28784      0.00000
 34.39000      1.87016      0.00000
 34.40000      1.38179      0.00000
 34.41000      1.07479      0.00000
 34.42000      0.93753      0.00000
 34.43000      0.85096      0.00000
 34.44000      0.79246      0.00000
 34.45000      0.83861      0.00000
 34.46000      1.02450      0.00000
 34.47000      1.28966      0.00000
 34.48000      1.40718      0.00000
 34.49000      1.22888      0.00000
 34.50000      0.98073      0.00000
 34.51000      0.85837      0.00000
 34.52000      0.90120      0.00000
 34.53000      1.04970      0.00000
 34.54000      1.12902      0.00000
 34.55000      1.02343      0.00000
 34.56000      0.88207      0.00000
 34.57000      0.82566      0.00000
 34.58000      0.84330      0.00000
 34.59000      0.85486      0.00000
 34.60000      0.79788      0.00000
 34.61000      0.74413      0.00000
 34.62000      0.78953      0.00000
 34.63000      1.00840      0.00000
 34.64000      1.47548      0.00000
 34.65000      2.21681      0.00000
 34.66000      3.03167      0.00000
 34.67000      3.28065      0.00000
 34.68000      2.68912      0.00000
 34.69000      1.90465      0.00000
 34.70000      1.36606      0.00000
 34.71000      1.13516      0.00000
 34.72000      1.13192      0.00000
 34.73000      1.20564      0.00000
 34.74000      1.23116      0.00000
 34.75000      1.21089      0.00000
 34.76000      1.14664      0.00000
 34.77000      1.09587      0.00000
 34.78000      1.10016      0.00000
 34.79000      1.14645      0.00000
 34.80000      1.28897      0.00000
 34.81000      1.52812      0.00000
 34.82000      1.67723      0.00000
 34.83000      1.61021      0.00000
 34.84000      1.56197      0.00000
 34.85000      1.72547      0.00000
 34.86000      2.05052      0.00000
 34.87000      2.23624      0.00000
 34.88000      2.08281      0.00000
 34.89000      1.86172      0.00000
 34.90000      1.80718      0.00000
 34.91000      1.86136      0.00000
 34.92000      1.93619      0.00000
 34.93000      2.06953      0.00000
 34.94000      2.18520      0.00000
 34.95000      2.23485      0.00000
 34.96000      2.13350      0.00000
 34.97000      1.91403      0.00000
 34.98000      1.86104      0.00000
 34.99000      2.15744      0.00000
 35.00000      2.84213      0.00000
 35.01000      3.73757      0.00000
 35.02000      4.31509      0.00000
 35.03000      4.45779      0.00000
 35.04000      4.79330      0.00000
 35.05000      5.47285      0.00000
 35.06000      5.90445      0.00000
 35.07000      5.30140      0.00000
 35.08000      4.08090      0.00000
 35.09000      3.00219      0.00000
 35.10000      2.29129      0.00000
 35.11000      1.89388      0.00000
 35.12000      1.79199      0.00000
 35.13000      2.03067      0.00000
 35.14000      2.68400      0.00000
 35.15000      3.77743      0.00000
 35.16000      5.03844      0.00000
 35.17000      5.82382      0.00000
 35.18000      5.86111      0.00000
 35.19000      5.39822      0.00000
 35.20000      4.76813      0.00000
 35.21000      4.17818      0.00000
 35.22000      3.70077      0.00000
 35.23000      3.24370      0.00000
 35.24000      2.64014      0.00000
 35.25000      2.11338      0.00000
 35.26000      1.89408      0.00000
 35.27000      2.00693      0.00000
 35.28000      2.31600      0.00000
 35.29000      2.61028      0.00000
 35.30000      2.80758      0.00000
 35.31000      2.66155      0.00000
 35.32000      2.09265      0.00000
 35.33000      1.48536      0.00000
 35.34000      1.05864      0.00000
 35.35000      0.79613      0.00000
 35.36000      0.62581      0.00000
 35.37000      0.51912      0.00000
 35.38000      0.46748      0.00000
 35.39000      0.46094      0.00000
 35.40000      0.48249      0.00000
 35.41000      0.51345      0.00000
 35.42000      0.53134      0.00000
 35.43000      0.52273      0.00000
 35.44000      0.50641      0.00000
 35.45000      0.46206      0.00000
 35.46000      0.38250      0.00000
 35.47000      0.31000      0.00000
 35.48000      0.26575      0.00000
 35.49000      0.24901      0.00000
 35.50000      0.25100      0.00000
 35.51000      0.25967      0.00000
 35.52000      0.27278      0.00000
 35.53000      0.29280      0.00000
 35.54000      0.30953      0.00000
 35.55000      0.32543      0.00000
 35.56000      0.37127      0.00000
 35.57000      0.47214      0.00000
 35.58000      0.62728      0.00000
 35.59000      0.80069      0.00000
 35.60000      0.90718      0.00000
 35.61000      0.84416      0.00000
 35.62000      0.66607      0.00000
 35.63000      0.49812      0.00000
 35.64000      0.39914      0.00000
 35.65000      0.37570      0.00000
 35.66000      0.42100      0.00000
 35.67000      0.52295      0.00000
 35.68000      0.64145      0.00000
 35.69000      0.69585      0.00000
 35.70000      0.69202      0.00000
 35.71000      0.72255      0.00000
 35.72000      0.80618      0.00000
 35.73000      0.89971      0.00000
 35.74000      0.95409      0.00000
 35.75000      0.93455      0.00000
 35.76000      0.87657      0.00000
 35.77000      0.76822      0.00000
 35.78000      0.62325      0.00000
 35.79000      0.51294      0.00000
 35.80000      0.46802      0.00000
 35.81000      0.49529      0.00000
 35.82000      0.61104      0.00000
 35.83000      0.85278      0.00000
 35.84000      1.26322      0.00000
 35.85000      1.82399      0.00000
 35.86000      2.35740      0.00000
 35.87000      2.58632      0.00000
 35.88000      2.39013      0.00000
 35.89000      2.09137      0.00000
 35.90000      1.91547      0.00000
 35.91000      1.69848      0.00000
 35.92000      1.34797      0.00000
 35.93000      1.00156      0.00000
 35.94000      0.73682      0.00000
 35.95000      0.57939      0.00000
 35.96000      0.51666      0.00000
 35.97000      0.51263      0.00000
 35.98000      0.52496      0.00000
 35.99000      0.55433      0.00000
 36.00000      0.62427      0.00000
 36.01000      0.69303      0.00000
 36.02000      0.65736      0.00000
 36.03000      0.52814      0.00000
 36.04000      0.40383      0.00000
 36.05000      0.32402      0.00000
 36.06000      0.28840      0.00000
 36.07000      0.28959      0.00000
 36.08000      0.32906      0.00000
 36.09000      0.42377      0.00000
 36.10000      0.60198      0.00000
 36.11000      0.88040      0.00000
 36.12000      1.20401      0.00000
 36.13000      1.36060      0.00000
 36.14000      1.18692      0.00000
 36.15000      0.87592      0.00000
 36.16000      0.63200      0.00000
 36.17000      0.50323      0.00000
 36.18000      0.46691      0.00000
 36.19000      0.46843      0.00000
 36.20000      0.44217      0.00000
 36.21000      0.38539      0.00000
 36.22000      0.33818      0.00000
 36.23000      0.31774      0.00000
 36.24000      0.32656      0.00000
 36.25000      0.36657      0.00000
 36.26000      0.44398      0.00000
 36.27000      0.56758      0.00000
 36.28000      0.73875      0.00000
 36.29000      0.93878      0.00000
 36.30000      1.19128      0.00000
 36.31000      1.60082      0.00000
 36.32000      2.21196      0.00000
 36.33000      2.94118      0.00000
 36.34000      3.50176      0.00000
 36.35000      3.58823      0.00000
 36.36000      3.22832      0.00000
 36.37000      2.62657      0.00000
 36.38000      2.00003      0.00000
 36.39000      1.50131      0.00000
 36.40000      1.19333      0.00000
 36.41000      1.08102      0.00000
 36.42000      1.08385      0.00000
 36.43000      1.05811      0.00000
 36.44000      0.95962      0.00000
 36.45000      0.88970      0.00000
 36.46000      0.90804      0.00000
 36.47000      1.03507      0.00000
 36.48000      1.25539      0.00000
 36.49000      1.40844      0.00000
 36.50000      1.28492      0.00000
 36.51000      0.99986      0.00000
 36.52000      0.76436      0.00000
 36.53000      0.64913      0.00000
 36.54000      0.65835      0.00000
 36.55000      0.77735      0.00000
 36.56000      0.96582      0.00000
 36.57000      1.13985      0.00000
 36.58000      1.20638      0.00000
 36.59000      1.16402      0.00000
 36.60000      1.07018      0.00000
 36.61000      0.95366      0.00000
 36.62000      0.91154      0.00000
 36.63000      1.02678      0.00000
 36.64000      1.33829      0.00000
 36.65000      1.82425      0.00000
 36.66000      2.33972      0.00000
 36.67000      2.67859      0.00000
 36.68000      2.62779      0.00000
 36.69000      2.17469      0.00000
 36.70000      1.66451      0.00000
 36.71000      1.29712      0.00000
 36.72000      1.04754      0.00000
 36.73000      0.88092      0.00000
 36.74000      0.77074      0.00000
 36.75000      0.72602      0.00000
 36.76000      0.77746      0.00000
 36.77000      0.94413      0.00000
 36.78000      1.21686      0.00000
 36.79000      1.55264      0.00000
 36.80000      1.84682      0.00000
 36.81000      1.91932      0.00000
 36.82000      1.88197      0.00000
 36.83000      2.00954      0.00000
 36.84000      2.33042      0.00000
 36.85000      2.60491      0.00000
 36.86000      2.68427      0.00000
 36.87000      2.66128      0.00000
 36.88000      2.57991      0.00000
 36.89000      2.33194      0.00000
 36.90000      1.83577      0.00000
 36.91000      1.30054      0.00000
 36.92000      0.90726      0.00000
 36.93000      0.67379      0.00000
 36.94000      0.54725      0.00000
 36.95000      0.46021      0.00000
 36.96000      0.38421      0.00000
 36.97000      0.32950      0.00000
 36.98000      0.30464      0.00000
 36.99000      0.31322      0.00000
 37.00000      0.35493      0.00000
 37.01000      0.41527      0.00000
 37.02000      0.44481      0.00000
 37.03000      0.40038      0.00000
 37.04000      0.32401      0.00000
 37.05000      0.26406      0.00000
 37.06000      0.23323      0.00000
 37.07000      0.22851      0.00000
 37.08000      0.24194      0.00000
 37.09000      0.26399      0.00000
 37.10000      0.29739      0.00000
 37.11000      0.35844      0.00000
 37.12000      0.44887      0.00000
 37.13000      0.53337      0.00000
 37.14000      0.55177      0.00000
 37.15000      0.51273      0.00000
 37.16000      0.45342      0.00000
 37.17000      0.40246      0.00000
 37.18000      0.38736      0.00000
 37.19000      0.41361      0.00000
 37.20000      0.48449      0.00000
 37.21000      0.63233      0.00000
 37.22000      0.89832      0.00000
 37.23000      1.27953      0.00000
 37.24000      1.63442      0.00000
 37.25000      1.70433      0.00000
 37.26000      1.50451      0.00000
 37.27000      1.19214      0.00000
 37.28000      0.86542      0.00000
 37.29000      0.61812      0.00000
 37.30000      0.46925      0.00000
 37.31000      0.40169      0.00000
 37.32000      0.39803      0.00000
 37.33000      0.44892      0.00000
 37.34000      0.54490      0.00000
 37.35000      0.65513      0.00000
 37.36000      0.75139      0.00000
 37.37000      0.84885      0.00000
 37.38000      0.90670      0.00000
 37.39000      0.88341      0.00000
 37.40000      0.86071      0.00000
 37.41000      0.89940      0.00000
 37.42000      0.98493      0.00000
 37.43000      1.09699      0.00000
 37.44000      1.19390      0.00000
 37.45000      1.22077      0.00000
 37.46000      1.22232      0.00000
 37.47000      1.22093      0.00000
 37.48000      1.14366      0.00000
 37.49000      1.01508      0.00000
 37.50000      0.88039      0.00000
 37.51000      0.77502      0.00000
 37.52000      0.70185      0.00000
 37.53000      0.64008      0.00000
 37.54000      0.62604      0.00000
 37.55000      0.70601      0.00000
 37.56000      0.90617      0.00000
 37.57000      1.21527      0.00000
 37.58000      1.56839      0.00000
 37.59000      1.88643      0.00000
 37.60000      1.94473      0.00000
 37.61000      1.60293      0.00000
 37.62000      1.14421      0.00000
 37.63000      0.79128      0.00000
 37.64000      0.57136      0.00000
 37.65000      0.44016      0.00000
 37.66000      0.35961      0.00000
 37.67000      0.31235      0.00000
 37.68000      0.28846      0.00000
 37.69000      0.28254      0.00000
 37.70000      0.29337      0.00000
 37.71000      0.32494      0.00000
 37.72000      0.39013      0.00000
 37.73000      0.51465      0.00000
 37.74000      0.73386      0.00000
 37.75000      1.07240      0.00000
 37.76000      1.48365      0.00000
 37.77000      1.77072      0.00000
 37.78000      1.71897      0.00000
 37.79000      1.39109      0.00000
 37.80000      1.02779      0.00000
 37.81000      0.74716      0.00000
 37.82000      0.57247      0.00000
 37.83000      0.48732      0.00000
 37.84000      0.46761      0.00000
 37.85000      0.49992      0.00000
 37.86000      0.58075      0.00000
 37.87000      0.70499      0.00000
 37.88000      0.84471      0.00000
 37.89000      0.96802      0.00000
 37.90000      1.14313      0.00000
 37.91000      1.50842      0.00000
 37.92000      2.18406      0.00000
 37.93000      3.23297      0.00000
 37.94000      4.52844      0.00000
 37.95000      5.36449      0.00000
 37.96000      4.87490      0.00000
 37.97000      3.57010      0.00000
 37.98000      2.36605      0.00000
 37.99000      1.54917      0.00000
 38.00000      1.08226      0.00000
 38.01000      0.85571      0.00000
 38.02000      0.78282      0.00000
 38.03000      0.81990      0.00000
 38.04000      0.94263      0.00000
 38.05000      1.09798      0.00000
 38.06000      1.21324      0.00000
 38.07000      1.30475      0.00000
 38.08000      1.38231      0.00000
 38.09000      1.37368      0.00000
 38.10000      1.23437      0.00000
 38.11000      1.04412      0.00000
 38.12000      0.90907      0.00000
 38.13000      0.86027      0.00000
 38.14000      0.87416      0.00000
 38.15000      0.94271      0.00000
 38.16000      1.03992      0.00000
 38.17000      1.15068      0.00000
 38.18000      1.35091      0.00000
 38.19000      1.70742      0.00000
 38.20000      2.21276      0.00000
 38.21000      2.68222      0.00000
 38.22000      2.80137      0.00000
 38.23000      2.42645      0.00000
 38.24000      1.81232      0.00000
 38.25000      1.30399      0.00000
 38.26000      1.01696      0.00000
 38.27000      0.93972      0.00000
 38.28000      1.02105      0.00000
 38.29000      1.16628      0.00000
 38.30000      1.23695      0.00000
 38.31000      1.15311      0.00000
 38.32000      0.95006      0.00000
 38.33000      0.75250      0.00000
 38.34000      0.62836      0.00000
 38.35000      0.57629      0.00000
 38.36000      0.58063      0.00000
 38.37000      0.65300      0.00000
 38.38000      0.82968      0.00000
 38.39000      1.14915      0.00000
 38.40000      1.61028      0.00000
 38.41000      2.09568      0.00000
 38.42000      2.32197      0.00000
 38.43000      2.07976      0.00000
 38.44000      1.64589      0.00000
 38.45000      1.34827      0.00000
 38.46000      1.29596      0.00000
 38.47000      1.49112      0.00000
 38.48000      1.85644      0.00000
 38.49000      2.20052      0.00000
 38.50000      2.27261      0.00000
 38.51000      2.06577      0.00000
 38.52000      1.78283      0.00000
 38.53000      1.56458      0.00000
 38.54000      1.49934      0.00000
 38.55000      1.51002      0.00000
 38.56000      1.43139      0.00000
 38.57000      1.25618      0.00000
 38.58000      1.06054      0.00000
 38.59000      0.88565      0.00000
 38.60000      0.74106      0.00000
 38.61000      0.64751      0.00000
 38.62000      0.59791      0.00000
 38.63000      0.57521      0.00000
 38.64000      0.60075      0.00000
 38.65000      0.69648      0.00000
 38.66000      0.85311      0.00000
 38.67000      1.00722      0.00000
 38.68000      1.06332      0.00000
 38.69000      1.03411      0.00000
 38.70000      0.98964      0.00000
 38.71000      0.95858      0.00000
 38.72000      0.93442      0.00000
 38.73000      0.88605      0.00000
 38.74000      0.80540      0.00000
 38.75000      0.70196      0.00000
 38.76000      0.63116      0.00000
 38.77000      0.62777      0.00000
 38.78000      0.68141      0.00000
 38.79000      0.73192      0.00000
 38.80000      0.73812      0.00000
 38.81000      0.76857      0.00000
 38.82000      0.90546      0.00000
 38.83000      1.16431      0.00000
 38.84000      1.44906      0.00000
 38.85000      1.56496      0.00000
 38.86000      1.44149      0.00000
 38.87000      1.15191      0.00000
 38.88000      0.83393      0.00000
 38.89000      0.58352      0.00000
 38.90000      0.42126      0.00000
 38.91000      0.32888      0.00000
 38.92000      0.28317      0.00000
 38.93000      0.26984      0.00000
 38.94000      0.28546      0.00000
 38.95000      0.33479      0.00000
 38.96000      0.42270      0.00000
 38.97000      0.53857      0.00000
 38.98000      0.64478      0.00000
 38.99000      0.68189      0.00000
 39.00000      0.61689      0.00000
 39.01000      0.50988      0.00000
 39.02000      0.41138      0.00000
 39.03000      0.34332      0.00000
 39.04000      0.31881      0.00000
 39.05000      0.33829      0.00000
 39.06000      0.39325      0.00000
 39.07000      0.45665      0.00000
 39.08000      0.48791      0.00000
 39.09000      0.49689      0.00000
 39.10000      0.52275      0.00000
 39.11000      0.57880      0.00000
 39.12000      0.65844      0.00000
 39.13000      0.69657      0.00000
 39.14000      0.63267      0.00000
 39.15000      0.53106      0.00000
 39.16000      0.46473      0.00000
 39.17000      0.44847      0.00000
 39.18000      0.46122      0.00000
 39.19000      0.47908      0.00000
 39.20000      0.52391      0.00000
 39.21000      0.63753      0.00000
 39.22000      0.84013      0.00000
 39.23000      1.10000      0.00000
 39.24000      1.27449      0.00000
 39.25000      1.21166      0.00000
 39.26000      1.02279      0.00000
 39.27000      0.89482      0.00000
 39.28000      0.91251      0.00000
 39.29000      1.10976      0.00000
 39.30000      1.49050      0.00000
 39.31000      1.98370      0.00000
 39.32000      2.35284      0.00000
 39.33000      2.35171      0.00000
 39.34000      2.09072      0.00000
 39.35000      1.83944      0.00000
 39.36000      1.67933      0.00000
 39.37000      1.61245      0.00000
 39.38000      1.66701      0.00000
 39.39000      1.85170      0.00000
 39.40000      2.07011      0.00000
 39.41000      2.19561      0.00000
 39.42000      2.28694      0.00000
 39.43000      2.40068      0.00000
 39.44000      2.51369      0.00000
 39.45000      2.54587      0.00000
 39.46000      2.38585      0.00000
 39.47000      1.99123      0.00000
 39.48000      1.58442      0.00000
 39.49000      1.32981      0.00000
 39.50000      1.19730      0.00000
 39.51000      1.10528      0.00000
 39.52000      1.03341      0.00000
 39.53000      0.92970      0.00000
 39.54000      0.75922      0.00000
 39.55000      0.58980      0.00000
 39.56000      0.47202      0.00000
 39.57000      0.41336      0.00000
 39.58000      0.40833      0.00000
 39.59000      0.44862      0.00000
 39.60000      0.51570      0.00000
 39.61000      0.56452      0.00000
 39.62000      0.56061      0.00000
 39.63000      0.53616      0.00000
 39.64000      0.53114      0.00000
 39.65000      0.55722      0.00000
 39.66000      0.60637      0.00000
 39.67000      0.68736      0.00000
 39.68000      0.81126      0.00000
 39.69000      0.95457      0.00000
 39.70000      1.01388      0.00000
 39.71000      0.92048      0.00000
 39.72000      0.78101      0.00000
 39.73000      0.70665      0.00000
 39.74000      0.72093      0.00000
 39.75000      0.78417      0.00000
 39.76000      0.84514      0.00000
 39.77000      0.91119      0.00000
 39.78000      0.95935      0.00000
 39.79000      0.89359      0.00000
 39.80000      0.73200      0.00000
 39.81000      0.58444      0.00000
 39.82000      0.50023      0.00000
 39.83000      0.48294      0.00000
 39.84000      0.52168      0.00000
 39.85000      0.59757      0.00000
 39.86000      0.70067      0.00000
 39.87000      0.86401      0.00000
 39.88000      1.11889      0.00000
 39.89000      1.42203      0.00000
 39.90000      1.67962      0.00000
 39.91000      1.83451      0.00000
 39.92000      1.80426      0.00000
 39.93000      1.61245      0.00000
 39.94000      1.33107      0.00000
 39.95000      1.04823      0.00000
 39.96000      0.85932      0.00000
 39.97000      0.78966      0.00000
 39.98000      0.83219      0.00000
 39.99000      0.98939      0.00000
 40.00000      1.27169      0.00000
 40.01000      1.65843      0.00000
 40.02000      2.08773      0.00000
 40.03000      2.40934      0.00000
 40.04000      2.50019      0.00000
 40.05000      2.44136      0.00000
 40.06000      2.22379      0.00000
 40.07000      1.88798      0.00000
 40.08000      1.62341      0.00000
 40.09000      1.48979      0.00000
 40.10000      1.42912      0.00000
 40.11000      1.37166      0.00000
 40.12000      1.27722      0.00000
 40.13000      1.16724      0.00000
 40.14000      1.07197      0.00000
 40.15000      1.03845      0.00000
 40.16000      1.09666      0.00000
 40.17000      1.18896      0.00000
 40.18000      1.19953      0.00000
 40.19000      1.12152      0.00000
 40.20000      1.05311      0.00000
 40.21000      1.04172      0.00000
 40.22000      1.09957      0.00000
 40.23000      1.25277      0.00000
 40.24000      1.48570      0.00000
 40.25000      1.77343      0.00000
 40.26000      2.16701      0.00000
 40.27000      2.65848      0.00000
 40.28000      3.16530      0.00000
 40.29000      3.56598      0.00000
 40.30000      3.69006      0.00000
 40.31000      3.48930      0.00000
 40.32000      3.13991      0.00000
 40.33000      2.76440      0.00000
 40.34000      2.35028      0.00000
 40.35000      2.05688      0.00000
 40.36000      2.02408      0.00000
 40.37000      2.21689      0.00000
 40.38000      2.38680      0.00000
 40.39000      2.24309      0.00000
 40.40000      1.86453      0.00000
 40.41000      1.48845      0.00000
 40.42000      1.21784      0.00000
 40.43000      1.03434      0.00000
 40.44000      0.93616      0.00000
 40.45000      0.95434      0.00000
 40.46000      1.08190      0.00000
 40.47000      1.22957      0.00000
 40.48000      1.21557      0.00000
 40.49000      0.99847      0.00000
 40.50000      0.73928      0.00000
 40.51000      0.53863      0.00000
 40.52000      0.41048      0.00000
 40.53000      0.33999      0.00000
 40.54000      0.31040      0.00000
 40.55000      0.31251      0.00000
 40.56000      0.34489      0.00000
 40.57000      0.40831      0.00000
 40.58000      0.49266      0.00000
 40.59000      0.56467      0.00000
 40.60000      0.61004      0.00000
 40.61000      0.65379      0.00000
 40.62000      0.67974      0.00000
 40.63000      0.65600      0.00000
 40.64000      0.59024      0.00000
 40.65000      0.51698      0.00000
 40.66000      0.47688      0.00000
 40.67000      0.48333      0.00000
 40.68000      0.52145      0.00000
 40.69000      0.58080      0.00000
 40.70000      0.65531      0.00000
 40.71000      0.69593      0.00000
 40.72000      0.68063      0.00000
 40.73000      0.67029      0.00000
 40.74000      0.69399      0.00000
 40.75000      0.73070      0.00000
 40.76000      0.75118      0.00000
 40.77000      0.72627      0.00000
 40.78000      0.64460      0.00000
 40.79000      0.51914      0.00000
 40.80000      0.40358      0.00000
 40.81000      0.32951      0.00000
 40.82000      0.29394      0.00000
 40.83000      0.27517      0.00000
 40.84000      0.24925      0.00000
 40.85000      0.21691      0.00000
 40.86000      0.19089      0.00000
 40.87000      0.17569      0.00000
 40.88000      0.17091      0.00000
 40.89000      0.17551      0.00000
 40.90000      0.18992      0.00000
 40.91000      0.21765      0.00000
 40.92000      0.26602      0.00000
 40.93000      0.34579      0.00000
 40.94000      0.46710      0.00000
 40.95000      0.62625      0.00000
 40.96000      0.78459      0.00000
 40.97000      0.90788      0.00000
 40.98000      1.00995      0.00000
 40.99000      1.07042      0.00000
 41.00000      1.10971      0.00000
 41.01000      1.20144      0.00000
 41.02000      1.30040      0.00000
 41.03000      1.26103      0.00000
 41.04000      1.09935      0.00000
 41.05000      0.94446      0.00000
 41.06000      0.81581      0.00000
 41.07000      0.69328      0.00000
 41.08000      0.59904      0.00000
 41.09000      0.53097      0.00000
 41.10000      0.46549      0.00000
 41.11000      0.41478      0.00000
 41.12000      0.40172      0.00000
 41.13000      0.43454      0.00000
 41.14000      0.50756      0.00000
 41.15000      0.59631      0.00000
 41.16000      0.67970      0.00000
 41.17000      0.74611      0.00000
 41.18000      0.75174      0.00000
 41.19000      0.70493      0.00000
 41.20000      0.67305      0.00000
 41.21000      0.68175      0.00000
 41.22000      0.73710      0.00000
 41.23000      0.85069      0.00000
 41.24000      1.02119      0.00000
 41.25000      1.22226      0.00000
 41.26000      1.37408      0.00000
 41.27000      1.43699      0.00000
 41.28000      1.40844      0.00000
 41.29000      1.26102      0.00000
 41.30000      1.07910      0.00000
 41.31000      0.98755      0.00000
 41.32000      1.02062      0.00000
 41.33000      1.14064      0.00000
 41.34000      1.30296      0.00000
 41.35000      1.44612      0.00000
 41.36000      1.44547      0.00000
 41.37000      1.29642      0.00000
 41.38000      1.08250      0.00000
 41.39000      0.88449      0.00000
 41.40000      0.76710      0.00000
 41.41000      0.73531      0.00000
 41.42000      0.76317      0.00000
 41.43000      0.80410      0.00000
 41.44000      0.79609      0.00000
 41.45000      0.71589      0.00000
 41.46000      0.61968      0.00000
 41.47000      0.56898      0.00000
 41.48000      0.59532      0.00000
 41.49000      0.71861      0.00000
 41.50000      0.95290      0.00000
 41.51000      1.28182      0.00000
 41.52000      1.60383      0.00000
 41.53000      1.76221      0.00000
 41.54000      1.71912      0.00000
 41.55000      1.57033      0.00000
 41.56000      1.35182      0.00000
 41.57000      1.09498      0.00000
 41.58000      0.90225      0.00000
 41.59000      0.81993      0.00000
 41.60000      0.83254      0.00000
 41.61000      0.90384      0.00000
 41.62000      1.00199      0.00000
 41.63000      1.11570      0.00000
 41.64000      1.21901      0.00000
 41.65000      1.23794      0.00000
 41.66000      1.17518      0.00000
 41.67000      1.13454      0.00000
 41.68000      1.12766      0.00000
 41.69000      1.06796      0.00000
 41.70000      0.94969      0.00000
 41.71000      0.81882      0.00000
 41.72000      0.67173      0.00000
 41.73000      0.53176      0.00000
 41.74000      0.43099      0.00000
 41.75000      0.37401      0.00000
 41.76000      0.35435      0.00000
 41.77000      0.36693      0.00000
 41.78000      0.41264      0.00000
 41.79000      0.49956      0.00000
 41.80000      0.64410      0.00000
 41.81000      0.86408      0.00000
 41.82000      1.15725      0.00000
 41.83000      1.46117      0.00000
 41.84000      1.67492      0.00000
 41.85000      1.74480      0.00000
 41.86000      1.68810      0.00000
 41.87000      1.62763      0.00000
 41.88000      1.63090      0.00000
 41.89000      1.60051      0.00000
 41.90000      1.45377      0.00000
 41.91000      1.24858      0.00000
 41.92000      1.04986      0.00000
 41.93000      0.90431      0.00000
 41.94000      0.84808      0.00000
 41.95000      0.91495      0.00000
 41.96000      1.11782      0.00000
 41.97000      1.41951      0.00000
 41.98000      1.66687      0.00000
 41.99000      1.65735      0.00000
 42.00000      1.45548      0.00000
 42.01000      1.25671      0.00000
 42.02000      1.14875      0.00000
 42.03000      1.15912      0.00000
 42.04000      1.22395      0.00000
 42.05000      1.17748      0.00000
 42.06000      0.96424      0.00000
 42.07000      0.71397      0.00000
 42.08000      0.51726      0.00000
 42.09000      0.38860      0.00000
 42.10000      0.31577      0.00000
 42.11000      0.28329      0.00000
 42.12000      0.28064      0.00000
 42.13000      0.30147      0.00000
 42.14000      0.33652      0.00000
 42.15000      0.36550      0.00000
 42.16000      0.36760      0.00000
 42.17000      0.35018      0.00000
 42.18000      0.34422      0.00000
 42.19000      0.36583      0.00000
 42.20000      0.40416      0.00000
 42.21000      0.42061      0.00000
 42.22000      0.39310      0.00000
 42.23000      0.35331      0.00000
 42.24000      0.33402      0.00000
 42.25000      0.35196      0.00000
 42.26000      0.42057      0.00000
 42.27000      0.55260      0.00000
 42.28000      0.75286      0.00000
 42.29000      0.98885      0.00000
 42.30000      1.16104      0.00000
 42.31000      1.21982      0.00000
 42.32000      1.24489      0.00000
 42.33000      1.24141      0.00000
 42.34000      1.15097      0.00000
 42.35000      1.00418      0.00000
 42.36000      0.86317      0.00000
 42.37000      0.73996      0.00000
 42.38000      0.60991      0.00000
 42.39000      0.48299      0.00000
 42.40000      0.38199      0.00000
 42.41000      0.31439      0.00000
 42.42000      0.27436      0.00000
 42.43000      0.25322      0.00000
 42.44000      0.24790      0.00000
 42.45000      0.25956      0.00000
 42.46000      0.29145      0.00000
 42.47000      0.34872      0.00000
 42.48000      0.43637      0.00000
 42.49000      0.55425      0.00000
 42.50000      0.70803      0.00000
 42.51000      0.92534      0.00000
 42.52000      1.19887      0.00000
 42.53000      1.40381      0.00000
 42.54000      1.36321      0.00000
 42.55000      1.12524      0.00000
 42.56000      0.88309      0.00000
 42.57000      0.73716      0.00000
 42.58000      0.70471      0.00000
 42.59000      0.77537      0.00000
 42.60000      0.91469      0.00000
 42.61000      1.03299      0.00000
 42.62000      1.03932      0.00000
 42.63000      0.98005      0.00000
 42.64000      0.94863      0.00000
 42.65000      0.94705      0.00000
 42.66000      0.91334      0.00000
 42.67000      0.85486      0.00000
 42.68000      0.84068      0.00000
 42.69000      0.90165      0.00000
 42.70000      0.99326      0.00000
 42.71000      1.02583      0.00000
 42.72000      0.98684      0.00000
 42.73000      0.94032      0.00000
 42.74000      0.94568      0.00000
 42.75000      1.00254      0.00000
 42.76000      1.05962      0.00000
 42.77000      1.09487      0.00000
 42.78000      1.08381      0.00000
 42.79000      0.97306      0.00000
 42.80000      0.79117      0.00000
 42.81000      0.62704      0.00000
 42.82000      0.52142      0.00000
 42.83000      0.46675      0.00000
 42.84000      0.44707      0.00000
 42.85000      0.45370      0.00000
 42.86000      0.47330      0.00000
 42.87000      0.48323      0.00000
 42.88000      0.49087      0.00000
 42.89000      0.52264      0.00000
 42.90000      0.57199      0.00000
 42.91000      0.60284      0.00000
 42.92000      0.59444      0.00000
 42.93000      0.56471      0.00000
 42.94000      0.54289      0.00000
 42.95000      0.54484      0.00000
 42.96000      0.59090      0.00000
 42.97000      0.67788      0.00000
 42.98000      0.74954      0.00000
 42.99000      0.74539      0.00000
 43.00000      0.69094      0.00000
 43.01000      0.62477      0.00000
 43.02000      0.54575      0.00000
 43.03000      0.47212      0.00000
 43.04000      0.42702      0.00000
 43.05000      0.40997      0.00000
 43.06000      0.40951      0.00000
 43.07000      0.41205      0.00000
 43.08000      0.41858      0.00000
 43.09000      0.44585      0.00000
 43.10000      0.51237      0.00000
 43.11000      0.63799      0.00000
 43.12000      0.82128      0.00000
 43.13000      1.00997      0.00000
 43.14000      1.10383      0.00000
 43.15000      1.06103      0.00000
 43.16000      0.95786      0.00000
 43.17000      0.86633      0.00000
 43.18000      0.82005      0.00000
 43.19000      0.81875      0.00000
 43.20000      0.83925      0.00000
 43.21000      0.88997      0.00000
 43.22000      0.96779      0.00000
 43.23000      1.00114      0.00000
 43.24000      0.92243      0.00000
 43.25000      0.77423      0.00000
 43.26000      0.62983      0.00000
 43.27000      0.52984      0.00000
 43.28000      0.48594      0.00000
 43.29000      0.47758      0.00000
 43.30000      0.45984      0.00000
 43.31000      0.41412      0.00000
 43.32000      0.36965      0.00000
 43.33000      0.34997      0.00000
 43.34000      0.36000      0.00000
 43.35000      0.39275      0.00000
 43.36000      0.42244      0.00000
 43.37000      0.42264      0.00000
 43.38000      0.41376      0.00000
 43.39000      0.43637      0.00000
 43.40000      0.51490      0.00000
 43.41000      0.65599      0.00000
 43.42000      0.83334      0.00000
 43.43000      0.96175      0.00000
 43.44000      0.97165      0.00000
 43.45000      0.89949      0.00000
 43.46000      0.77610      0.00000
 43.47000      0.63357      0.00000
 43.48000      0.52618      0.00000
 43.49000      0.47869      0.00000
 43.50000      0.49518      0.00000
 43.51000      0.57624      0.00000
 43.52000      0.71809      0.00000
 43.53000      0.90862      0.00000
 43.54000      1.12963      0.00000
 43.55000      1.31299      0.00000
 43.56000      1.34668      0.00000
 43.57000      1.25695      0.00000
 43.58000      1.17121      0.00000
 43.59000      1.11333      0.00000
 43.60000      1.02086      0.00000
 43.61000      0.90787      0.00000
 43.62000      0.85380      0.00000
 43.63000      0.90450      0.00000
 43.64000      1.07017      0.00000
 43.65000      1.33287      0.00000
 43.66000      1.65998      0.00000
 43.67000      1.98710      0.00000
 43.68000      2.16799      0.00000
 43.69000      2.13526      0.00000
 43.70000      1.92839      0.00000
 43.71000      1.59586      0.00000
 43.72000      1.25343      0.00000
 43.73000      1.01131      0.00000
 43.74000      0.89446      0.00000
 43.75000      0.86822      0.00000
 43.76000      0.88648      0.00000
 43.77000      0.92567      0.00000
 43.78000      0.94234      0.00000
 43.79000      0.89726      0.00000
 43.80000      0.82324      0.00000
 43.81000      0.77516      0.00000
 43.82000      0.76011      0.00000
 43.83000      0.72807      0.00000
 43.84000      0.65680      0.00000
 43.85000      0.59544      0.00000
 43.86000      0.58740      0.00000
 43.87000      0.64633      0.00000
 43.88000      0.76180      0.00000
 43.89000      0.88367      0.00000
 43.90000      0.93613      0.00000
 43.91000      0.93124      0.00000
 43.92000      0.95653      0.00000
 43.93000      1.07010      0.00000
 43.94000      1.28383      0.00000
 43.95000      1.56204      0.00000
 43.96000      1.83866      0.00000
 43.97000      1.95032      0.00000
 43.98000      1.76652      0.00000
 43.99000      1.41798      0.00000
 44.00000      1.07561      0.00000
 44.01000      0.82664      0.00000
 44.02000      0.69088      0.00000
 44.03000      0.64901      0.00000
 44.04000      0.66203      0.00000
 44.05000      0.68780      0.00000
 44.06000      0.70347      0.00000
 44.07000      0.69799      0.00000
 44.08000      0.67059      0.00000
 44.09000      0.62838      0.00000
 44.10000      0.57375      0.00000
 44.11000      0.51299      0.00000
 44.12000      0.47057      0.00000
 44.13000      0.46783      0.00000
 44.14000      0.51493      0.00000
 44.15000      0.61594      0.00000
 44.16000      0.76375      0.00000
 44.17000      0.92072      0.00000
 44.18000      1.03345      0.00000
 44.19000      1.12181      0.00000
 44.20000      1.26910      0.00000
 44.21000      1.52786      0.00000
 44.22000      1.84967      0.00000
 44.23000      2.08725      0.00000
 44.24000      2.18048      0.00000
 44.25000      2.18785      0.00000
 44.26000      2.17054      0.00000
 44.27000      2.11685      0.00000
 44.28000      1.92029      0.00000
 44.29000      1.55424      0.00000
 44.30000      1.16460      0.00000
 44.31000      0.86460      0.00000
 44.32000      0.67263      0.00000
 44.33000      0.56991      0.00000
 44.34000      0.53135      0.00000
 44.35000      0.53402      0.00000
 44.36000      0.56183      0.00000
 44.37000      0.61212      0.00000
 44.38000      0.69185      0.00000
 44.39000      0.80860      0.00000
 44.40000      0.96563      0.00000
 44.41000      1.12385      0.00000
 44.42000      1.20883      0.00000
 44.43000      1.23184      0.00000
 44.44000      1.24978      0.00000
 44.45000      1.27914      0.00000
 44.46000      1.34186      0.00000
 44.47000      1.42158      0.00000
 44.48000      1.49366      0.00000
 44.49000      1.59521      0.00000
 44.50000      1.72396      0.00000
 44.51000      1.84216      0.00000
 44.52000      1.93480      0.00000
 44.53000      1.94490      0.00000
 44.54000      1.90119      0.00000
 44.55000      1.93346      0.00000
 44.56000      2.04402      0.00000
 44.57000      2.08427      0.00000
 44.58000      1.98826      0.00000
 44.59000      1.87506      0.00000
 44.60000      1.83753      0.00000
 44.61000      1.84444      0.00000
 44.62000      1.81046      0.00000
 44.63000      1.77313      0.00000
 44.64000      1.82737      0.00000
 44.65000      1.95798      0.00000
 44.66000      2.04189      0.00000
 44.67000      1.97826      0.00000
 44.68000      1.78530      0.00000
 44.69000      1.52216      0.00000
 44.70000      1.27314      0.00000
 44.71000      1.10117      0.00000
 44.72000      1.02839      0.00000
 44.73000      1.06041      0.00000
 44.74000      1.16477      0.00000
 44.75000      1.27849      0.00000
 44.76000      1.34576      0.00000
 44.77000      1.34171      0.00000
 44.78000      1.30733      0.00000
 44.79000      1.26789      0.00000
 44.80000      1.20642      0.00000
 44.81000      1.11402      0.00000
 44.82000      1.00738      0.00000
 44.83000      0.89923      0.00000
 44.84000      0.79703      0.00000
 44.85000      0.70072      0.00000
 44.86000      0.62668      0.00000
 44.87000      0.58584      0.00000
 44.88000      0.56493      0.00000
 44.89000      0.55622      0.00000
 44.90000      0.56318      0.00000
 44.91000      0.58556      0.00000
 44.92000      0.63252      0.00000
 44.93000      0.72496      0.00000
 44.94000      0.86732      0.00000
 44.95000      1.04654      0.00000
 44.96000      1.23499      0.00000
 44.97000      1.37942      0.00000
 44.98000      1.47005      0.00000
 44.99000      1.52957      0.00000
 45.00000      1.52832      0.00000
 45.01000      1.39551      0.00000
 45.02000      1.18421      0.00000
 45.03000      1.00646      0.00000
 45.04000      0.91345      0.00000
 45.05000      0.90936      0.00000
 45.06000      0.95155      0.00000
 45.07000      0.96035      0.00000
 45.08000      0.89863      0.00000
 45.09000      0.80908      0.00000
 45.10000      0.72423      0.00000
 45.11000      0.65136      0.00000
 45.12000      0.59816      0.00000
 45.13000      0.57471      0.00000
 45.14000      0.59693      0.00000
 45.15000      0.66615      0.00000
 45.16000      0.75744      0.00000
 45.17000      0.82011      0.00000
 45.18000      0.81868      0.00000
 45.19000      0.79249      0.00000
 45.20000      0.79782      0.00000
 45.21000      0.82675      0.00000
 45.22000      0.80581      0.00000
 45.23000      0.69688      0.00000
 45.24000      0.55287      0.00000
 45.25000      0.42537      0.00000
 45.26000      0.33210      0.00000
 45.27000      0.27342      0.00000
 45.28000      0.24262      0.00000
 45.29000      0.23280      0.00000
 45.30000      0.23910      0.00000
 45.31000      0.25737      0.00000
 45.32000      0.28410      0.00000
 45.33000      0.31829      0.00000
 45.34000      0.35177      0.00000
 45.35000      0.36620      0.00000
 45.36000      0.36254      0.00000
 45.37000      0.36304      0.00000
 45.38000      0.38586      0.00000
 45.39000      0.44807      0.00000
 45.40000      0.56608      0.00000
 45.41000      0.74956      0.00000
 45.42000      0.99823      0.00000
 45.43000      1.27359      0.00000
 45.44000      1.43868      0.00000
 45.45000      1.35293      0.00000
 45.46000      1.08895      0.00000
 45.47000      0.81293      0.00000
 45.48000      0.60517      0.00000
 45.49000      0.47524      0.00000
 45.50000      0.40867      0.00000
 45.51000      0.38936      0.00000
 45.52000      0.40808      0.00000
 45.53000      0.46408      0.00000
 45.54000      0.56351      0.00000
 45.55000      0.71445      0.00000
 45.56000      0.90839      0.00000
 45.57000      1.09612      0.00000
 45.58000      1.22591      0.00000
 45.59000      1.32784      0.00000
 45.60000      1.43654      0.00000
 45.61000      1.52708      0.00000
 45.62000      1.59282      0.00000
 45.63000      1.65280      0.00000
 45.64000      1.74697      0.00000
 45.65000      1.90929      0.00000
 45.66000      2.10183      0.00000
 45.67000      2.23959      0.00000
 45.68000      2.24740      0.00000
 45.69000      2.14123      0.00000
 45.70000      1.96487      0.00000
 45.71000      1.72592      0.00000
 45.72000      1.43600      0.00000
 45.73000      1.16058      0.00000
 45.74000      0.95051      0.00000
 45.75000      0.78686      0.00000
 45.76000      0.64378      0.00000
 45.77000      0.52747      0.00000
 45.78000      0.44642      0.00000
 45.79000      0.40230      0.00000
 45.80000      0.39469      0.00000
 45.81000      0.42495      0.00000
 45.82000      0.49561      0.00000
 45.83000      0.60341      0.00000
 45.84000      0.72448      0.00000
 45.85000      0.81838      0.00000
 45.86000      0.86454      0.00000
 45.87000      0.86218      0.00000
 45.88000      0.83568      0.00000
 45.89000      0.80585      0.00000
 45.90000      0.78017      0.00000
 45.91000      0.77280      0.00000
 45.92000      0.77893      0.00000
 45.93000      0.78049      0.00000
 45.94000      0.78795      0.00000
 45.95000      0.81784      0.00000
 45.96000      0.87044      0.00000
 45.97000      0.94698      0.00000
 45.98000      1.02552      0.00000
 45.99000      1.09295      0.00000
 46.00000      1.18680      0.00000
 46.01000      1.33088      0.00000
 46.02000      1.49952      0.00000
 46.03000      1.61873      0.00000
 46.04000      1.57312      0.00000
 46.05000      1.33672      0.00000
 46.06000      1.04018      0.00000
 46.07000      0.80006      0.00000
 46.08000      0.65291      0.00000
 46.09000      0.59387      0.00000
 46.10000      0.61041      0.00000
 46.11000      0.69331      0.00000
 46.12000      0.81800      0.00000
 46.13000      0.91628      0.00000
 46.14000      0.90223      0.00000
 46.15000      0.78245      0.00000
 46.16000      0.64115      0.00000
 46.17000      0.53503      0.00000
 46.18000      0.47257      0.00000
 46.19000      0.43893      0.00000
 46.20000      0.41315      0.00000
 46.21000      0.37789      0.00000
 46.22000      0.34219      0.00000
 46.23000      0.32675      0.00000
 46.24000      0.34367      0.00000
 46.25000      0.39727      0.00000
 46.26000      0.48257      0.00000
 46.27000      0.57599      0.00000
 46.28000      0.63646      0.00000
 46.29000      0.63545      0.00000
 46.30000      0.59104      0.00000
 46.31000      0.55484      0.00000
 46.32000      0.54941      0.00000
 46.33000      0.54999      0.00000
 46.34000      0.52018      0.00000
 46.35000      0.47256      0.00000
 46.36000      0.44492      0.00000
 46.37000      0.45274      0.00000
 46.38000      0.48220      0.00000
 46.39000      0.50084      0.00000
 46.40000      0.49636      0.00000
 46.41000      0.48079      0.00000
 46.42000      0.46189      0.00000
 46.43000      0.43467      0.00000
 46.44000      0.39984      0.00000
 46.45000      0.38057      0.00000
 46.46000      0.39539      0.00000
 46.47000      0.44565      0.00000
 46.48000      0.51146      0.00000
 46.49000      0.55151      0.00000
 46.50000      0.55097      0.00000
 46.51000      0.54528      0.00000
 46.52000      0.56228      0.00000
 46.53000      0.61462      0.00000
 46.54000      0.71247      0.00000
 46.55000      0.83853      0.00000
 46.56000      0.93143      0.00000
 46.57000      0.93876      0.00000
 46.58000      0.86768      0.00000
 46.59000      0.74568      0.00000
 46.60000      0.61258      0.00000
 46.61000      0.50412      0.00000
 46.62000      0.43021      0.00000
 46.63000      0.37387      0.00000
 46.64000      0.31678      0.00000
 46.65000      0.26399      0.00000
 46.66000      0.22487      0.00000
 46.67000      0.20022      0.00000
 46.68000      0.18660      0.00000
 46.69000      0.18241      0.00000
 46.70000      0.18975      0.00000
 46.71000      0.21170      0.00000
 46.72000      0.24968      0.00000
 46.73000      0.30031      0.00000
 46.74000      0.35179      0.00000
 46.75000      0.38217      0.00000
 46.76000      0.37709      0.00000
 46.77000      0.35591      0.00000
 46.78000      0.34707      0.00000
 46.79000      0.36202      0.00000
 46.80000      0.39034      0.00000
 46.81000      0.40361      0.00000
 46.82000      0.38556      0.00000
 46.83000      0.35579      0.00000
 46.84000      0.34202      0.00000
 46.85000      0.35972      0.00000
 46.86000      0.41768      0.00000
 46.87000      0.52216      0.00000
 46.88000      0.67024      0.00000
 46.89000      0.83417      0.00000
 46.90000      0.96814      0.00000
 46.91000      1.05222      0.00000
 46.92000      1.10537      0.00000
 46.93000      1.14601      0.00000
 46.94000      1.16006      0.00000
 46.95000      1.14304      0.00000
 46.96000      1.12964      0.00000
 46.97000      1.13495      0.00000
 46.98000      1.12601      0.00000
 46.99000      1.08981      0.00000
 47.00000      1.04151      0.00000
 47.01000      1.00591      0.00000
 47.02000      1.02239      0.00000
 47.03000      1.08080      0.00000
 47.04000      1.09310      0.00000
 47.05000      0.99092      0.00000
 47.06000      0.83087      0.00000
 47.07000      0.69207      0.00000
 47.08000      0.59488      0.00000
 47.09000      0.53592      0.00000
 47.10000      0.52209      0.00000
 47.11000      0.55951      0.00000
 47.12000      0.63979      0.00000
 47.13000      0.73058      0.00000
 47.14000      0.77865      0.00000
 47.15000      0.77385      0.00000
 47.16000      0.76597      0.00000
 47.17000      0.78059      0.00000
 47.18000      0.79558      0.00000
 47.19000      0.77938      0.00000
 47.20000      0.72267      0.00000
 47.21000      0.64811      0.00000
 47.22000      0.59827      0.00000
 47.23000      0.58935      0.00000
 47.24000      0.60272      0.00000
 47.25000      0.61551      0.00000
 47.26000      0.63288      0.00000
 47.27000      0.65568      0.00000
 47.28000      0.65294      0.00000
 47.29000      0.60974      0.00000
 47.30000      0.56505      0.00000
 47.31000      0.56012      0.00000
 47.32000      0.61038      0.00000
 47.33000      0.71039      0.00000
 47.34000      0.84108      0.00000
 47.35000      0.97723      0.00000
 47.36000      1.07399      0.00000
 47.37000      1.11019      0.00000
 47.38000      1.12457      0.00000
 47.39000      1.14500      0.00000
 47.40000      1.16641      0.00000
 47.41000      1.17109      0.00000
 47.42000      1.13650      0.00000
 47.43000      1.06576      0.00000
 47.44000      1.00929      0.00000
 47.45000      1.00609      0.00000
 47.46000      1.05223      0.00000
 47.47000      1.11487      0.00000
 47.48000      1.16326      0.00000
 47.49000      1.15687      0.00000
 47.50000      1.05394      0.00000
 47.51000      0.89238      0.00000
 47.52000      0.75548      0.00000
 47.53000      0.69010      0.00000
 47.54000      0.71146      0.00000
 47.55000      0.82119      0.00000
 47.56000      0.99971      0.00000
 47.57000      1.17872      0.00000
 47.58000      1.24839      0.00000
 47.59000      1.16657      0.00000
 47.60000      1.00453      0.00000
 47.61000      0.84378      0.00000
 47.62000      0.71324      0.00000
 47.63000      0.61602      0.00000
 47.64000      0.55538      0.00000
 47.65000      0.53435      0.00000
 47.66000      0.55566      0.00000
 47.67000      0.61296      0.00000
 47.68000      0.67926      0.00000
 47.69000      0.71844      0.00000
 47.70000      0.71681      0.00000
 47.71000      0.70156      0.00000
 47.72000      0.71187      0.00000
 47.73000      0.75898      0.00000
 47.74000      0.84063      0.00000
 47.75000      0.96387      0.00000
 47.76000      1.14465      0.00000
 47.77000      1.39461      0.00000
 47.78000      1.65819      0.00000
 47.79000      1.78967      0.00000
 47.80000      1.72695      0.00000
 47.81000      1.55534      0.00000
 47.82000      1.33651      0.00000
 47.83000      1.10776      0.00000
 47.84000      0.92621      0.00000
 47.85000      0.83717      0.00000
 47.86000      0.84964      0.00000
 47.87000      0.94029      0.00000
 47.88000      1.04206      0.00000
 47.89000      1.05736      0.00000
 47.90000      0.96209      0.00000
 47.91000      0.81984      0.00000
 47.92000      0.68431      0.00000
 47.93000      0.58597      0.00000
 47.94000      0.53396      0.00000
 47.95000      0.51784      0.00000
 47.96000      0.51781      0.00000
 47.97000      0.51805      0.00000
 47.98000      0.50037      0.00000
 47.99000      0.45519      0.00000
 48.00000      0.40498      0.00000
 48.01000      0.37490      0.00000
 48.02000      0.37679      0.00000
 48.03000      0.41227      0.00000
 48.04000      0.47019      0.00000
 48.05000      0.52186      0.00000
 48.06000      0.54517      0.00000
 48.07000      0.54983      0.00000
 48.08000      0.53945      0.00000
 48.09000      0.50667      0.00000
 48.10000      0.47113      0.00000
 48.11000      0.45626      0.00000
 48.12000      0.46437      0.00000
 48.13000      0.49401      0.00000
 48.14000      0.55033      0.00000
 48.15000      0.62427      0.00000
 48.16000      0.68924      0.00000
 48.17000      0.72340      0.00000
 48.18000      0.72823      0.00000
 48.19000      0.71152      0.00000
 48.20000      0.68548      0.00000
 48.21000      0.68147      0.00000
 48.22000      0.71343      0.00000
 48.23000      0.76464      0.00000
 48.24000      0.79283      0.00000
 48.25000      0.77717      0.00000
 48.26000      0.76122      0.00000
 48.27000      0.78823      0.00000
 48.28000      0.86142      0.00000
 48.29000      0.95452      0.00000
 48.30000      1.02778      0.00000
 48.31000      1.05307      0.00000
 48.32000      1.01480      0.00000
 48.33000      0.93784      0.00000
 48.34000      0.87258      0.00000
 48.35000      0.83954      0.00000
 48.36000      0.82358      0.00000
 48.37000      0.80579      0.00000
 48.38000      0.78836      0.00000
 48.39000      0.78361      0.00000
 48.40000      0.78968      0.00000
 48.41000      0.80117      0.00000
 48.42000      0.80735      0.00000
 48.43000      0.78791      0.00000
 48.44000      0.72917      0.00000
 48.45000      0.63779      0.00000
 48.46000      0.53727      0.00000
 48.47000      0.45854      0.00000
 48.48000      0.41585      0.00000
 48.49000      0.40615      0.00000
 48.50000      0.41763      0.00000
 48.51000      0.43901      0.00000
 48.52000      0.47454      0.00000
 48.53000      0.53718      0.00000
 48.54000      0.62848      0.00000
 48.55000      0.74072      0.00000
 48.56000      0.87223      0.00000
 48.57000      1.00287      0.00000
 48.58000      1.09275      0.00000
 48.59000      1.14429      0.00000
 48.60000      1.16312      0.00000
 48.61000      1.10069      0.00000
 48.62000      0.95090      0.00000
 48.63000      0.79099      0.00000
 48.64000      0.67584      0.00000
 48.65000      0.60156      0.00000
 48.66000      0.53638      0.00000
 48.67000      0.47190      0.00000
 48.68000      0.42739      0.00000
 48.69000      0.41481      0.00000
 48.70000      0.43005      0.00000
 48.71000      0.45473      0.00000
 48.72000      0.46950      0.00000
 48.73000      0.47629      0.00000
 48.74000      0.49230      0.00000
 48.75000      0.52298      0.00000
 48.76000      0.55149      0.00000
 48.77000      0.57176      0.00000
 48.78000      0.60723      0.00000
 48.79000      0.67049      0.00000
 48.80000      0.74662      0.00000
 48.81000      0.80408      0.00000
 48.82000      0.80200      0.00000
 48.83000      0.73336      0.00000
 48.84000      0.64768      0.00000
 48.85000      0.57606      0.00000
 48.86000      0.50309      0.00000
 48.87000      0.41654      0.00000
 48.88000      0.33413      0.00000
 48.89000      0.27158      0.00000
 48.90000      0.23102      0.00000
 48.91000      0.20899      0.00000
 48.92000      0.20106      0.00000
 48.93000      0.20375      0.00000
 48.94000      0.21732      0.00000
 48.95000      0.24622      0.00000
 48.96000      0.29744      0.00000
 48.97000      0.37955      0.00000
 48.98000      0.49806      0.00000
 48.99000      0.64626      0.00000
 49.00000      0.79974      0.00000
 49.01000      0.90277      0.00000
 49.02000      0.88294      0.00000
 49.03000      0.75623      0.00000
 49.04000      0.60877      0.00000
 49.05000      0.48914      0.00000
 49.06000      0.40128      0.00000
 49.07000      0.33534      0.00000
 49.08000      0.28510      0.00000
 49.09000      0.25141      0.00000
 49.10000      0.23638      0.00000
 49.11000      0.24130      0.00000
 49.12000      0.26695      0.00000
 49.13000      0.31102      0.00000
 49.14000      0.36175      0.00000
 49.15000      0.39179      0.00000
 49.16000      0.37945      0.00000
 49.17000      0.34251      0.00000
 49.18000      0.31184      0.00000
 49.19000      0.30139      0.00000
 49.20000      0.31133      0.00000
 49.21000      0.33557      0.00000
 49.22000      0.36529      0.00000
 49.23000      0.39424      0.00000
 49.24000      0.42341      0.00000
 49.25000      0.45440      0.00000
 49.26000      0.49641      0.00000
 49.27000      0.56247      0.00000
 49.28000      0.65836      0.00000
 49.29000      0.78770      0.00000
 49.30000      0.94941      0.00000
 49.31000      1.10718      0.00000
 49.32000      1.19574      0.00000
 49.33000      1.19285      0.00000
 49.34000      1.12758      0.00000
 49.35000      1.05517      0.00000
 49.36000      1.02217      0.00000
 49.37000      1.02374      0.00000
 49.38000      1.03063      0.00000
 49.39000      1.01191      0.00000
 49.40000      0.95574      0.00000
 49.41000      0.89610      0.00000
 49.42000      0.84513      0.00000
 49.43000      0.77146      0.00000
 49.44000      0.67357      0.00000
 49.45000      0.59169      0.00000
 49.46000      0.55082      0.00000
 49.47000      0.54914      0.00000
 49.48000      0.57266      0.00000
 49.49000      0.61229      0.00000
 49.50000      0.66062      0.00000
 49.51000      0.70559      0.00000
 49.52000      0.75353      0.00000
 49.53000      0.83310      0.00000
 49.54000      0.95468      0.00000
 49.55000      1.09541      0.00000
 49.56000      1.24083      0.00000
 49.57000      1.36936      0.00000
 49.58000      1.38957      0.00000
 49.59000      1.23657      0.00000
 49.60000      0.98916      0.00000
 49.61000      0.75950      0.00000
 49.62000      0.59509      0.00000
 49.63000      0.49758      0.00000
 49.64000      0.45033      0.00000
 49.65000      0.42941      0.00000
 49.66000      0.40974      0.00000
 49.67000      0.37897      0.00000
 49.68000      0.34655      0.00000
 49.69000      0.32744      0.00000
 49.70000      0.33079      0.00000
 49.71000      0.36274      0.00000
 49.72000      0.42974      0.00000
 49.73000      0.53756      0.00000
 49.74000      0.68559      0.00000
 49.75000      0.85488      0.00000
 49.76000      1.01059      0.00000
 49.77000      1.13690      0.00000
 49.78000      1.24885      0.00000
 49.79000      1.34879      0.00000
 49.80000      1.39211      0.00000
 49.81000      1.34879      0.00000
 49.82000      1.23735      0.00000
 49.83000      1.09981      0.00000
 49.84000      0.97421      0.00000
 49.85000      0.87121      0.00000
 49.86000      0.77343      0.00000
 49.87000      0.66451      0.00000
 49.88000      0.55457      0.00000
 49.89000      0.46634      0.00000
 49.90000      0.41073      0.00000
 49.91000      0.38535      0.00000
 49.92000      0.38547      0.00000
 49.93000      0.40314      0.00000
 49.94000      0.41957      0.00000
 49.95000      0.41730      0.00000
 49.96000      0.39109      0.00000
 49.97000      0.34473      0.00000
 49.98000      0.29547      0.00000
 49.99000      0.25911      0.00000
 50.00000      0.24041      0.00000
 50.01000      0.23777      0.00000
 50.02000      0.24675      0.00000
 50.03000      0.26105      0.00000
 50.04000      0.27740      0.00000
 50.05000      0.30258      0.00000
 50.06000      0.34912      0.00000
 50.07000      0.42431      0.00000
 50.08000      0.52488      0.00000
 50.09000      0.63784      0.00000
 50.10000      0.73906      0.00000
 50.11000      0.78923      0.00000
 50.12000      0.76583      0.00000
 50.13000      0.68849      0.00000
 50.14000      0.60057      0.00000
 50.15000      0.53574      0.00000
 50.16000      0.50286      0.00000
 50.17000      0.49101      0.00000
 50.18000      0.48870      0.00000
 50.19000      0.49680      0.00000
 50.20000      0.51006      0.00000
 50.21000      0.51887      0.00000
 50.22000      0.52969      0.00000
 50.23000      0.55048      0.00000
 50.24000      0.57636      0.00000
 50.25000      0.59511      0.00000
 50.26000      0.59841      0.00000
 50.27000      0.59019      0.00000
 50.28000      0.57749      0.00000
 50.29000      0.56314      0.00000
 50.30000      0.54184      0.00000
 50.31000      0.51392      0.00000
 50.32000      0.48786      0.00000
 50.33000      0.46414      0.00000
 50.34000      0.44197      0.00000
 50.35000      0.42101      0.00000
 50.36000      0.39134      0.00000
 50.37000      0.35078      0.00000
 50.38000      0.30962      0.00000
 50.39000      0.27947      0.00000
 50.40000      0.26876      0.00000
 50.41000      0.27952      0.00000
 50.42000      0.30589      0.00000
 50.43000      0.33141      0.00000
 50.44000      0.33774      0.00000
 50.45000      0.32922      0.00000
 50.46000      0.32421      0.00000
 50.47000      0.32869      0.00000
 50.48000      0.33502      0.00000
 50.49000      0.33982      0.00000
 50.50000      0.35374      0.00000
 50.51000      0.39048      0.00000
 50.52000      0.45365      0.00000
 50.53000      0.53079      0.00000
 50.54000      0.59258      0.00000
 50.55000      0.60371      0.00000
 50.56000      0.54804      0.00000
 50.57000      0.45282      0.00000
 50.58000      0.36059      0.00000
 50.59000      0.29280      0.00000
 50.60000      0.25307      0.00000
 50.61000      0.23922      0.00000
 50.62000      0.24899      0.00000
 50.63000      0.28178      0.00000
 50.64000      0.33795      0.00000
 50.65000      0.41703      0.00000
 50.66000      0.50867      0.00000
 50.67000      0.58094      0.00000
 50.68000      0.59852      0.00000
 50.69000      0.57336      0.00000
 50.70000      0.55276      0.00000
 50.71000      0.56865      0.00000
 50.72000      0.62375      0.00000
 50.73000      0.70052      0.00000
 50.74000      0.77734      0.00000
 50.75000      0.82642      0.00000
 50.76000      0.83085      0.00000
 50.77000      0.80622      0.00000
 50.78000      0.76466      0.00000
 50.79000      0.70838      0.00000
 50.80000      0.65501      0.00000
 50.81000      0.62037      0.00000
 50.82000      0.59217      0.00000
 50.83000      0.54802      0.00000
 50.84000      0.48600      0.00000
 50.85000      0.42227      0.00000
 50.86000      0.36887      0.00000
 50.87000      0.33265      0.00000
 50.88000      0.31597      0.00000
 50.89000      0.31594      0.00000
 50.90000      0.33140      0.00000
 50.91000      0.36466      0.00000
 50.92000      0.41092      0.00000
 50.93000      0.44947      0.00000
 50.94000      0.45763      0.00000
 50.95000      0.43904      0.00000
 50.96000      0.41048      0.00000
 50.97000      0.38452      0.00000
 50.98000      0.37394      0.00000
 50.99000      0.38774      0.00000
 51.00000      0.42762      0.00000
 51.01000      0.48899      0.00000
 51.02000      0.56233      0.00000
 51.03000      0.64720      0.00000
 51.04000      0.76463      0.00000
 51.05000      0.93425      0.00000
 51.06000      1.14944      0.00000
 51.07000      1.36875      0.00000
 51.08000      1.55044      0.00000
 51.09000      1.68683      0.00000
 51.10000      1.73772      0.00000
 51.11000      1.64863      0.00000
 51.12000      1.45436      0.00000
 51.13000      1.25945      0.00000
 51.14000      1.12915      0.00000
 51.15000      1.05360      0.00000
 51.16000      0.98859      0.00000
 51.17000      0.91467      0.00000
 51.18000      0.83769      0.00000
 51.19000      0.77138      0.00000
 51.20000      0.73375      0.00000
 51.21000      0.72273      0.00000
 51.22000      0.71724      0.00000
 51.23000      0.69551      0.00000
 51.24000      0.65066      0.00000
 51.25000      0.60301      0.00000
 51.26000      0.58353      0.00000
 51.27000      0.60921      0.00000
 51.28000      0.68056      0.00000
 51.29000      0.78180      0.00000
 51.30000      0.86885      0.00000
 51.31000      0.88895      0.00000
 51.32000      0.84815      0.00000
 51.33000      0.79958      0.00000
 51.34000      0.78910      0.00000
 51.35000      0.84143      0.00000
 51.36000      0.95308      0.00000
 51.37000      1.09228      0.00000
 51.38000      1.21809      0.00000
 51.39000      1.29872      0.00000
 51.40000      1.30850      0.00000
 51.41000      1.24405      0.00000
 51.42000      1.13217      0.00000
 51.43000      1.00091      0.00000
 51.44000      0.87547      0.00000
 51.45000      0.78423      0.00000
 51.46000      0.73499      0.00000
 51.47000      0.71522      0.00000
 51.48000      0.71131      0.00000
 51.49000      0.71056      0.00000
 51.50000      0.70978      0.00000
 51.51000      0.70715      0.00000
 51.52000      0.68921      0.00000
 51.53000      0.65905      0.00000
 51.54000      0.63904      0.00000
 51.55000      0.64155      0.00000
 51.56000      0.67475      0.00000
 51.57000      0.74651      0.00000
 51.58000      0.84110      0.00000
 51.59000      0.91932      0.00000
 51.60000      0.96204      0.00000
 51.61000      0.97459      0.00000
 51.62000      0.94110      0.00000
 51.63000      0.83907      0.00000
 51.64000      0.69194      0.00000
 51.65000      0.55254      0.00000
 51.66000      0.45158      0.00000
 51.67000      0.39313      0.00000
 51.68000      0.36657      0.00000
 51.69000      0.35151      0.00000
 51.70000      0.32878      0.00000
 51.71000      0.29779      0.00000
 51.72000      0.26737      0.00000
 51.73000      0.24265      0.00000
 51.74000      0.22785      0.00000
 51.75000      0.22496      0.00000
 51.76000      0.23193      0.00000
 51.77000      0.24387      0.00000
 51.78000      0.25371      0.00000
 51.79000      0.25671      0.00000
 51.80000      0.25559      0.00000
 51.81000      0.25166      0.00000
 51.82000      0.23981      0.00000
 51.83000      0.22077      0.00000
 51.84000      0.20309      0.00000
 51.85000      0.19459      0.00000
 51.86000      0.19927      0.00000
 51.87000      0.21858      0.00000
 51.88000      0.25174      0.00000
 51.89000      0.29537      0.00000
 51.90000      0.34382      0.00000
 51.91000      0.38944      0.00000
 51.92000      0.42803      0.00000
 51.93000      0.45874      0.00000
 51.94000      0.47291      0.00000
 51.95000      0.46170      0.00000
 51.96000      0.43393      0.00000
 51.97000      0.40802      0.00000
 51.98000      0.38921      0.00000
 51.99000      0.36825      0.00000
 52.00000      0.34148      0.00000
 52.01000      0.31912      0.00000
 52.02000      0.30857      0.00000
 52.03000      0.30729      0.00000
 52.04000      0.31265      0.00000
 52.05000      0.33160      0.00000
 52.06000      0.37552      0.00000
 52.07000      0.45373      0.00000
 52.08000      0.57094      0.00000
 52.09000      0.72146      0.00000
 52.10000      0.88110      0.00000
 52.11000      1.00733      0.00000
 52.12000      1.07748      0.00000
 52.13000      1.11587      0.00000
 52.14000      1.12754      0.00000
 52.15000      1.08559      0.00000
 52.16000      1.01454      0.00000
 52.17000      0.97439      0.00000
 52.18000      0.98452      0.00000
 52.19000      1.01512      0.00000
 52.20000      1.03141      0.00000
 52.21000      1.02697      0.00000
 52.22000      0.99283      0.00000
 52.23000      0.91756      0.00000
 52.24000      0.82468      0.00000
 52.25000      0.75023      0.00000
 52.26000      0.70293      0.00000
 52.27000      0.66779      0.00000
 52.28000      0.63378      0.00000
 52.29000      0.61077      0.00000
 52.30000      0.61582      0.00000
 52.31000      0.64975      0.00000
 52.32000      0.69646      0.00000
 52.33000      0.73798      0.00000
 52.34000      0.76286      0.00000
 52.35000      0.76652      0.00000
 52.36000      0.75254      0.00000
 52.37000      0.73376      0.00000
 52.38000      0.71997      0.00000
 52.39000      0.70992      0.00000
 52.40000      0.70779      0.00000
 52.41000      0.71825      0.00000
 52.42000      0.73132      0.00000
 52.43000      0.72429      0.00000
 52.44000      0.68476      0.00000
 52.45000      0.62762      0.00000
 52.46000      0.58115      0.00000
 52.47000      0.56886      0.00000
 52.48000      0.59739      0.00000
 52.49000      0.65290      0.00000
 52.50000      0.70468      0.00000
 52.51000      0.72368      0.00000
 52.52000      0.70819      0.00000
 52.53000      0.67325      0.00000
 52.54000      0.62620      0.00000
 52.55000      0.57868      0.00000
 52.56000      0.55233      0.00000
 52.57000      0.56145      0.00000
 52.58000      0.60320      0.00000
 52.59000      0.66026      0.00000
 52.60000      0.72231      0.00000
 52.61000      0.80427      0.00000
 52.62000      0.91731      0.00000
 52.63000      1.03921      0.00000
 52.64000      1.13544      0.00000
 52.65000      1.20668      0.00000
 52.66000      1.27554      0.00000
 52.67000      1.33635      0.00000
 52.68000      1.34959      0.00000
 52.69000      1.28746      0.00000
 52.70000      1.17896      0.00000
 52.71000      1.06862      0.00000
 52.72000      0.97409      0.00000
 52.73000      0.90996      0.00000
 52.74000      0.88627      0.00000
 52.75000      0.88785      0.00000
 52.76000      0.88514      0.00000
 52.77000      0.86380      0.00000
 52.78000      0.82728      0.00000
 52.79000      0.76723      0.00000
 52.80000      0.67770      0.00000
 52.81000      0.58381      0.00000
 52.82000      0.50864      0.00000
 52.83000      0.45347      0.00000
 52.84000      0.41437      0.00000
 52.85000      0.38828      0.00000
 52.86000      0.36610      0.00000
 52.87000      0.34173      0.00000
 52.88000      0.32234      0.00000
 52.89000      0.31692      0.00000
 52.90000      0.32581      0.00000
 52.91000      0.33950      0.00000
 52.92000      0.34364      0.00000
 52.93000      0.32948      0.00000
 52.94000      0.30297      0.00000
 52.95000      0.27983      0.00000
 52.96000      0.27161      0.00000
 52.97000      0.28278      0.00000
 52.98000      0.31220      0.00000
 52.99000      0.35134      0.00000
 53.00000      0.38253      0.00000
 53.01000      0.39449      0.00000
 53.02000      0.40061      0.00000
 53.03000      0.42059      0.00000
 53.04000      0.45897      0.00000
 53.05000      0.50403      0.00000
 53.06000      0.53472      0.00000
 53.07000      0.53754      0.00000
 53.08000      0.52466      0.00000
 53.09000      0.51875      0.00000
 53.10000      0.52467      0.00000
 53.11000      0.52920      0.00000
 53.12000      0.52435      0.00000
 53.13000      0.51286      0.00000
 53.14000      0.50260      0.00000
 53.15000      0.50404      0.00000
 53.16000      0.52012      0.00000
 53.17000      0.54631      0.00000
 53.18000      0.57213      0.00000
 53.19000      0.58881      0.00000
 53.20000      0.60170      0.00000
 53.21000      0.62492      0.00000
 53.22000      0.66864      0.00000
 53.23000      0.72398      0.00000
 53.24000      0.75422      0.00000
 53.25000      0.71821      0.00000
 53.26000      0.62739      0.00000
 53.27000      0.53088      0.00000
 53.28000      0.46085      0.00000
 53.29000      0.42788      0.00000
 53.30000      0.43411      0.00000
 53.31000      0.47987      0.00000
 53.32000      0.56391      0.00000
 53.33000      0.68350      0.00000
 53.34000      0.83708      0.00000
 53.35000      1.01365      0.00000
 53.36000      1.17114      0.00000
 53.37000      1.25508      0.00000
 53.38000      1.24872      0.00000
 53.39000      1.18122      0.00000
 53.40000      1.10613      0.00000
 53.41000      1.07888      0.00000
 53.42000      1.13419      0.00000
 53.43000      1.26719      0.00000
 53.44000      1.42209      0.00000
 53.45000      1.50612      0.00000
 53.46000      1.45003      0.00000
 53.47000      1.27807      0.00000
 53.48000      1.08286      0.00000
 53.49000      0.92936      0.00000
 53.50000      0.83773      0.00000
 53.51000      0.80625      0.00000
 53.52000      0.81617      0.00000
 53.53000      0.84531      0.00000
 53.54000      0.89260      0.00000
 53.55000      0.96424      0.00000
 53.56000      1.04403      0.00000
 53.57000      1.10601      0.00000
 53.58000      1.15426      0.00000
 53.59000      1.19665      0.00000
 53.60000      1.19810      0.00000
 53.61000      1.13215      0.00000
 53.62000      1.03345      0.00000
 53.63000      0.94119      0.00000
 53.64000      0.86934      0.00000
 53.65000      0.82840      0.00000
 53.66000      0.81652      0.00000
 53.67000      0.81431      0.00000
 53.68000      0.80087      0.00000
 53.69000      0.77137      0.00000
 53.70000      0.73118      0.00000
 53.71000      0.68242      0.00000
 53.72000      0.62213      0.00000
 53.73000      0.54927      0.00000
 53.74000      0.47913      0.00000
 53.75000      0.43096      0.00000
 53.76000      0.41290      0.00000
 53.77000      0.42277      0.00000
 53.78000      0.44949      0.00000
 53.79000      0.47618      0.00000
 53.80000      0.49847      0.00000
 53.81000      0.53161      0.00000
 53.82000      0.58658      0.00000
 53.83000      0.65589      0.00000
 53.84000      0.71832      0.00000
 53.85000      0.74939      0.00000
 53.86000      0.74339      0.00000
 53.87000      0.71606      0.00000
 53.88000      0.67198      0.00000
 53.89000      0.61034      0.00000
 53.90000      0.55155      0.00000
 53.91000      0.52106      0.00000
 53.92000      0.52708      0.00000
 53.93000      0.55723      0.00000
 53.94000      0.58015      0.00000
 53.95000      0.56918      0.00000
 53.96000      0.53106      0.00000
 53.97000      0.48740      0.00000
 53.98000      0.44816      0.00000
 53.99000      0.41809      0.00000
 54.00000      0.40339      0.00000
 54.01000      0.40260      0.00000
 54.02000      0.40776      0.00000
 54.03000      0.40963      0.00000
 54.04000      0.39685      0.00000
 54.05000      0.36702      0.00000
 54.06000      0.33435      0.00000
 54.07000      0.31536      0.00000
 54.08000      0.31856      0.00000
 54.09000      0.34590      0.00000
 54.10000      0.39561      0.00000
 54.11000      0.45897      0.00000
 54.12000      0.51398      0.00000
 54.13000      0.53904      0.00000
 54.14000      0.54128      0.00000
 54.15000      0.54064      0.00000
 54.16000      0.54292      0.00000
 54.17000      0.54373      0.00000
 54.18000      0.53901      0.00000
 54.19000      0.52933      0.00000
 54.20000      0.51572      0.00000
 54.21000      0.50319      0.00000
 54.22000      0.50097      0.00000
 54.23000      0.51713      0.00000
 54.24000      0.55727      0.00000
 54.25000      0.61528      0.00000
 54.26000      0.66639      0.00000
 54.27000      0.68252      0.00000
 54.28000      0.65773      0.00000
 54.29000      0.61111      0.00000
 54.30000      0.56021      0.00000
 54.31000      0.51354      0.00000
 54.32000      0.47891      0.00000
 54.33000      0.46554      0.00000
 54.34000      0.47618      0.00000
 54.35000      0.50086      0.00000
 54.36000      0.52644      0.00000
 54.37000      0.54570      0.00000
 54.38000      0.54925      0.00000
 54.39000      0.53063      0.00000
 54.40000      0.49668      0.00000
 54.41000      0.46483      0.00000
 54.42000      0.45257      0.00000
 54.43000      0.47072      0.00000
 54.44000      0.51972      0.00000
 54.45000      0.58342      0.00000
 54.46000      0.62695      0.00000
 54.47000      0.62483      0.00000
 54.48000      0.59259      0.00000
 54.49000      0.55977      0.00000
 54.50000      0.54141      0.00000
 54.51000      0.54074      0.00000
 54.52000      0.56125      0.00000
 54.53000      0.60388      0.00000
 54.54000      0.65041      0.00000
 54.55000      0.66922      0.00000
 54.56000      0.65581      0.00000
 54.57000      0.63959      0.00000
 54.58000      0.64404      0.00000
 54.59000      0.67788      0.00000
 54.60000      0.74106      0.00000
 54.61000      0.82109      0.00000
 54.62000      0.89707      0.00000
 54.63000      0.94802      0.00000
 54.64000      0.96066      0.00000
 54.65000      0.93481      0.00000
 54.66000      0.87421      0.00000
 54.67000      0.78009      0.00000
 54.68000      0.67351      0.00000
 54.69000      0.58828      0.00000
 54.70000      0.54474      0.00000
 54.71000      0.54595      0.00000
 54.72000      0.58336      0.00000
 54.73000      0.63785      0.00000
 54.74000      0.68199      0.00000
 54.75000      0.69082      0.00000
 54.76000      0.66748      0.00000
 54.77000      0.64072      0.00000
 54.78000      0.62474      0.00000
 54.79000      0.60793      0.00000
 54.80000      0.57592      0.00000
 54.81000      0.53348      0.00000
 54.82000      0.50110      0.00000
 54.83000      0.49608      0.00000
 54.84000      0.52522      0.00000
 54.85000      0.58691      0.00000
 54.86000      0.67273      0.00000
 54.87000      0.76920      0.00000
 54.88000      0.86336      0.00000
 54.89000      0.94959      0.00000
 54.90000      1.01890      0.00000
 54.91000      1.04354      0.00000
 54.92000      1.00165      0.00000
 54.93000      0.91052      0.00000
 54.94000      0.80507      0.00000
 54.95000      0.71704      0.00000
 54.96000      0.66512      0.00000
 54.97000      0.64697      0.00000
 54.98000      0.64021      0.00000
 54.99000      0.61673      0.00000
 55.00000      0.56620      0.00000
 55.01000      0.50601      0.00000
 55.02000      0.46079      0.00000
 55.03000      0.44299      0.00000
 55.04000      0.45218      0.00000
 55.05000      0.47717      0.00000
 55.06000      0.50189      0.00000
 55.07000      0.52331      0.00000
 55.08000      0.55267      0.00000
 55.09000      0.59422      0.00000
 55.10000      0.63807      0.00000
 55.11000      0.67670      0.00000
 55.12000      0.71793      0.00000
 55.13000      0.77048      0.00000
 55.14000      0.83598      0.00000
 55.15000      0.90560      0.00000
 55.16000      0.94909      0.00000
 55.17000      0.94343      0.00000
 55.18000      0.91269      0.00000
 55.19000      0.89534      0.00000
 55.20000      0.90529      0.00000
 55.21000      0.93765      0.00000
 55.22000      0.98671      0.00000
 55.23000      1.04822      0.00000
 55.24000      1.10901      0.00000
 55.25000      1.13010      0.00000
 55.26000      1.06961      0.00000
 55.27000      0.94376      0.00000
 55.28000      0.80806      0.00000
 55.29000      0.69479      0.00000
 55.30000      0.60830      0.00000
 55.31000      0.54843      0.00000
 55.32000      0.51939      0.00000
 55.33000      0.52413      0.00000
 55.34000      0.55805      0.00000
 55.35000      0.60488      0.00000
 55.36000      0.63567      0.00000
 55.37000      0.62965      0.00000
 55.38000      0.59507      0.00000
 55.39000      0.55424      0.00000
 55.40000      0.52024      0.00000
 55.41000      0.49300      0.00000
 55.42000      0.47280      0.00000
 55.43000      0.46766      0.00000
 55.44000      0.48381      0.00000
 55.45000      0.52159      0.00000
 55.46000      0.57707      0.00000
 55.47000      0.64285      0.00000
 55.48000      0.70576      0.00000
 55.49000      0.75087      0.00000
 55.50000      0.76824      0.00000
 55.51000      0.74770      0.00000
 55.52000      0.69346      0.00000
 55.53000      0.63478      0.00000
 55.54000      0.59274      0.00000
 55.55000      0.56323      0.00000
 55.56000      0.53590      0.00000
 55.57000      0.51289      0.00000
 55.58000      0.50211      0.00000
 55.59000      0.50226      0.00000
 55.60000      0.50152      0.00000
 55.61000      0.48990      0.00000
 55.62000      0.47174      0.00000
 55.63000      0.46413      0.00000
 55.64000      0.48236      0.00000
 55.65000      0.53382      0.00000
 55.66000      0.61547      0.00000
 55.67000      0.70828      0.00000
 55.68000      0.78208      0.00000
 55.69000      0.81855      0.00000
 55.70000      0.82163      0.00000
 55.71000      0.79920      0.00000
 55.72000      0.75468      0.00000
 55.73000      0.69368      0.00000
 55.74000      0.63031      0.00000
 55.75000      0.58563      0.00000
 55.76000      0.57277      0.00000
 55.77000      0.58625      0.00000
 55.78000      0.60772      0.00000
 55.79000      0.62046      0.00000
 55.80000      0.60956      0.00000
 55.81000      0.56479      0.00000
 55.82000      0.50011      0.00000
 55.83000      0.44146      0.00000
 55.84000      0.40227      0.00000
 55.85000      0.38121      0.00000
 55.86000      0.36732      0.00000
 55.87000      0.34881      0.00000
 55.88000      0.32653      0.00000
 55.89000      0.31173      0.00000
 55.90000      0.31290      0.00000
 55.91000      0.33177      0.00000
 55.92000      0.36309      0.00000
 55.93000      0.39494      0.00000
 55.94000      0.41783      0.00000
 55.95000      0.43852      0.00000
 55.96000      0.47321      0.00000
 55.97000      0.52833      0.00000
 55.98000      0.59106      0.00000
 55.99000      0.63357      0.00000
 56.00000      0.63734      0.00000
 56.01000      0.60637      0.00000
 56.02000      0.55274      0.00000
 56.03000      0.49184      0.00000
 56.04000      0.43754      0.00000
 56.05000      0.39408      0.00000
 56.06000      0.36253      0.00000
 56.07000      0.34289      0.00000
 56.08000      0.33185      0.00000
 56.09000      0.32575      0.00000
 56.10000      0.32330      0.00000
 56.11000      0.32566      0.00000
 56.12000      0.33525      0.00000
 56.13000      0.35666      0.00000
 56.14000      0.39394      0.00000
 56.15000      0.44666      0.00000
 56.16000      0.51024      0.00000
 56.17000      0.57699      0.00000
 56.18000      0.63771      0.00000
 56.19000      0.68320      0.00000
 56.20000      0.71179      0.00000
 56.21000      0.74272      0.00000
 56.22000      0.80188      0.00000
 56.23000      0.89268      0.00000
 56.24000      0.98138      0.00000
 56.25000      1.01520      0.00000
 56.26000      0.98737      0.00000
 56.27000      0.94955      0.00000
 56.28000      0.94484      0.00000
 56.29000      0.97509      0.00000
 56.30000      1.01105      0.00000
 56.31000      1.01573      0.00000
 56.32000      0.97171      0.00000
 56.33000      0.89224      0.00000
 56.34000      0.80477      0.00000
 56.35000      0.73239      0.00000
 56.36000      0.68974      0.00000
 56.37000      0.68145      0.00000
 56.38000      0.70383      0.00000
 56.39000      0.74872      0.00000
 56.40000      0.80154      0.00000
 56.41000      0.84315      0.00000
 56.42000      0.86601      0.00000
 56.43000      0.88865      0.00000
 56.44000      0.93105      0.00000
 56.45000      0.99237      0.00000
 56.46000      1.04637      0.00000
 56.47000      1.05005      0.00000
 56.48000      0.98688      0.00000
 56.49000      0.88588      0.00000
 56.50000      0.78918      0.00000
 56.51000      0.72010      0.00000
 56.52000      0.67562      0.00000
 56.53000      0.64195      0.00000
 56.54000      0.61359      0.00000
 56.55000      0.59022      0.00000
 56.56000      0.56389      0.00000
 56.57000      0.52552      0.00000
 56.58000      0.48333      0.00000
 56.59000      0.45598      0.00000
 56.60000      0.45433      0.00000
 56.61000      0.47707      0.00000
 56.62000      0.51047      0.00000
 56.63000      0.53390      0.00000
 56.64000      0.53886      0.00000
 56.65000      0.53278      0.00000
 56.66000      0.52014      0.00000
 56.67000      0.49796      0.00000
 56.68000      0.46705      0.00000
 56.69000      0.43940      0.00000
 56.70000      0.43098      0.00000
 56.71000      0.45128      0.00000
 56.72000      0.50139      0.00000
 56.73000      0.57423      0.00000
 56.74000      0.65042      0.00000
 56.75000      0.69779      0.00000
 56.76000      0.69917      0.00000
 56.77000      0.67256      0.00000
 56.78000      0.63827      0.00000
 56.79000      0.59909      0.00000
 56.80000      0.55703      0.00000
 56.81000      0.52395      0.00000
 56.82000      0.51039      0.00000
 56.83000      0.51806      0.00000
 56.84000      0.54557      0.00000
 56.85000      0.59025      0.00000
 56.86000      0.65113      0.00000
 56.87000      0.73311      0.00000
 56.88000      0.83746      0.00000
 56.89000      0.95159      0.00000
 56.90000      1.06154      0.00000
 56.91000      1.16156      0.00000
 56.92000      1.22594      0.00000
 56.93000      1.20649      0.00000
 56.94000      1.08964      0.00000
 56.95000      0.92065      0.00000
 56.96000      0.75244      0.00000
 56.97000      0.61356      0.00000
 56.98000      0.51459      0.00000
 56.99000      0.45762      0.00000
 57.00000      0.44128      0.00000
 57.01000      0.46308      0.00000
 57.02000      0.51907      0.00000
 57.03000      0.60067      0.00000
 57.04000      0.69285      0.00000
 57.05000      0.78002      0.00000
 57.06000      0.84618      0.00000
 57.07000      0.86786      0.00000
 57.08000      0.82530      0.00000
 57.09000      0.72462      0.00000
 57.10000      0.60175      0.00000
 57.11000      0.49274      0.00000
 57.12000      0.41359      0.00000
 57.13000      0.36538      0.00000
 57.14000      0.34283      0.00000
 57.15000      0.33946      0.00000
 57.16000      0.34845      0.00000
 57.17000      0.36111      0.00000
 57.18000      0.37070      0.00000
 57.19000      0.37625      0.00000
 57.20000      0.37693      0.00000
 57.21000      0.37500      0.00000
 57.22000      0.38101      0.00000
 57.23000      0.40712      0.00000
 57.24000      0.46205      0.00000
 57.25000      0.55125      0.00000
 57.26000      0.67711      0.00000
 57.27000      0.83387      0.00000
 57.28000      0.99634      0.00000
 57.29000      1.11785      0.00000
 57.30000      1.16536      0.00000
 57.31000      1.15431      0.00000
 57.32000      1.11838      0.00000
 57.33000      1.07207      0.00000
 57.34000      1.01501      0.00000
 57.35000      0.94976      0.00000
 57.36000      0.87554      0.00000
 57.37000      0.78697      0.00000
 57.38000      0.68887      0.00000
 57.39000      0.59564      0.00000
 57.40000      0.51891      0.00000
 57.41000      0.46486      0.00000
 57.42000      0.43761      0.00000
 57.43000      0.43806      0.00000
 57.44000      0.46056      0.00000
 57.45000      0.49180      0.00000
 57.46000      0.51599      0.00000
 57.47000      0.52514      0.00000
 57.48000      0.52052      0.00000
 57.49000      0.51072      0.00000
 57.50000      0.51047      0.00000
 57.51000      0.53316      0.00000
 57.52000      0.58376      0.00000
 57.53000      0.65451      0.00000
 57.54000      0.72456      0.00000
 57.55000      0.77305      0.00000
 57.56000      0.79627      0.00000
 57.57000      0.80460      0.00000
 57.58000      0.80298      0.00000
 57.59000      0.78290      0.00000
 57.60000      0.73846      0.00000
 57.61000      0.68020      0.00000
 57.62000      0.62294      0.00000
 57.63000      0.57427      0.00000
 57.64000      0.53781      0.00000
 57.65000      0.51557      0.00000
 57.66000      0.50999      0.00000
 57.67000      0.52097      0.00000
 57.68000      0.54143      0.00000
 57.69000      0.56128      0.00000
 57.70000      0.57227      0.00000
 57.71000      0.57096      0.00000
 57.72000      0.55618      0.00000
 57.73000      0.52474      0.00000
 57.74000      0.48015      0.00000
 57.75000      0.43651      0.00000
 57.76000      0.40751      0.00000
 57.77000      0.39812      0.00000
 57.78000      0.40568      0.00000
 57.79000      0.42566      0.00000
 57.80000      0.45430      0.00000
 57.81000      0.48611      0.00000
 57.82000      0.51160      0.00000
 57.83000      0.51920      0.00000
 57.84000      0.49896      0.00000
 57.85000      0.45117      0.00000
 57.86000      0.38892      0.00000
 57.87000      0.32984      0.00000
 57.88000      0.28615      0.00000
 57.89000      0.26267      0.00000
 57.90000      0.26084      0.00000
 57.91000      0.28121      0.00000
 57.92000      0.32384      0.00000
 57.93000      0.38652      0.00000
 57.94000      0.46038      0.00000
 57.95000      0.52551      0.00000
 57.96000      0.55564      0.00000
 57.97000      0.53974      0.00000
 57.98000      0.49373      0.00000
 57.99000      0.44030      0.00000
 58.00000      0.39408      0.00000
 58.01000      0.36126      0.00000
 58.02000      0.33974      0.00000
 58.03000      0.32544      0.00000
 58.04000      0.31850      0.00000
 58.05000      0.32006      0.00000
 58.06000      0.32739      0.00000
 58.07000      0.33536      0.00000
 58.08000      0.34189      0.00000
 58.09000      0.35039      0.00000
 58.10000      0.36557      0.00000
 58.11000      0.38719      0.00000
 58.12000      0.40755      0.00000
 58.13000      0.41424      0.00000
 58.14000      0.40009      0.00000
 58.15000      0.37236      0.00000
 58.16000      0.34373      0.00000
 58.17000      0.32312      0.00000
 58.18000      0.31533      0.00000
 58.19000      0.32093      0.00000
 58.20000      0.33704      0.00000
 58.21000      0.35577      0.00000
 58.22000      0.36709      0.00000
 58.23000      0.37142      0.00000
 58.24000      0.37898      0.00000
 58.25000      0.39566      0.00000
 58.26000      0.41972      0.00000
 58.27000      0.44693      0.00000
 58.28000      0.47032      0.00000
 58.29000      0.48421      0.00000
 58.30000      0.49415      0.00000
 58.31000      0.51476      0.00000
 58.32000      0.55828      0.00000
 58.33000      0.62561      0.00000
 58.34000      0.69836      0.00000
 58.35000      0.74227      0.00000
 58.36000      0.73548      0.00000
 58.37000      0.69284      0.00000
 58.38000      0.64548      0.00000
 58.39000      0.61004      0.00000
 58.40000      0.58804      0.00000
 58.41000      0.57305      0.00000
 58.42000      0.55694      0.00000
 58.43000      0.54097      0.00000
 58.44000      0.53185      0.00000
 58.45000      0.53106      0.00000
 58.46000      0.53178      0.00000
 58.47000      0.52798      0.00000
 58.48000      0.52560      0.00000
 58.49000      0.53332      0.00000
 58.50000      0.55034      0.00000
 58.51000      0.57093      0.00000
 58.52000      0.59255      0.00000
 58.53000      0.61043      0.00000
 58.54000      0.61097      0.00000
 58.55000      0.58547      0.00000
 58.56000      0.54294      0.00000
 58.57000      0.49460      0.00000
 58.58000      0.44174      0.00000
 58.59000      0.38736      0.00000
 58.60000      0.34027      0.00000
 58.61000      0.30687      0.00000
 58.62000      0.28948      0.00000
 58.63000      0.28934      0.00000
 58.64000      0.30672      0.00000
 58.65000      0.33869      0.00000
 58.66000      0.37670      0.00000
 58.67000      0.40800      0.00000
 58.68000      0.42165      0.00000
 58.69000      0.41496      0.00000
 58.70000      0.39451      0.00000
 58.71000      0.36873      0.00000
 58.72000      0.34361      0.00000
 58.73000      0.32416      0.00000
 58.74000      0.31176      0.00000
 58.75000      0.30177      0.00000
 58.76000      0.28896      0.00000
 58.77000      0.27351      0.00000
 58.78000      0.25864      0.00000
 58.79000      0.24681      0.00000
 58.80000      0.24069      0.00000
 58.81000      0.24286      0.00000
 58.82000      0.25403      0.00000
 58.83000      0.27422      0.00000
 58.84000      0.30257      0.00000
 58.85000      0.33284      0.00000
 58.86000      0.35296      0.00000
 58.87000      0.35283      0.00000
 58.88000      0.33509      0.00000
 58.89000      0.31059      0.00000
 58.90000      0.28729      0.00000
 58.91000      0.26845      0.00000
 58.92000      0.25331      0.00000
 58.93000      0.24044      0.00000
 58.94000      0.22891      0.00000
 58.95000      0.21643      0.00000
 58.96000      0.20292      0.00000
 58.97000      0.19242      0.00000
 58.98000      0.18882      0.00000
 58.99000      0.19316      0.00000
 59.00000      0.20345      0.00000
 59.01000      0.21604      0.00000
 59.02000      0.22807      0.00000
 59.03000      0.23872      0.00000
 59.04000      0.24902      0.00000
 59.05000      0.26381      0.00000
 59.06000      0.29144      0.00000
 59.07000      0.33963      0.00000
 59.08000      0.41233      0.00000
 59.09000      0.50691      0.00000
 59.10000      0.60784      0.00000
 59.11000      0.68200      0.00000
 59.12000      0.69514      0.00000
 59.13000      0.64885      0.00000
 59.14000      0.57966      0.00000
 59.15000      0.51982      0.00000
 59.16000      0.48028      0.00000
 59.17000      0.45805      0.00000
 59.18000      0.44676      0.00000
 59.19000      0.44077      0.00000
 59.20000      0.43612      0.00000
 59.21000      0.43442      0.00000
 59.22000      0.44322      0.00000
 59.23000      0.47062      0.00000
 59.24000      0.52384      0.00000
 59.25000      0.60968      0.00000
 59.26000      0.73042      0.00000
 59.27000      0.87280      0.00000
 59.28000      0.99955      0.00000
 59.29000      1.06548      0.00000
 59.30000      1.05523      0.00000
 59.31000      0.98583      0.00000
 59.32000      0.88111      0.00000
 59.33000      0.76472      0.00000
 59.34000      0.65550      0.00000
 59.35000      0.55929      0.00000
 59.36000      0.47627      0.00000
 59.37000      0.41029      0.00000
 59.38000      0.36423      0.00000
 59.39000      0.33655      0.00000
 59.40000      0.32534      0.00000
 59.41000      0.33147      0.00000
 59.42000      0.35702      0.00000
 59.43000      0.40320      0.00000
 59.44000      0.46858      0.00000
 59.45000      0.54651      0.00000
 59.46000      0.62523      0.00000
 59.47000      0.69173      0.00000
 59.48000      0.73760      0.00000
 59.49000      0.76123      0.00000
 59.50000      0.76282      0.00000
 59.51000      0.74602      0.00000
 59.52000      0.72271      0.00000
 59.53000      0.70538      0.00000
 59.54000      0.69411      0.00000
 59.55000      0.68195      0.00000
 59.56000      0.66858      0.00000
 59.57000      0.65999      0.00000
 59.58000      0.66168      0.00000
 59.59000      0.67379      0.00000
 59.60000      0.68657      0.00000
 59.61000      0.68535      0.00000
 59.62000      0.66702      0.00000
 59.63000      0.63872      0.00000
 59.64000      0.60336      0.00000
 59.65000      0.56134      0.00000
 59.66000      0.52155      0.00000
 59.67000      0.49332      0.00000
 59.68000      0.47532      0.00000
 59.69000      0.46104      0.00000
 59.70000      0.44791      0.00000
 59.71000      0.43312      0.00000
 59.72000      0.41020      0.00000
 59.73000      0.38020      0.00000
 59.74000      0.35391      0.00000
 59.75000      0.34120      0.00000
 59.76000      0.34567      0.00000
 59.77000      0.36393      0.00000
 59.78000      0.38534      0.00000
 59.79000      0.39646      0.00000
 59.80000      0.39107      0.00000
 59.81000      0.37527      0.00000
 59.82000      0.36218      0.00000
 59.83000      0.36185      0.00000
 59.84000      0.37574      0.00000
 59.85000      0.39613      0.00000
 59.86000      0.41018      0.00000
 59.87000      0.41120      0.00000
 59.88000      0.40429      0.00000
 59.89000      0.39998      0.00000
 59.90000      0.40815      0.00000
 59.91000      0.43595      0.00000
 59.92000      0.48843      0.00000
 59.93000      0.56831      0.00000
 59.94000      0.66990      0.00000
 59.95000      0.77387      0.00000
 59.96000      0.85528      0.00000
 59.97000      0.90354      0.00000
 59.98000      0.92517      0.00000
 59.99000      0.93324      0.00000
 60.00000      0.94253      0.00000
 60.01000      0.96194      0.00000
 60.02000      0.98525      0.00000
 60.03000      0.99368      0.00000
 60.04000      0.97409      0.00000
 60.05000      0.92196      0.00000
 60.06000      0.83873      0.00000
 60.07000      0.73948      0.00000
 60.08000      0.64427      0.00000
 60.09000      0.56716      0.00000
 60.10000      0.51467      0.00000
 60.11000      0.48466      0.00000
 60.12000      0.46856      0.00000
 60.13000      0.45875      0.00000
 60.14000      0.45567      0.00000
 60.15000      0.46373      0.00000
 60.16000      0.48359      0.00000
 60.17000      0.51039      0.00000
 60.18000      0.53262      0.00000
 60.19000      0.53982      0.00000
 60.20000      0.53336      0.00000
 60.21000      0.51794      0.00000
 60.22000      0.49041      0.00000
 60.23000      0.44960      0.00000
 60.24000      0.40584      0.00000
 60.25000      0.37035      0.00000
 60.26000      0.34789      0.00000
 60.27000      0.34043      0.00000
 60.28000      0.34861      0.00000
 60.29000      0.37037      0.00000
 60.30000      0.40341      0.00000
 60.31000      0.44593      0.00000
 60.32000      0.48944      0.00000
 60.33000      0.51595      0.00000
 60.34000      0.51410      0.00000
 60.35000      0.49485      0.00000
 60.36000      0.47957      0.00000
 60.37000      0.48374      0.00000
 60.38000      0.51174      0.00000
 60.39000      0.55585      0.00000
 60.40000      0.59672      0.00000
 60.41000      0.61129      0.00000
 60.42000      0.59172      0.00000
 60.43000      0.55166      0.00000
 60.44000      0.50874      0.00000
 60.45000      0.47282      0.00000
 60.46000      0.44679      0.00000
 60.47000      0.43017      0.00000
 60.48000      0.42392      0.00000
 60.49000      0.43032      0.00000
 60.50000      0.44683      0.00000
 60.51000      0.46379      0.00000
 60.52000      0.47277      0.00000
 60.53000      0.47949      0.00000
 60.54000      0.49826      0.00000
 60.55000      0.53808      0.00000
 60.56000      0.59983      0.00000
 60.57000      0.67710      0.00000
 60.58000      0.75484      0.00000
 60.59000      0.81605      0.00000
 60.60000      0.84864      0.00000
 60.61000      0.84845      0.00000
 60.62000      0.81993      0.00000
 60.63000      0.76409      0.00000
 60.64000      0.68035      0.00000
 60.65000      0.58385      0.00000
 60.66000      0.49809      0.00000
 60.67000      0.43710      0.00000
 60.68000      0.40317      0.00000
 60.69000      0.39094      0.00000
 60.70000      0.39060      0.00000
 60.71000      0.39488      0.00000
 60.72000      0.40547      0.00000
 60.73000      0.42724      0.00000
 60.74000      0.45818      0.00000
 60.75000      0.48755      0.00000
 60.76000      0.50423      0.00000
 60.77000      0.50716      0.00000
 60.78000      0.50631      0.00000
 60.79000      0.51315      0.00000
 60.80000      0.53019      0.00000
 60.81000      0.55119      0.00000
 60.82000      0.56795      0.00000
 60.83000      0.57776      0.00000
 60.84000      0.58732      0.00000
 60.85000      0.60652      0.00000
 60.86000      0.64082      0.00000
 60.87000      0.68622      0.00000
 60.88000      0.72384      0.00000
 60.89000      0.73111      0.00000
 60.90000      0.70430      0.00000
 60.91000      0.65636      0.00000
 60.92000      0.60321      0.00000
 60.93000      0.55719      0.00000
 60.94000      0.52091      0.00000
 60.95000      0.48706      0.00000
 60.96000      0.44658      0.00000
 60.97000      0.39831      0.00000
 60.98000      0.34902      0.00000
 60.99000      0.30573      0.00000
 61.00000      0.27320      0.00000
 61.01000      0.25400      0.00000
 61.02000      0.24794      0.00000
 61.03000      0.25228      0.00000
 61.04000      0.26282      0.00000
 61.05000      0.27583      0.00000
 61.06000      0.28842      0.00000
 61.07000      0.29904      0.00000
 61.08000      0.30941      0.00000
 61.09000      0.32127      0.00000
 61.10000      0.33225      0.00000
 61.11000      0.33929      0.00000
 61.12000      0.34462      0.00000
 61.13000      0.35479      0.00000
 61.14000      0.37356      0.00000
 61.15000      0.39558      0.00000
 61.16000      0.40761      0.00000
 61.17000      0.40199      0.00000
 61.18000      0.38714      0.00000
 61.19000      0.37669      0.00000
 61.20000      0.37606      0.00000
 61.21000      0.38286      0.00000
 61.22000      0.39561      0.00000
 61.23000      0.41729      0.00000
 61.24000      0.44792      0.00000
 61.25000      0.47870      0.00000
 61.26000      0.49917      0.00000
 61.27000      0.50882      0.00000
 61.28000      0.51248      0.00000
 61.29000      0.51274      0.00000
 61.30000      0.51215      0.00000
 61.31000      0.51092      0.00000
 61.32000      0.50745      0.00000
 61.33000      0.50469      0.00000
 61.34000      0.50408      0.00000
 61.35000      0.49825      0.00000
 61.36000      0.47749      0.00000
 61.37000      0.44108      0.00000
 61.38000      0.39745      0.00000
 61.39000      0.35590      0.00000
 61.40000      0.32235      0.00000
 61.41000      0.29906      0.00000
 61.42000      0.28741      0.00000
 61.43000      0.28872      0.00000
 61.44000      0.30138      0.00000
 61.45000      0.31965      0.00000
 61.46000      0.33723      0.00000
 61.47000      0.35166      0.00000
 61.48000      0.36102      0.00000
 61.49000      0.35947      0.00000
 61.50000      0.34469      0.00000
 61.51000      0.32486      0.00000
 61.52000      0.31136      0.00000
 61.53000      0.31032      0.00000
 61.54000      0.32176      0.00000
 61.55000      0.34160      0.00000
 61.56000      0.36593      0.00000
 61.57000      0.39380      0.00000
 61.58000      0.42261      0.00000
 61.59000      0.44732      0.00000
 61.60000      0.46877      0.00000
 61.61000      0.49233      0.00000
 61.62000      0.51528      0.00000
 61.63000      0.52641      0.00000
 61.64000      0.52238      0.00000
 61.65000      0.51478      0.00000
 61.66000      0.51479      0.00000
 61.67000      0.52121      0.00000
 61.68000      0.52519      0.00000
 61.69000      0.52448      0.00000
 61.70000      0.52867      0.00000
 61.71000      0.55009      0.00000
 61.72000      0.59304      0.00000
 61.73000      0.64789      0.00000
 61.74000      0.69270      0.00000
 61.75000      0.70925      0.00000
 61.76000      0.69724      0.00000
 61.77000      0.66374      0.00000
 61.78000      0.61357      0.00000
 61.79000      0.55244      0.00000
 61.80000      0.48872      0.00000
 61.81000      0.43152      0.00000
 61.82000      0.38902      0.00000
 61.83000      0.36762      0.00000
 61.84000      0.37061      0.00000
 61.85000      0.39800      0.00000
 61.86000      0.44595      0.00000
 61.87000      0.50497      0.00000
 61.88000      0.56012      0.00000
 61.89000      0.59588      0.00000
 61.90000      0.60379      0.00000
 61.91000      0.58840      0.00000
 61.92000      0.56349      0.00000
 61.93000      0.53968      0.00000
 61.94000      0.51752      0.00000
 61.95000      0.49192      0.00000
 61.96000      0.46249      0.00000
 61.97000      0.43714      0.00000
 61.98000      0.42500      0.00000
 61.99000      0.42875      0.00000
 62.00000      0.44377      0.00000
 62.01000      0.46207      0.00000
 62.02000      0.47686      0.00000
 62.03000      0.48433      0.00000
 62.04000      0.48144      0.00000
 62.05000      0.46804      0.00000
 62.06000      0.44766      0.00000
 62.07000      0.42459      0.00000
 62.08000      0.40327      0.00000
 62.09000      0.38589      0.00000
 62.10000      0.37310      0.00000
 62.11000      0.36665      0.00000
 62.12000      0.36556      0.00000
 62.13000      0.36418      0.00000
 62.14000      0.35924      0.00000
 62.15000      0.35507      0.00000
 62.16000      0.35926      0.00000
 62.17000      0.37647      0.00000
 62.18000      0.40515      0.00000
 62.19000      0.43723      0.00000
 62.20000      0.46270      0.00000
 62.21000      0.47744      0.00000
 62.22000      0.48656      0.00000
 62.23000      0.49885      0.00000
 62.24000      0.51764      0.00000
 62.25000      0.53855      0.00000
 62.26000      0.55833      0.00000
 62.27000      0.58013      0.00000
 62.28000      0.60696      0.00000
 62.29000      0.63794      0.00000
 62.30000      0.67146      0.00000
 62.31000      0.70897      0.00000
 62.32000      0.75082      0.00000
 62.33000      0.78892      0.00000
 62.34000      0.80662      0.00000
 62.35000      0.78603      0.00000
 62.36000      0.72178      0.00000
 62.37000      0.63210      0.00000
 62.38000      0.54527      0.00000
 62.39000      0.47888      0.00000
 62.40000      0.43663      0.00000
 62.41000      0.41441      0.00000
 62.42000      0.40700      0.00000
 62.43000      0.41094      0.00000
 62.44000      0.42509      0.00000
 62.45000      0.44975      0.00000
 62.46000      0.48200      0.00000
 62.47000      0.51210      0.00000
 62.48000      0.52568      0.00000
 62.49000      0.51286      0.00000
 62.50000      0.47635      0.00000
 62.51000      0.42946      0.00000
 62.52000      0.38700      0.00000
 62.53000      0.35804      0.00000
 62.54000      0.34490      0.00000
 62.55000      0.34610      0.00000
 62.56000      0.35920      0.00000
 62.57000      0.38087      0.00000
 62.58000      0.40410      0.00000
 62.59000      0.42025      0.00000
 62.60000      0.42755      0.00000
 62.61000      0.43225      0.00000
 62.62000      0.43980      0.00000
 62.63000      0.44748      0.00000
 62.64000      0.44705      0.00000
 62.65000      0.43326      0.00000
 62.66000      0.40994      0.00000
 62.67000      0.38762      0.00000
 62.68000      0.37459      0.00000
 62.69000      0.37275      0.00000
 62.70000      0.37996      0.00000
 62.71000      0.39119      0.00000
 62.72000      0.39942      0.00000
 62.73000      0.40013      0.00000
 62.74000      0.39550      0.00000
 62.75000      0.39203      0.00000
 62.76000      0.39559      0.00000
 62.77000      0.41018      0.00000
 62.78000      0.43650      0.00000
 62.79000      0.46873      0.00000
 62.80000      0.49353      0.00000
 62.81000      0.49623      0.00000
 62.82000      0.47403      0.00000
 62.83000      0.44061      0.00000
 62.84000      0.41355      0.00000
 62.85000      0.40322      0.00000
 62.86000      0.41270      0.00000
 62.87000      0.44014      0.00000
 62.88000      0.47820      0.00000
 62.89000      0.51397      0.00000
 62.90000      0.53322      0.00000
 62.91000      0.52734      0.00000
 62.92000      0.50034      0.00000
 62.93000      0.46764      0.00000
 62.94000      0.44391      0.00000
 62.95000      0.43528      0.00000
 62.96000      0.44090      0.00000
 62.97000      0.45604      0.00000
 62.98000      0.47245      0.00000
 62.99000      0.48023      0.00000
 63.00000      0.47770      0.00000
 63.01000      0.47532      0.00000
 63.02000      0.48505      0.00000
 63.03000      0.51123      0.00000
 63.04000      0.55070      0.00000
 63.05000      0.59739      0.00000
 63.06000      0.64526      0.00000
 63.07000      0.68927      0.00000
 63.08000      0.72902      0.00000
 63.09000      0.77003      0.00000
 63.10000      0.81486      0.00000
 63.11000      0.85543      0.00000
 63.12000      0.87667      0.00000
 63.13000      0.86705      0.00000
 63.14000      0.83066      0.00000
 63.15000      0.78113      0.00000
 63.16000      0.72605      0.00000
 63.17000      0.66991      0.00000
 63.18000      0.62035      0.00000
 63.19000      0.58408      0.00000
 63.20000      0.56264      0.00000
 63.21000      0.55407      0.00000
 63.22000      0.55570      0.00000
 63.23000      0.56599      0.00000
 63.24000      0.58234      0.00000
 63.25000      0.59484      0.00000
 63.26000      0.58881      0.00000
 63.27000      0.56210      0.00000
 63.28000      0.52942      0.00000
 63.29000      0.50565      0.00000
 63.30000      0.49669      0.00000
 63.31000      0.50356      0.00000
 63.32000      0.52555      0.00000
 63.33000      0.55604      0.00000
 63.34000      0.57926      0.00000
 63.35000      0.57901      0.00000
 63.36000      0.55278      0.00000
 63.37000      0.51166      0.00000
 63.38000      0.46794      0.00000
 63.39000      0.42832      0.00000
 63.40000      0.39680      0.00000
 63.41000      0.37715      0.00000
 63.42000      0.36963      0.00000
 63.43000      0.36875      0.00000
 63.44000      0.36774      0.00000
 63.45000      0.36542      0.00000
 63.46000      0.36422      0.00000
 63.47000      0.36471      0.00000
 63.48000      0.36491      0.00000
 63.49000      0.36086      0.00000
 63.50000      0.34912      0.00000
 63.51000      0.33002      0.00000
 63.52000      0.30711      0.00000
 63.53000      0.28624      0.00000
 63.54000      0.27359      0.00000
 63.55000      0.27336      0.00000
 63.56000      0.28803      0.00000
 63.57000      0.31870      0.00000
 63.58000      0.36349      0.00000
 63.59000      0.41498      0.00000
 63.60000      0.46036      0.00000
 63.61000      0.48734      0.00000
 63.62000      0.48872      0.00000
 63.63000      0.46336      0.00000
 63.64000      0.41947      0.00000
 63.65000      0.37197      0.00000
 63.66000      0.33281      0.00000
 63.67000      0.30816      0.00000
 63.68000      0.30091      0.00000
 63.69000      0.31264      0.00000
 63.70000      0.34289      0.00000
 63.71000      0.38743      0.00000
 63.72000      0.43666      0.00000
 63.73000      0.47849      0.00000
 63.74000      0.50536      0.00000
 63.75000      0.51341      0.00000
 63.76000      0.49967      0.00000
 63.77000      0.46852      0.00000
 63.78000      0.43183      0.00000
 63.79000      0.39973      0.00000
 63.80000      0.37650      0.00000
 63.81000      0.36295      0.00000
 63.82000      0.35842      0.00000
 63.83000      0.36229      0.00000
 63.84000      0.37318      0.00000
 63.85000      0.38684      0.00000
 63.86000      0.39819      0.00000
 63.87000      0.40479      0.00000
 63.88000      0.40537      0.00000
 63.89000      0.39740      0.00000
 63.90000      0.37951      0.00000
 63.91000      0.35345      0.00000
 63.92000      0.32245      0.00000
 63.93000      0.29103      0.00000
 63.94000      0.26422      0.00000
 63.95000      0.24595      0.00000
 63.96000      0.23842      0.00000
 63.97000      0.24187      0.00000
 63.98000      0.25417      0.00000
 63.99000      0.27113      0.00000
 64.00000      0.28931      0.00000
 64.01000      0.30899      0.00000
 64.02000      0.33219      0.00000
 64.03000      0.35930      0.00000
 64.04000      0.38811      0.00000
 64.05000      0.41489      0.00000
 64.06000      0.43902      0.00000
 64.07000      0.46354      0.00000
 64.08000      0.48760      0.00000
 64.09000      0.50559      0.00000
 64.10000      0.51600      0.00000
 64.11000      0.52410      0.00000
 64.12000      0.53224      0.00000
 64.13000      0.53172      0.00000
 64.14000      0.51020      0.00000
 64.15000      0.46598      0.00000
 64.16000      0.40842      0.00000
 64.17000      0.34927      0.00000
 64.18000      0.29773      0.00000
 64.19000      0.25865      0.00000
 64.20000      0.23307      0.00000
 64.21000      0.22025      0.00000
 64.22000      0.21908      0.00000
 64.23000      0.22823      0.00000
 64.24000      0.24557      0.00000
 64.25000      0.26783      0.00000
 64.26000      0.29137      0.00000
 64.27000      0.31450      0.00000
 64.28000      0.33853      0.00000
 64.29000      0.36649      0.00000
 64.30000      0.39981      0.00000
 64.31000      0.43508      0.00000
 64.32000      0.46351      0.00000
 64.33000      0.47420      0.00000
 64.34000      0.46282      0.00000
 64.35000      0.43473      0.00000
 64.36000      0.39858      0.00000
 64.37000      0.36298      0.00000
 64.38000      0.33639      0.00000
 64.39000      0.32482      0.00000
 64.40000      0.33058      0.00000
 64.41000      0.35237      0.00000
 64.42000      0.38505      0.00000
 64.43000      0.41924      0.00000
 64.44000      0.44411      0.00000
 64.45000      0.45403      0.00000
 64.46000      0.45009      0.00000
 64.47000      0.43562      0.00000
 64.48000      0.41497      0.00000
 64.49000      0.39428      0.00000
 64.50000      0.37951      0.00000
 64.51000      0.37406      0.00000
 64.52000      0.37744      0.00000
 64.53000      0.38615      0.00000
 64.54000      0.39792      0.00000
 64.55000      0.41399      0.00000
 64.56000      0.43471      0.00000
 64.57000      0.45461      0.00000
 64.58000      0.46327      0.00000
 64.59000      0.45411      0.00000
 64.60000      0.43158      0.00000
 64.61000      0.40604      0.00000
 64.62000      0.38379      0.00000
 64.63000      0.36336      0.00000
 64.64000      0.34042      0.00000
 64.65000      0.31446      0.00000
 64.66000      0.28839      0.00000
 64.67000      0.26487      0.00000
 64.68000      0.24555      0.00000
 64.69000      0.23196      0.00000
 64.70000      0.22593      0.00000
 64.71000      0.22873      0.00000
 64.72000      0.24049      0.00000
 64.73000      0.25916      0.00000
 64.74000      0.27982      0.00000
 64.75000      0.29576      0.00000
 64.76000      0.30146      0.00000
 64.77000      0.29542      0.00000
 64.78000      0.28152      0.00000
 64.79000      0.26730      0.00000
 64.80000      0.25926      0.00000
 64.81000      0.26101      0.00000
 64.82000      0.27309      0.00000
 64.83000      0.29240      0.00000
 64.84000      0.31350      0.00000
 64.85000      0.33114      0.00000
 64.86000      0.34130      0.00000
 64.87000      0.34166      0.00000
 64.88000      0.33353      0.00000
 64.89000      0.32162      0.00000
 64.90000      0.31026      0.00000
 64.91000      0.30186      0.00000
 64.92000      0.29756      0.00000
 64.93000      0.29604      0.00000
 64.94000      0.29387      0.00000
 64.95000      0.29068      0.00000
 64.96000      0.29140      0.00000
 64.97000      0.30149      0.00000
 64.98000      0.32250      0.00000
 64.99000      0.35116      0.00000
 65.00000      0.38083      0.00000
 65.01000      0.40351      0.00000
 65.02000      0.41227      0.00000
 65.03000      0.40644      0.00000
 65.04000      0.39388      0.00000
 65.05000      0.38440      0.00000
 65.06000      0.38220      0.00000
 65.07000      0.38554      0.00000
 65.08000      0.39146      0.00000
 65.09000      0.39775      0.00000
 65.10000      0.40239      0.00000
 65.11000      0.40491      0.00000
 65.12000      0.40741      0.00000
 65.13000      0.41304      0.00000
 65.14000      0.42300      0.00000
 65.15000      0.43529      0.00000
 65.16000      0.44655      0.00000
 65.17000      0.45400      0.00000
 65.18000      0.45596      0.00000
 65.19000      0.45230      0.00000
 65.20000      0.44687      0.00000
 65.21000      0.44686      0.00000
 65.22000      0.45728      0.00000
 65.23000      0.47813      0.00000
 65.24000      0.50392      0.00000
 65.25000      0.52623      0.00000
 65.26000      0.54220      0.00000
 65.27000      0.55754      0.00000
 65.28000      0.57689      0.00000
 65.29000      0.59644      0.00000
 65.30000      0.60808      0.00000
 65.31000      0.60553      0.00000
 65.32000      0.58394      0.00000
 65.33000      0.54085      0.00000
 65.34000      0.48263      0.00000
 65.35000      0.42326      0.00000
 65.36000      0.37441      0.00000
 65.37000      0.34022      0.00000
 65.38000      0.31817      0.00000
 65.39000      0.30219      0.00000
 65.40000      0.28635      0.00000
 65.41000      0.26781      0.00000
 65.42000      0.24744      0.00000
 65.43000      0.22830      0.00000
 65.44000      0.21355      0.00000
 65.45000      0.20461      0.00000
 65.46000      0.20108      0.00000
 65.47000      0.20203      0.00000
 65.48000      0.20703      0.00000
 65.49000      0.21606      0.00000
 65.50000      0.22974      0.00000
 65.51000      0.24921      0.00000
 65.52000      0.27415      0.00000
 65.53000      0.30134      0.00000
 65.54000      0.32637      0.00000
 65.55000      0.34669      0.00000
 65.56000      0.36216      0.00000
 65.57000      0.37194      0.00000
 65.58000      0.37426      0.00000
 65.59000      0.36996      0.00000
 65.60000      0.36253      0.00000
 65.61000      0.35602      0.00000
 65.62000      0.35359      0.00000
 65.63000      0.35562      0.00000
 65.64000      0.36075      0.00000
 65.65000      0.36953      0.00000
 65.66000      0.38525      0.00000
 65.67000      0.40977      0.00000
 65.68000      0.43859      0.00000
 65.69000      0.46138      0.00000
 65.70000      0.46941      0.00000
 65.71000      0.46152      0.00000
 65.72000      0.44283      0.00000
 65.73000      0.42201      0.00000
 65.74000      0.40711      0.00000
 65.75000      0.40096      0.00000
 65.76000      0.40074      0.00000
 65.77000      0.40159      0.00000
 65.78000      0.39949      0.00000
 65.79000      0.39292      0.00000
 65.80000      0.38420      0.00000
 65.81000      0.37654      0.00000
 65.82000      0.36921      0.00000
 65.83000      0.35901      0.00000
 65.84000      0.34585      0.00000
 65.85000      0.33362      0.00000
 65.86000      0.32493      0.00000
 65.87000      0.31892      0.00000
 65.88000      0.31414      0.00000
 65.89000      0.31120      0.00000
 65.90000      0.31211      0.00000
 65.91000      0.31801      0.00000
 65.92000      0.32894      0.00000
 65.93000      0.34387      0.00000
 65.94000      0.36028      0.00000
 65.95000      0.37638      0.00000
 65.96000      0.39324      0.00000
 65.97000      0.41185      0.00000
 65.98000      0.42911      0.00000
 65.99000      0.43884      0.00000
 66.00000      0.43741      0.00000
 66.01000      0.42654      0.00000
 66.02000      0.41168      0.00000
 66.03000      0.39941      0.00000
 66.04000      0.39406      0.00000
 66.05000      0.39633      0.00000
 66.06000      0.40379      0.00000
 66.07000      0.41131      0.00000
 66.08000      0.41392      0.00000
 66.09000      0.41166      0.00000
 66.10000      0.41036      0.00000
 66.11000      0.41599      0.00000
 66.12000      0.42940      0.00000
 66.13000      0.44662      0.00000
 66.14000      0.46137      0.00000
 66.15000      0.46696      0.00000
 66.16000      0.45871      0.00000
 66.17000      0.43646      0.00000
 66.18000      0.40376      0.00000
 66.19000      0.36650      0.00000
 66.20000      0.33238      0.00000
 66.21000      0.30754      0.00000
 66.22000      0.29461      0.00000
 66.23000      0.29302      0.00000
 66.24000      0.29933      0.00000
 66.25000      0.30841      0.00000
 66.26000      0.31752      0.00000
 66.27000      0.32850      0.00000
 66.28000      0.34369      0.00000
 66.29000      0.36168      0.00000
 66.30000      0.37898      0.00000
 66.31000      0.39424      0.00000
 66.32000      0.41056      0.00000
 66.33000      0.43452      0.00000
 66.34000      0.47265      0.00000
 66.35000      0.52760      0.00000
 66.36000      0.59490      0.00000
 66.37000      0.66107      0.00000
 66.38000      0.70747      0.00000
 66.39000      0.72183      0.00000
 66.40000      0.70438      0.00000
 66.41000      0.66304      0.00000
 66.42000      0.60728      0.00000
 66.43000      0.54516      0.00000
 66.44000      0.48367      0.00000
 66.45000      0.43026      0.00000
 66.46000      0.39146      0.00000
 66.47000      0.37000      0.00000
 66.48000      0.36450      0.00000
 66.49000      0.37078      0.00000
 66.50000      0.38348      0.00000
 66.51000      0.39801      0.00000
 66.52000      0.41251      0.00000
 66.53000      0.42684      0.00000
 66.54000      0.43834      0.00000
 66.55000      0.44198      0.00000
 66.56000      0.43368      0.00000
 66.57000      0.41220      0.00000
 66.58000      0.38161      0.00000
 66.59000      0.35079      0.00000
 66.60000      0.32870      0.00000
 66.61000      0.32064      0.00000
 66.62000      0.32801      0.00000
 66.63000      0.34896      0.00000
 66.64000      0.37909      0.00000
 66.65000      0.41319      0.00000
 66.66000      0.44632      0.00000
 66.67000      0.47331      0.00000
 66.68000      0.49114      0.00000
 66.69000      0.50166      0.00000
 66.70000      0.50857      0.00000
 66.71000      0.51382      0.00000
 66.72000      0.51630      0.00000
 66.73000      0.51397      0.00000
 66.74000      0.50792      0.00000
 66.75000      0.50095      0.00000
 66.76000      0.49467      0.00000
 66.77000      0.49125      0.00000
 66.78000      0.49446      0.00000
 66.79000      0.50660      0.00000
 66.80000      0.52528      0.00000
 66.81000      0.54479      0.00000
 66.82000      0.56221      0.00000
 66.83000      0.57981      0.00000
 66.84000      0.59845      0.00000
 66.85000      0.61212      0.00000
 66.86000      0.61314      0.00000
 66.87000      0.60052      0.00000
 66.88000      0.58045      0.00000
 66.89000      0.56199      0.00000
 66.90000      0.55133      0.00000
 66.91000      0.54887      0.00000
 66.92000      0.55041      0.00000
 66.93000      0.54922      0.00000
 66.94000      0.54013      0.00000
 66.95000      0.52194      0.00000
 66.96000      0.49499      0.00000
 66.97000      0.46125      0.00000
 66.98000      0.42495      0.00000
 66.99000      0.39015      0.00000
 67.00000      0.35948      0.00000
 67.01000      0.33437      0.00000
 67.02000      0.31498      0.00000
 67.03000      0.30071      0.00000
 67.04000      0.29201      0.00000
 67.05000      0.29064      0.00000
 67.06000      0.29696      0.00000
 67.07000      0.30719      0.00000
 67.08000      0.31379      0.00000
 67.09000      0.30946      0.00000
 67.10000      0.29259      0.00000
 67.11000      0.26826      0.00000
 67.12000      0.24430      0.00000
 67.13000      0.22706      0.00000
 67.14000      0.22014      0.00000
 67.15000      0.22495      0.00000
 67.16000      0.24138      0.00000
 67.17000      0.26761      0.00000
 67.18000      0.29997      0.00000
 67.19000      0.33309      0.00000
 67.20000      0.35996      0.00000
 67.21000      0.37234      0.00000
 67.22000      0.36516      0.00000
 67.23000      0.34181      0.00000
 67.24000      0.31124      0.00000
 67.25000      0.28057      0.00000
 67.26000      0.25251      0.00000
 67.27000      0.22840      0.00000
 67.28000      0.21069      0.00000
 67.29000      0.20197      0.00000
 67.30000      0.20382      0.00000
 67.31000      0.21670      0.00000
 67.32000      0.24006      0.00000
 67.33000      0.27187      0.00000
 67.34000      0.30789      0.00000
 67.35000      0.34042      0.00000
 67.36000      0.35906      0.00000
 67.37000      0.35627      0.00000
 67.38000      0.33482      0.00000
 67.39000      0.30653      0.00000
 67.40000      0.28292      0.00000
 67.41000      0.27023      0.00000
 67.42000      0.26986      0.00000
 67.43000      0.27939      0.00000
 67.44000      0.29257      0.00000
 67.45000      0.30094      0.00000
 67.46000      0.29912      0.00000
 67.47000      0.28858      0.00000
 67.48000      0.27536      0.00000
 67.49000      0.26566      0.00000
 67.50000      0.26365      0.00000
 67.51000      0.27130      0.00000
 67.52000      0.28817      0.00000
 67.53000      0.31133      0.00000
 67.54000      0.33618      0.00000
 67.55000      0.35745      0.00000
 67.56000      0.37015      0.00000
 67.57000      0.37216      0.00000
 67.58000      0.36574      0.00000
 67.59000      0.35558      0.00000
 67.60000      0.34673      0.00000
 67.61000      0.34376      0.00000
 67.62000      0.34927      0.00000
 67.63000      0.36197      0.00000
 67.64000      0.37751      0.00000
 67.65000      0.39259      0.00000
 67.66000      0.40715      0.00000
 67.67000      0.42121      0.00000
 67.68000      0.43243      0.00000
 67.69000      0.43898      0.00000
 67.70000      0.44307      0.00000
 67.71000      0.44966      0.00000
 67.72000      0.46076      0.00000
 67.73000      0.47272      0.00000
 67.74000      0.48005      0.00000
 67.75000      0.48017      0.00000
 67.76000      0.47244      0.00000
 67.77000      0.45552      0.00000
 67.78000      0.42923      0.00000
 67.79000      0.39796      0.00000
 67.80000      0.36776      0.00000
 67.81000      0.34186      0.00000
 67.82000      0.32111      0.00000
 67.83000      0.30623      0.00000
 67.84000      0.29777      0.00000
 67.85000      0.29490      0.00000
 67.86000      0.29460      0.00000
 67.87000      0.29382      0.00000
 67.88000      0.29239      0.00000
 67.89000      0.29223      0.00000
 67.90000      0.29483      0.00000
 67.91000      0.30066      0.00000
 67.92000      0.30878      0.00000
 67.93000      0.31594      0.00000
 67.94000      0.31788      0.00000
 67.95000      0.31395      0.00000
 67.96000      0.30927      0.00000
 67.97000      0.31060      0.00000
 67.98000      0.32198      0.00000
 67.99000      0.34447      0.00000
 68.00000      0.37730      0.00000
 68.01000      0.41647      0.00000
 68.02000      0.45274      0.00000
 68.03000      0.47482      0.00000
 68.04000      0.47779      0.00000
 68.05000      0.46578      0.00000
 68.06000      0.44519      0.00000
 68.07000      0.42053      0.00000
 68.08000      0.39589      0.00000
 68.09000      0.37396      0.00000
 68.10000      0.35504      0.00000
 68.11000      0.34067      0.00000
 68.12000      0.33551      0.00000
 68.13000      0.34440      0.00000
 68.14000      0.36936      0.00000
 68.15000      0.40840      0.00000
 68.16000      0.45424      0.00000
 68.17000      0.49469      0.00000
 68.18000      0.51836      0.00000
 68.19000      0.52164      0.00000
 68.20000      0.50749      0.00000
 68.21000      0.47971      0.00000
 68.22000      0.44311      0.00000
 68.23000      0.40484      0.00000
 68.24000      0.37079      0.00000
 68.25000      0.34242      0.00000
 68.26000      0.31886      0.00000
 68.27000      0.30044      0.00000
 68.28000      0.28897      0.00000
 68.29000      0.28596      0.00000
 68.30000      0.29112      0.00000
 68.31000      0.30158      0.00000
 68.32000      0.31316      0.00000
 68.33000      0.32393      0.00000
 68.34000      0.33592      0.00000
 68.35000      0.35330      0.00000
 68.36000      0.38020      0.00000
 68.37000      0.41971      0.00000
 68.38000      0.47298      0.00000
 68.39000      0.53728      0.00000
 68.40000      0.60367      0.00000
 68.41000      0.65802      0.00000
 68.42000      0.68623      0.00000
 68.43000      0.68092      0.00000
 68.44000      0.64582      0.00000
 68.45000      0.59281      0.00000
 68.46000      0.53426      0.00000
 68.47000      0.47851      0.00000
 68.48000      0.43047      0.00000
 68.49000      0.39323      0.00000
 68.50000      0.36815      0.00000
 68.51000      0.35413      0.00000
 68.52000      0.34809      0.00000
 68.53000      0.34656      0.00000
 68.54000      0.34643      0.00000
 68.55000      0.34448      0.00000
 68.56000      0.33872      0.00000
 68.57000      0.33079      0.00000
 68.58000      0.32415      0.00000
 68.59000      0.32018      0.00000
 68.60000      0.31733      0.00000
 68.61000      0.31321      0.00000
 68.62000      0.30687      0.00000
 68.63000      0.30003      0.00000
 68.64000      0.29506      0.00000
 68.65000      0.29241      0.00000
 68.66000      0.29172      0.00000
 68.67000      0.29440      0.00000
 68.68000      0.30264      0.00000
 68.69000      0.31685      0.00000
 68.70000      0.33511      0.00000
 68.71000      0.35375      0.00000
 68.72000      0.36871      0.00000
 68.73000      0.37824      0.00000
 68.74000      0.38464      0.00000
 68.75000      0.39310      0.00000
 68.76000      0.40852      0.00000
 68.77000      0.43165      0.00000
 68.78000      0.45696      0.00000
 68.79000      0.47402      0.00000
 68.80000      0.47375      0.00000
 68.81000      0.45637      0.00000
 68.82000      0.43126      0.00000
 68.83000      0.40856      0.00000
 68.84000      0.39315      0.00000
 68.85000      0.38493      0.00000
 68.86000      0.38194      0.00000
 68.87000      0.38220      0.00000
 68.88000      0.38355      0.00000
 68.89000      0.38421      0.00000
 68.90000      0.38342      0.00000
 68.91000      0.38243      0.00000
 68.92000      0.38447      0.00000
 68.93000      0.39187      0.00000
 68.94000      0.40357      0.00000
 68.95000      0.41696      0.00000
 68.96000      0.43137      0.00000
 68.97000      0.44762      0.00000
 68.98000      0.46365      0.00000
 68.99000      0.47274      0.00000
 69.00000      0.46791      0.00000
 69.01000      0.44897      0.00000
 69.02000      0.42274      0.00000
 69.03000      0.39689      0.00000
 69.04000      0.37663      0.00000
 69.05000      0.36527      0.00000
 69.06000      0.36470      0.00000
 69.07000      0.37485      0.00000
 69.08000      0.39386      0.00000
 69.09000      0.41834      0.00000
 69.10000      0.44211      0.00000
 69.11000      0.45611      0.00000
 69.12000      0.45366      0.00000
 69.13000      0.43604      0.00000
 69.14000      0.41035      0.00000
 69.15000      0.38281      0.00000
 69.16000      0.35672      0.00000
 69.17000      0.33457      0.00000
 69.18000      0.31874      0.00000
 69.19000      0.31014      0.00000
 69.20000      0.30716      0.00000
 69.21000      0.30608      0.00000
 69.22000      0.30440      0.00000
 69.23000      0.30349      0.00000
 69.24000      0.30687      0.00000
 69.25000      0.31632      0.00000
 69.26000      0.33040      0.00000
 69.27000      0.34565      0.00000
 69.28000      0.35879      0.00000
 69.29000      0.36868      0.00000
 69.30000      0.37705      0.00000
 69.31000      0.38706      0.00000
 69.32000      0.40047      0.00000
 69.33000      0.41552      0.00000
 69.34000      0.42743      0.00000
 69.35000      0.43167      0.00000
 69.36000      0.42725      0.00000
 69.37000      0.41667      0.00000
 69.38000      0.40347      0.00000
 69.39000      0.38976      0.00000
 69.40000      0.37603      0.00000
 69.41000      0.36257      0.00000
 69.42000      0.35057      0.00000
 69.43000      0.34171      0.00000
 69.44000      0.33675      0.00000
 69.45000      0.33530      0.00000
 69.46000      0.33629      0.00000
 69.47000      0.33877      0.00000
 69.48000      0.34220      0.00000
 69.49000      0.34472      0.00000
 69.50000      0.34273      0.00000
 69.51000      0.33371      0.00000
 69.52000      0.31849      0.00000
 69.53000      0.30125      0.00000
 69.54000      0.28709      0.00000
 69.55000      0.27909      0.00000
 69.56000      0.27751      0.00000
 69.57000      0.28062      0.00000
 69.58000      0.28592      0.00000
 69.59000      0.29152      0.00000
 69.60000      0.29670      0.00000
 69.61000      0.30168      0.00000
 69.62000      0.30702      0.00000
 69.63000      0.31298      0.00000
 69.64000      0.31942      0.00000
 69.65000      0.32661      0.00000
 69.66000      0.33471      0.00000
 69.67000      0.34250      0.00000
 69.68000      0.34776      0.00000
 69.69000      0.34942      0.00000
 69.70000      0.34845      0.00000
 69.71000      0.34649      0.00000
 69.72000      0.34454      0.00000
 69.73000      0.34407      0.00000
 69.74000      0.34876      0.00000
 69.75000      0.36339      0.00000
 69.76000      0.39027      0.00000
 69.77000      0.42732      0.00000
 69.78000      0.46766      0.00000
 69.79000      0.50044      0.00000
 69.80000      0.51424      0.00000
 69.81000      0.50424      0.00000
 69.82000      0.47589      0.00000
 69.83000      0.43963      0.00000
 69.84000      0.40401      0.00000
 69.85000      0.37347      0.00000
 69.86000      0.34975      0.00000
 69.87000      0.33471      0.00000
 69.88000      0.33107      0.00000
 69.89000      0.34052      0.00000
 69.90000      0.36186      0.00000
 69.91000      0.39086      0.00000
 69.92000      0.42110      0.00000
 69.93000      0.44544      0.00000
 69.94000      0.45852      0.00000
 69.95000      0.45931      0.00000
 69.96000      0.45004      0.00000
 69.97000      0.43338      0.00000
 69.98000      0.41117      0.00000
 69.99000      0.38549      0.00000
 70.00000      0.36014      0.00000
 70.01000      0.33927      0.00000
 70.02000      0.32445      0.00000
 70.03000      0.31424      0.00000
 70.04000      0.30518      0.00000
 70.05000      0.29359      0.00000
 70.06000      0.27815      0.00000
 70.07000      0.26066      0.00000
 70.08000      0.24386      0.00000
 70.09000      0.22911      0.00000
 70.10000      0.21634      0.00000
 70.11000      0.20570      0.00000
 70.12000      0.19861      0.00000
 70.13000      0.19661      0.00000
 70.14000      0.20039      0.00000
 70.15000      0.21002      0.00000
 70.16000      0.22564      0.00000
 70.17000      0.24699      0.00000
 70.18000      0.27209      0.00000
 70.19000      0.29628      0.00000
 70.20000      0.31355      0.00000
 70.21000      0.32074      0.00000
 70.22000      0.31973      0.00000
 70.23000      0.31404      0.00000
 70.24000      0.30620      0.00000
 70.25000      0.29881      0.00000
 70.26000      0.29455      0.00000
 70.27000      0.29460      0.00000
 70.28000      0.29752      0.00000
 70.29000      0.30006      0.00000
 70.30000      0.30003      0.00000
 70.31000      0.29858      0.00000
 70.32000      0.29842      0.00000
 70.33000      0.30135      0.00000
 70.34000      0.30808      0.00000
 70.35000      0.31968      0.00000
 70.36000      0.33790      0.00000
 70.37000      0.36424      0.00000
 70.38000      0.39914      0.00000
 70.39000      0.44174      0.00000
 70.40000      0.48999      0.00000
 70.41000      0.53938      0.00000
 70.42000      0.58197      0.00000
 70.43000      0.61024      0.00000
 70.44000      0.62317      0.00000
 70.45000      0.62451      0.00000
 70.46000      0.61649      0.00000
 70.47000      0.60025      0.00000
 70.48000      0.57993      0.00000
 70.49000      0.56084      0.00000
 70.50000      0.54450      0.00000
 70.51000      0.52879      0.00000
 70.52000      0.51242      0.00000
 70.53000      0.49737      0.00000
 70.54000      0.48652      0.00000
 70.55000      0.48071      0.00000
 70.56000      0.47941      0.00000
 70.57000      0.48274      0.00000
 70.58000      0.49103      0.00000
 70.59000      0.50278      0.00000
 70.60000      0.51376      0.00000
 70.61000      0.51869      0.00000
 70.62000      0.51297      0.00000
 70.63000      0.49294      0.00000
 70.64000      0.45855      0.00000
 70.65000      0.41625      0.00000
 70.66000      0.37521      0.00000
 70.67000      0.34144      0.00000
 70.68000      0.31645      0.00000
 70.69000      0.29939      0.00000
 70.70000      0.28897      0.00000
 70.71000      0.28400      0.00000
 70.72000      0.28380      0.00000
 70.73000      0.28832      0.00000
 70.74000      0.29730      0.00000
 70.75000      0.30999      0.00000
 70.76000      0.32616      0.00000
 70.77000      0.34656      0.00000
 70.78000      0.37216      0.00000
 70.79000      0.40386      0.00000
 70.80000      0.44171      0.00000
 70.81000      0.48305      0.00000
 70.82000      0.52218      0.00000
 70.83000      0.55298      0.00000
 70.84000      0.57246      0.00000
 70.85000      0.58166      0.00000
 70.86000      0.58246      0.00000
 70.87000      0.57455      0.00000
 70.88000      0.55652      0.00000
 70.89000      0.52835      0.00000
 70.90000      0.49227      0.00000
 70.91000      0.45261      0.00000
 70.92000      0.41400      0.00000
 70.93000      0.37976      0.00000
 70.94000      0.35265      0.00000
 70.95000      0.33538      0.00000
 70.96000      0.32986      0.00000
 70.97000      0.33638      0.00000
 70.98000      0.35286      0.00000
 70.99000      0.37436      0.00000
 71.00000      0.39399      0.00000
 71.01000      0.40660      0.00000
 71.02000      0.41215      0.00000
 71.03000      0.41453      0.00000
 71.04000      0.41730      0.00000
 71.05000      0.42251      0.00000
 71.06000      0.43148      0.00000
 71.07000      0.44446      0.00000
 71.08000      0.46088      0.00000
 71.09000      0.48149      0.00000
 71.10000      0.50846      0.00000
 71.11000      0.54135      0.00000
 71.12000      0.57378      0.00000
 71.13000      0.59513      0.00000
 71.14000      0.59649      0.00000
 71.15000      0.57677      0.00000
 71.16000      0.54366      0.00000
 71.17000      0.50731      0.00000
 71.18000      0.47518      0.00000
 71.19000      0.45261      0.00000
 71.20000      0.44409      0.00000
 71.21000      0.45283      0.00000
 71.22000      0.47970      0.00000
 71.23000      0.52267      0.00000
 71.24000      0.57583      0.00000
 71.25000      0.62889      0.00000
 71.26000      0.66820      0.00000
 71.27000      0.68202      0.00000
 71.28000      0.66909      0.00000
 71.29000      0.64005      0.00000
 71.30000      0.60776      0.00000
 71.31000      0.57790      0.00000
 71.32000      0.54902      0.00000
 71.33000      0.52000      0.00000
 71.34000      0.49494      0.00000
 71.35000      0.47980      0.00000
 71.36000      0.47797      0.00000
 71.37000      0.49037      0.00000
 71.38000      0.51604      0.00000
 71.39000      0.55038      0.00000
 71.40000      0.58391      0.00000
 71.41000      0.60450      0.00000
 71.42000      0.60203      0.00000
 71.43000      0.57285      0.00000
 71.44000      0.52192      0.00000
 71.45000      0.46019      0.00000
 71.46000      0.39932      0.00000
 71.47000      0.34753      0.00000
 71.48000      0.30869      0.00000
 71.49000      0.28344      0.00000
 71.50000      0.27078      0.00000
 71.51000      0.26898      0.00000
 71.52000      0.27634      0.00000
 71.53000      0.29120      0.00000
 71.54000      0.31152      0.00000
 71.55000      0.33486      0.00000
 71.56000      0.35858      0.00000
 71.57000      0.38097      0.00000
 71.58000      0.40224      0.00000
 71.59000      0.42274      0.00000
 71.60000      0.44012      0.00000
 71.61000      0.45089      0.00000
 71.62000      0.45557      0.00000
 71.63000      0.45959      0.00000
 71.64000      0.46816      0.00000
 71.65000      0.48255      0.00000
 71.66000      0.50121      0.00000
 71.67000      0.52146      0.00000
 71.68000      0.53971      0.00000
 71.69000      0.55249      0.00000
 71.70000      0.55746      0.00000
 71.71000      0.55365      0.00000
 71.72000      0.54232      0.00000
 71.73000      0.52593      0.00000
 71.74000      0.50507      0.00000
 71.75000      0.47846      0.00000
 71.76000      0.44681      0.00000
 71.77000      0.41470      0.00000
 71.78000      0.38777      0.00000
 71.79000      0.36937      0.00000
 71.80000      0.35997      0.00000
 71.81000      0.35836      0.00000
 71.82000      0.36281      0.00000
 71.83000      0.37117      0.00000
 71.84000      0.38052      0.00000
 71.85000      0.38726      0.00000
 71.86000      0.38819      0.00000
 71.87000      0.38298      0.00000
 71.88000      0.37534      0.00000
 71.89000      0.37066      0.00000
 71.90000      0.37225      0.00000
 71.91000      0.37909      0.00000
 71.92000      0.38616      0.00000
 71.93000      0.38665      0.00000
 71.94000      0.37635      0.00000
 71.95000      0.35658      0.00000
 71.96000      0.33314      0.00000
 71.97000      0.31180      0.00000
 71.98000      0.29539      0.00000
 71.99000      0.28426      0.00000
 72.00000      0.27822      0.00000
 72.01000      0.27777      0.00000
 72.02000      0.28414      0.00000
 72.03000      0.29835      0.00000
 72.04000      0.31980      0.00000
 72.05000      0.34566      0.00000
 72.06000      0.37171      0.00000
 72.07000      0.39405      0.00000
 72.08000      0.40952      0.00000
 72.09000      0.41525      0.00000
 72.10000      0.40928      0.00000
 72.11000      0.39233      0.00000
 72.12000      0.36844      0.00000
 72.13000      0.34286      0.00000
 72.14000      0.31974      0.00000
 72.15000      0.30165      0.00000
 72.16000      0.29023      0.00000
 72.17000      0.28563      0.00000
 72.18000      0.28567      0.00000
 72.19000      0.28640      0.00000
 72.20000      0.28449      0.00000
 72.21000      0.27922      0.00000
 72.22000      0.27196      0.00000
 72.23000      0.26435      0.00000
 72.24000      0.25687      0.00000
 72.25000      0.24942      0.00000
 72.26000      0.24259      0.00000
 72.27000      0.23801      0.00000
 72.28000      0.23682      0.00000
 72.29000      0.23902      0.00000
 72.30000      0.24419      0.00000
 72.31000      0.25175      0.00000
 72.32000      0.26022      0.00000
 72.33000      0.26746      0.00000
 72.34000      0.27236      0.00000
 72.35000      0.27525      0.00000
 72.36000      0.27692      0.00000
 72.37000      0.27860      0.00000
 72.38000      0.28217      0.00000
 72.39000      0.28896      0.00000
 72.40000      0.29854      0.00000
 72.41000      0.30969      0.00000
 72.42000      0.32206      0.00000
 72.43000      0.33546      0.00000
 72.44000      0.34836      0.00000
 72.45000      0.35849      0.00000
 72.46000      0.36385      0.00000
 72.47000      0.36272      0.00000
 72.48000      0.35460      0.00000
 72.49000      0.34195      0.00000
 72.50000      0.32967      0.00000
 72.51000      0.32249      0.00000
 72.52000      0.32374      0.00000
 72.53000      0.33510      0.00000
 72.54000      0.35597      0.00000
 72.55000      0.38244      0.00000
 72.56000      0.40741      0.00000
 72.57000      0.42332      0.00000
 72.58000      0.42675      0.00000
 72.59000      0.42036      0.00000
 72.60000      0.40934      0.00000
 72.61000      0.39696      0.00000
 72.62000      0.38350      0.00000
 72.63000      0.36818      0.00000
 72.64000      0.35196      0.00000
 72.65000      0.33827      0.00000
 72.66000      0.33106      0.00000
 72.67000      0.33217      0.00000
 72.68000      0.34027      0.00000
 72.69000      0.35139      0.00000
 72.70000      0.35988      0.00000
 72.71000      0.36049      0.00000
 72.72000      0.35168      0.00000
 72.73000      0.33680      0.00000
 72.74000      0.32094      0.00000
 72.75000      0.30675      0.00000
 72.76000      0.29313      0.00000
 72.77000      0.27745      0.00000
 72.78000      0.25899      0.00000
 72.79000      0.24013      0.00000
 72.80000      0.22407      0.00000
 72.81000      0.21278      0.00000
 72.82000      0.20711      0.00000
 72.83000      0.20753      0.00000
 72.84000      0.21414      0.00000
 72.85000      0.22608      0.00000
 72.86000      0.24109      0.00000
 72.87000      0.25547      0.00000
 72.88000      0.26515      0.00000
 72.89000      0.26764      0.00000
 72.90000      0.26364      0.00000
 72.91000      0.25620      0.00000
 72.92000      0.24893      0.00000
 72.93000      0.24502      0.00000
 72.94000      0.24649      0.00000
 72.95000      0.25388      0.00000
 72.96000      0.26662      0.00000
 72.97000      0.28321      0.00000
 72.98000      0.30082      0.00000
 72.99000      0.31532      0.00000
 73.00000      0.32272      0.00000
 73.01000      0.32194      0.00000
 73.02000      0.31545      0.00000
 73.03000      0.30715      0.00000
 73.04000      0.30040      0.00000
 73.05000      0.29677      0.00000
 73.06000      0.29592      0.00000
 73.07000      0.29647      0.00000
 73.08000      0.29714      0.00000
 73.09000      0.29716      0.00000
 73.10000      0.29685      0.00000
 73.11000      0.29784      0.00000
 73.12000      0.30258      0.00000
 73.13000      0.31305      0.00000
 73.14000      0.32937      0.00000
 73.15000      0.34903      0.00000
 73.16000      0.36736      0.00000
 73.17000      0.37963      0.00000
 73.18000      0.38402      0.00000
 73.19000      0.38273      0.00000
 73.20000      0.37959      0.00000
 73.21000      0.37744      0.00000
 73.22000      0.37749      0.00000
 73.23000      0.37993      0.00000
 73.24000      0.38540      0.00000
 73.25000      0.39571      0.00000
 73.26000      0.41227      0.00000
 73.27000      0.43327      0.00000
 73.28000      0.45272      0.00000
 73.29000      0.46317      0.00000
 73.30000      0.46092      0.00000
 73.31000      0.44854      0.00000
 73.32000      0.43282      0.00000
 73.33000      0.42081      0.00000
 73.34000      0.41661      0.00000
 73.35000      0.42026      0.00000
 73.36000      0.42861      0.00000
 73.37000      0.43638      0.00000
 73.38000      0.43760      0.00000
 73.39000      0.42903      0.00000
 73.40000      0.41247      0.00000
 73.41000      0.39244      0.00000
 73.42000      0.37254      0.00000
 73.43000      0.35440      0.00000
 73.44000      0.33825      0.00000
 73.45000      0.32430      0.00000
 73.46000      0.31403      0.00000
 73.47000      0.30977      0.00000
 73.48000      0.31320      0.00000
 73.49000      0.32442      0.00000
 73.50000      0.34136      0.00000
 73.51000      0.35983      0.00000
 73.52000      0.37492      0.00000
 73.53000      0.38342      0.00000
 73.54000      0.38526      0.00000
 73.55000      0.38248      0.00000
 73.56000      0.37652      0.00000
 73.57000      0.36778      0.00000
 73.58000      0.35807      0.00000
 73.59000      0.35078      0.00000
 73.60000      0.34830      0.00000
 73.61000      0.35082      0.00000
 73.62000      0.35696      0.00000
 73.63000      0.36407      0.00000
 73.64000      0.36853      0.00000
 73.65000      0.36728      0.00000
 73.66000      0.35941      0.00000
 73.67000      0.34688      0.00000
 73.68000      0.33378      0.00000
 73.69000      0.32460      0.00000
 73.70000      0.32238      0.00000
 73.71000      0.32770      0.00000
 73.72000      0.33900      0.00000
 73.73000      0.35439      0.00000
 73.74000      0.37301      0.00000
 73.75000      0.39421      0.00000
 73.76000      0.41603      0.00000
 73.77000      0.43544      0.00000
 73.78000      0.45048      0.00000
 73.79000      0.46123      0.00000
 73.80000      0.46764      0.00000
 73.81000      0.46752      0.00000
 73.82000      0.45805      0.00000
 73.83000      0.43884      0.00000
 73.84000      0.41336      0.00000
 73.85000      0.38765      0.00000
 73.86000      0.36697      0.00000
 73.87000      0.35383      0.00000
 73.88000      0.34864      0.00000
 73.89000      0.35129      0.00000
 73.90000      0.36158      0.00000
 73.91000      0.37835      0.00000
 73.92000      0.39909      0.00000
 73.93000      0.41960      0.00000
 73.94000      0.43450      0.00000
 73.95000      0.44007      0.00000
 73.96000      0.43698      0.00000
 73.97000      0.42979      0.00000
 73.98000      0.42377      0.00000
 73.99000      0.42262      0.00000
 74.00000      0.42829      0.00000
 74.01000      0.44094      0.00000
 74.02000      0.45844      0.00000
 74.03000      0.47659      0.00000
 74.04000      0.49058      0.00000
 74.05000      0.49736      0.00000
 74.06000      0.49746      0.00000
 74.07000      0.49404      0.00000
 74.08000      0.49001      0.00000
 74.09000      0.48657      0.00000
 74.10000      0.48365      0.00000
 74.11000      0.48060      0.00000
 74.12000      0.47654      0.00000
 74.13000      0.47133      0.00000
 74.14000      0.46647      0.00000
 74.15000      0.46360      0.00000
 74.16000      0.46212      0.00000
 74.17000      0.45823      0.00000
 74.18000      0.44726      0.00000
 74.19000      0.42783      0.00000
 74.20000      0.40295      0.00000
 74.21000      0.37655      0.00000
 74.22000      0.35031      0.00000
 74.23000      0.32450      0.00000
 74.24000      0.30056      0.00000
 74.25000      0.28131      0.00000
 74.26000      0.26929      0.00000
 74.27000      0.26575      0.00000
 74.28000      0.27056      0.00000
 74.29000      0.28235      0.00000
 74.30000      0.29846      0.00000
 74.31000      0.31531      0.00000
 74.32000      0.32967      0.00000
 74.33000      0.33980      0.00000
 74.34000      0.34577      0.00000
 74.35000      0.34938      0.00000
 74.36000      0.35317      0.00000
 74.37000      0.35919      0.00000
 74.38000      0.36892      0.00000
 74.39000      0.38356      0.00000
 74.40000      0.40333      0.00000
 74.41000      0.42609      0.00000
 74.42000      0.44732      0.00000
 74.43000      0.46197      0.00000
 74.44000      0.46619      0.00000
 74.45000      0.45770      0.00000
 74.46000      0.43685      0.00000
 74.47000      0.40757      0.00000
 74.48000      0.37521      0.00000
 74.49000      0.34333      0.00000
 74.50000      0.31315      0.00000
 74.51000      0.28539      0.00000
 74.52000      0.26115      0.00000
 74.53000      0.24173      0.00000
 74.54000      0.22828      0.00000
 74.55000      0.22156      0.00000
 74.56000      0.22164      0.00000
 74.57000      0.22775      0.00000
 74.58000      0.23823      0.00000
 74.59000      0.25068      0.00000
 74.60000      0.26284      0.00000
 74.61000      0.27349      0.00000
 74.62000      0.28256      0.00000
 74.63000      0.29100      0.00000
 74.64000      0.30092      0.00000
 74.65000      0.31482      0.00000
 74.66000      0.33346      0.00000
 74.67000      0.35448      0.00000
 74.68000      0.37230      0.00000
 74.69000      0.38004      0.00000
 74.70000      0.37318      0.00000
 74.71000      0.35289      0.00000
 74.72000      0.32518      0.00000
 74.73000      0.29703      0.00000
 74.74000      0.27354      0.00000
 74.75000      0.25769      0.00000
 74.76000      0.25079      0.00000
 74.77000      0.25265      0.00000
 74.78000      0.26158      0.00000
 74.79000      0.27455      0.00000
 74.80000      0.28787      0.00000
 74.81000      0.29892      0.00000
 74.82000      0.30725      0.00000
 74.83000      0.31371      0.00000
 74.84000      0.31910      0.00000
 74.85000      0.32377      0.00000
 74.86000      0.32780      0.00000
 74.87000      0.33130      0.00000
 74.88000      0.33451      0.00000
 74.89000      0.33784      0.00000
 74.90000      0.34210      0.00000
 74.91000      0.34872      0.00000
 74.92000      0.35868      0.00000
 74.93000      0.37117      0.00000
 74.94000      0.38337      0.00000
 74.95000      0.39189      0.00000
 74.96000      0.39437      0.00000
 74.97000      0.39048      0.00000
 74.98000      0.38134      0.00000
 74.99000      0.36829      0.00000
 75.00000      0.35215      0.00000
 75.01000      0.33318      0.00000
 75.02000      0.31149      0.00000
 75.03000      0.28786      0.00000
 75.04000      0.26463      0.00000
 75.05000      0.24481      0.00000
 75.06000      0.23053      0.00000
 75.07000      0.22254      0.00000
 75.08000      0.22065      0.00000
 75.09000      0.22425      0.00000
 75.10000      0.23240      0.00000
 75.11000      0.24410      0.00000
 75.12000      0.25854      0.00000
 75.13000      0.27594      0.00000
 75.14000      0.29729      0.00000
 75.15000      0.32352      0.00000
 75.16000      0.35505      0.00000
 75.17000      0.39212      0.00000
 75.18000      0.43498      0.00000
 75.19000      0.48300      0.00000
 75.20000      0.53312      0.00000
 75.21000      0.57950      0.00000
 75.22000      0.61571      0.00000
 75.23000      0.63754      0.00000
 75.24000      0.64457      0.00000
 75.25000      0.63980      0.00000
 75.26000      0.62783      0.00000
 75.27000      0.61289      0.00000
 75.28000      0.59802      0.00000
 75.29000      0.58527      0.00000
 75.30000      0.57646      0.00000
 75.31000      0.57265      0.00000
 75.32000      0.57229      0.00000
 75.33000      0.57138      0.00000
 75.34000      0.56651      0.00000
 75.35000      0.55745      0.00000
 75.36000      0.54589      0.00000
 75.37000      0.53236      0.00000
 75.38000      0.51553      0.00000
 75.39000      0.49389      0.00000
 75.40000      0.46741      0.00000
 75.41000      0.43744      0.00000
 75.42000      0.40592      0.00000
 75.43000      0.37546      0.00000
 75.44000      0.34895      0.00000
 75.45000      0.32827      0.00000
 75.46000      0.31367      0.00000
 75.47000      0.30459      0.00000
 75.48000      0.30028      0.00000
 75.49000      0.29968      0.00000
 75.50000      0.30132      0.00000
 75.51000      0.30351      0.00000
 75.52000      0.30447      0.00000
 75.53000      0.30301      0.00000
 75.54000      0.29974      0.00000
 75.55000      0.29686      0.00000
 75.56000      0.29657      0.00000
 75.57000      0.29968      0.00000
 75.58000      0.30492      0.00000
 75.59000      0.30903      0.00000
 75.60000      0.30803      0.00000
 75.61000      0.29936      0.00000
 75.62000      0.28379      0.00000
 75.63000      0.26525      0.00000
 75.64000      0.24818      0.00000
 75.65000      0.23501      0.00000
 75.66000      0.22576      0.00000
 75.67000      0.21872      0.00000
 75.68000      0.21198      0.00000
 75.69000      0.20482      0.00000
 75.70000      0.19787      0.00000
 75.71000      0.19198      0.00000
 75.72000      0.18785      0.00000
 75.73000      0.18625      0.00000
 75.74000      0.18814      0.00000
 75.75000      0.19392      0.00000
 75.76000      0.20295      0.00000
 75.77000      0.21330      0.00000
 75.78000      0.22231      0.00000
 75.79000      0.22800      0.00000
 75.80000      0.23046      0.00000
 75.81000      0.23192      0.00000
 75.82000      0.23530      0.00000
 75.83000      0.24263      0.00000
 75.84000      0.25404      0.00000
 75.85000      0.26747      0.00000
 75.86000      0.27898      0.00000
 75.87000      0.28443      0.00000
 75.88000      0.28217      0.00000
 75.89000      0.27405      0.00000
 75.90000      0.26311      0.00000
 75.91000      0.25122      0.00000
 75.92000      0.23905      0.00000
 75.93000      0.22740      0.00000
 75.94000      0.21760      0.00000
 75.95000      0.21090      0.00000
 75.96000      0.20773      0.00000
 75.97000      0.20756      0.00000
 75.98000      0.20916      0.00000
 75.99000      0.21117      0.00000
 76.00000      0.21271      0.00000
 76.01000      0.21368      0.00000
 76.02000      0.21420      0.00000
 76.03000      0.21435      0.00000
 76.04000      0.21454      0.00000
 76.05000      0.21566      0.00000
 76.06000      0.21842      0.00000
 76.07000      0.22305      0.00000
 76.08000      0.22940      0.00000
 76.09000      0.23677      0.00000
 76.10000      0.24416      0.00000
 76.11000      0.25101      0.00000
 76.12000      0.25727      0.00000
 76.13000      0.26310      0.00000
 76.14000      0.26860      0.00000
 76.15000      0.27405      0.00000
 76.16000      0.27975      0.00000
 76.17000      0.28555      0.00000
 76.18000      0.29130      0.00000
 76.19000      0.29747      0.00000
 76.20000      0.30535      0.00000
 76.21000      0.31665      0.00000
 76.22000      0.33254      0.00000
 76.23000      0.35260      0.00000
 76.24000      0.37486      0.00000
 76.25000      0.39635      0.00000
 76.26000      0.41363      0.00000
 76.27000      0.42321      0.00000
 76.28000      0.42238      0.00000
 76.29000      0.41053      0.00000
 76.30000      0.39043      0.00000
 76.31000      0.36721      0.00000
 76.32000      0.34549      0.00000
 76.33000      0.32785      0.00000
 76.34000      0.31520      0.00000
 76.35000      0.30684      0.00000
 76.36000      0.30056      0.00000
 76.37000      0.29338      0.00000
 76.38000      0.28307      0.00000
 76.39000      0.26935      0.00000
 76.40000      0.25378      0.00000
 76.41000      0.23873      0.00000
 76.42000      0.22635      0.00000
 76.43000      0.21788      0.00000
 76.44000      0.21344      0.00000
 76.45000      0.21209      0.00000
 76.46000      0.21242      0.00000
 76.47000      0.21321      0.00000
 76.48000      0.21404      0.00000
 76.49000      0.21508      0.00000
 76.50000      0.21643      0.00000
 76.51000      0.21752      0.00000
 76.52000      0.21744      0.00000
 76.53000      0.21605      0.00000
 76.54000      0.21446      0.00000
 76.55000      0.21414      0.00000
 76.56000      0.21601      0.00000
 76.57000      0.22029      0.00000
 76.58000      0.22678      0.00000
 76.59000      0.23486      0.00000
 76.60000      0.24346      0.00000
 76.61000      0.25160      0.00000
 76.62000      0.25881      0.00000
 76.63000      0.26470      0.00000
 76.64000      0.26832      0.00000
 76.65000      0.26826      0.00000
 76.66000      0.26393      0.00000
 76.67000      0.25654      0.00000
 76.68000      0.24845      0.00000
 76.69000      0.24125      0.00000
 76.70000      0.23524      0.00000
 76.71000      0.23045      0.00000
 76.72000      0.22759      0.00000
 76.73000      0.22777      0.00000
 76.74000      0.23144      0.00000
 76.75000      0.23801      0.00000
 76.76000      0.24655      0.00000
 76.77000      0.25659      0.00000
 76.78000      0.26807      0.00000
 76.79000      0.28057      0.00000
 76.80000      0.29284      0.00000
 76.81000      0.30306      0.00000
 76.82000      0.30981      0.00000
 76.83000      0.31264      0.00000
 76.84000      0.31161      0.00000
 76.85000      0.30647      0.00000
 76.86000      0.29703      0.00000
 76.87000      0.28427      0.00000
 76.88000      0.27065      0.00000
 76.89000      0.25900      0.00000
 76.90000      0.25104      0.00000
 76.91000      0.24679      0.00000
 76.92000      0.24528      0.00000
 76.93000      0.24570      0.00000
 76.94000      0.24815      0.00000
 76.95000      0.25358      0.00000
 76.96000      0.26288      0.00000
 76.97000      0.27587      0.00000
 76.98000      0.29119      0.00000
 76.99000      0.30692      0.00000
 77.00000      0.32147      0.00000
 77.01000      0.33397      0.00000
 77.02000      0.34435      0.00000
 77.03000      0.35279      0.00000
 77.04000      0.35905      0.00000
 77.05000      0.36281      0.00000
 77.06000      0.36441      0.00000
 77.07000      0.36418      0.00000
 77.08000      0.36160      0.00000
 77.09000      0.35616      0.00000
 77.10000      0.34839      0.00000
 77.11000      0.33970      0.00000
 77.12000      0.33179      0.00000
 77.13000      0.32653      0.00000
 77.14000      0.32528      0.00000
 77.15000      0.32779      0.00000
 77.16000      0.33199      0.00000
 77.17000      0.33529      0.00000
 77.18000      0.33588      0.00000
 77.19000      0.33288      0.00000
 77.20000      0.32604      0.00000
 77.21000      0.31555      0.00000
 77.22000      0.30195      0.00000
 77.23000      0.28656      0.00000
 77.24000      0.27176      0.00000
 77.25000      0.26030      0.00000
 77.26000      0.25401      0.00000
 77.27000      0.25347      0.00000
 77.28000      0.25791      0.00000
 77.29000      0.26525      0.00000
 77.30000      0.27268      0.00000
 77.31000      0.27812      0.00000
 77.32000      0.28128      0.00000
 77.33000      0.28331      0.00000
 77.34000      0.28572      0.00000
 77.35000      0.28937      0.00000
 77.36000      0.29376      0.00000
 77.37000      0.29730      0.00000
 77.38000      0.29837      0.00000
 77.39000      0.29644      0.00000
 77.40000      0.29272      0.00000
 77.41000      0.28935      0.00000
 77.42000      0.28813      0.00000
 77.43000      0.28971      0.00000
 77.44000      0.29376      0.00000
 77.45000      0.29937      0.00000
 77.46000      0.30538      0.00000
 77.47000      0.31115      0.00000
 77.48000      0.31716      0.00000
 77.49000      0.32430      0.00000
 77.50000      0.33308      0.00000
 77.51000      0.34351      0.00000
 77.52000      0.35516      0.00000
 77.53000      0.36679      0.00000
 77.54000      0.37683      0.00000
 77.55000      0.38408      0.00000
 77.56000      0.38781      0.00000
 77.57000      0.38796      0.00000
 77.58000      0.38593      0.00000
 77.59000      0.38410      0.00000
 77.60000      0.38389      0.00000
 77.61000      0.38513      0.00000
 77.62000      0.38768      0.00000
 77.63000      0.39290      0.00000
 77.64000      0.40279      0.00000
 77.65000      0.41810      0.00000
 77.66000      0.43782      0.00000
 77.67000      0.45951      0.00000
 77.68000      0.47990      0.00000
 77.69000      0.49547      0.00000
 77.70000      0.50318      0.00000
 77.71000      0.50103      0.00000
 77.72000      0.48861      0.00000
 77.73000      0.46693      0.00000
 77.74000      0.43719      0.00000
 77.75000      0.40062      0.00000
 77.76000      0.35966      0.00000
 77.77000      0.31838      0.00000
 77.78000      0.28090      0.00000
 77.79000      0.24992      0.00000
 77.80000      0.22657      0.00000
 77.81000      0.21108      0.00000
 77.82000      0.20338      0.00000
 77.83000      0.20335      0.00000
 77.84000      0.21092      0.00000
 77.85000      0.22612      0.00000
 77.86000      0.24883      0.00000
 77.87000      0.27841      0.00000
 77.88000      0.31332      0.00000
 77.89000      0.35134      0.00000
 77.90000      0.38979      0.00000
 77.91000      0.42499      0.00000
 77.92000      0.45156      0.00000
 77.93000      0.46345      0.00000
 77.94000      0.45718      0.00000
 77.95000      0.43413      0.00000
 77.96000      0.39978      0.00000
 77.97000      0.36106      0.00000
 77.98000      0.32383      0.00000
 77.99000      0.29175      0.00000
 78.00000      0.26662      0.00000
 78.01000      0.24931      0.00000
 78.02000      0.24013      0.00000
 78.03000      0.23881      0.00000
 78.04000      0.24420      0.00000
 78.05000      0.25395      0.00000
 78.06000      0.26467      0.00000
 78.07000      0.27266      0.00000
 78.08000      0.27558      0.00000
 78.09000      0.27363      0.00000
 78.10000      0.26887      0.00000
 78.11000      0.26314      0.00000
 78.12000      0.25701      0.00000
 78.13000      0.25066      0.00000
 78.14000      0.24497      0.00000
 78.15000      0.24118      0.00000
 78.16000      0.23969      0.00000
 78.17000      0.23972      0.00000
 78.18000      0.23988      0.00000
 78.19000      0.23882      0.00000
 78.20000      0.23563      0.00000
 78.21000      0.23040      0.00000
 78.22000      0.22440      0.00000
 78.23000      0.21927      0.00000
 78.24000      0.21595      0.00000
 78.25000      0.21466      0.00000
 78.26000      0.21547      0.00000
 78.27000      0.21866      0.00000
 78.28000      0.22425      0.00000
 78.29000      0.23163      0.00000
 78.30000      0.23959      0.00000
 78.31000      0.24687      0.00000
 78.32000      0.25295      0.00000
 78.33000      0.25843      0.00000
 78.34000      0.26457      0.00000
 78.35000      0.27228      0.00000
 78.36000      0.28135      0.00000
 78.37000      0.29059      0.00000
 78.38000      0.29876      0.00000
 78.39000      0.30518      0.00000
 78.40000      0.30962      0.00000
 78.41000      0.31201      0.00000
 78.42000      0.31267      0.00000
 78.43000      0.31235      0.00000
 78.44000      0.31157      0.00000
 78.45000      0.31032      0.00000
 78.46000      0.30884      0.00000
 78.47000      0.30869      0.00000
 78.48000      0.31216      0.00000
 78.49000      0.32067      0.00000
 78.50000      0.33385      0.00000
 78.51000      0.34976      0.00000
 78.52000      0.36592      0.00000
 78.53000      0.38057      0.00000
 78.54000      0.39285      0.00000
 78.55000      0.40141      0.00000
 78.56000      0.40326      0.00000
 78.57000      0.39513      0.00000
 78.58000      0.37633      0.00000
 78.59000      0.34999      0.00000
 78.60000      0.32092      0.00000
 78.61000      0.29297      0.00000
 78.62000      0.26829      0.00000
 78.63000      0.24806      0.00000
 78.64000      0.23295      0.00000
 78.65000      0.22313      0.00000
 78.66000      0.21830      0.00000
 78.67000      0.21759      0.00000
 78.68000      0.21974      0.00000
 78.69000      0.22361      0.00000
 78.70000      0.22862      0.00000
 78.71000      0.23459      0.00000
 78.72000      0.24139      0.00000
 78.73000      0.24877      0.00000
 78.74000      0.25647      0.00000
 78.75000      0.26418      0.00000
 78.76000      0.27132      0.00000
 78.77000      0.27716      0.00000
 78.78000      0.28131      0.00000
 78.79000      0.28366      0.00000
 78.80000      0.28409      0.00000
 78.81000      0.28236      0.00000
 78.82000      0.27849      0.00000
 78.83000      0.27289      0.00000
 78.84000      0.26644      0.00000
 78.85000      0.26031      0.00000
 78.86000      0.25578      0.00000
 78.87000      0.25396      0.00000
 78.88000      0.25543      0.00000
 78.89000      0.26002      0.00000
 78.90000      0.26723      0.00000
 78.91000      0.27677      0.00000
 78.92000      0.28861      0.00000
 78.93000      0.30220      0.00000
 78.94000      0.31594      0.00000
 78.95000      0.32811      0.00000
 78.96000      0.33818      0.00000
 78.97000      0.34694      0.00000
 78.98000      0.35532      0.00000
 78.99000      0.36340      0.00000
 79.00000      0.36994      0.00000
 79.01000      0.37306      0.00000
 79.02000      0.37184      0.00000
 79.03000      0.36711      0.00000
 79.04000      0.36009      0.00000
 79.05000      0.35109      0.00000
 79.06000      0.33976      0.00000
 79.07000      0.32601      0.00000
 79.08000      0.31063      0.00000
 79.09000      0.29521      0.00000
 79.10000      0.28124      0.00000
 79.11000      0.26922      0.00000
 79.12000      0.25841      0.00000
 79.13000      0.24761      0.00000
 79.14000      0.23601      0.00000
 79.15000      0.22357      0.00000
 79.16000      0.21094      0.00000
 79.17000      0.19930      0.00000
 79.18000      0.19010      0.00000
 79.19000      0.18456      0.00000
 79.20000      0.18330      0.00000
 79.21000      0.18634      0.00000
 79.22000      0.19327      0.00000
 79.23000      0.20326      0.00000
 79.24000      0.21500      0.00000
 79.25000      0.22667      0.00000
 79.26000      0.23658      0.00000
 79.27000      0.24375      0.00000
 79.28000      0.24814      0.00000
 79.29000      0.25063      0.00000
 79.30000      0.25285      0.00000
 79.31000      0.25622      0.00000
 79.32000      0.26125      0.00000
 79.33000      0.26777      0.00000
 79.34000      0.27544      0.00000
 79.35000      0.28381      0.00000
 79.36000      0.29205      0.00000
 79.37000      0.29900      0.00000
 79.38000      0.30355      0.00000
 79.39000      0.30494      0.00000
 79.40000      0.30294      0.00000
 79.41000      0.29829      0.00000
 79.42000      0.29319      0.00000
 79.43000      0.29049      0.00000
 79.44000      0.29223      0.00000
 79.45000      0.29896      0.00000
 79.46000      0.30980      0.00000
 79.47000      0.32270      0.00000
 79.48000      0.33470      0.00000
 79.49000      0.34243      0.00000
 79.50000      0.34326      0.00000
 79.51000      0.33672      0.00000
 79.52000      0.32478      0.00000
 79.53000      0.31069      0.00000
 79.54000      0.29733      0.00000
 79.55000      0.28615      0.00000
 79.56000      0.27703      0.00000
 79.57000      0.26893      0.00000
 79.58000      0.26078      0.00000
 79.59000      0.25224      0.00000
 79.60000      0.24366      0.00000
 79.61000      0.23567      0.00000
 79.62000      0.22874      0.00000
 79.63000      0.22313      0.00000
 79.64000      0.21896      0.00000
 79.65000      0.21624      0.00000
 79.66000      0.21489      0.00000
 79.67000      0.21487      0.00000
 79.68000      0.21617      0.00000
 79.69000      0.21836      0.00000
 79.70000      0.22007      0.00000
 79.71000      0.21937      0.00000
 79.72000      0.21501      0.00000
 79.73000      0.20730      0.00000
 79.74000      0.19774      0.00000
 79.75000      0.18826      0.00000
 79.76000      0.18066      0.00000
 79.77000      0.17626      0.00000
 79.78000      0.17576      0.00000
 79.79000      0.17921      0.00000
 79.80000      0.18603      0.00000
 79.81000      0.19534      0.00000
 79.82000      0.20611      0.00000
 79.83000      0.21742      0.00000
 79.84000      0.22865      0.00000
 79.85000      0.23951      0.00000
 79.86000      0.24981      0.00000
 79.87000      0.25892      0.00000
 79.88000      0.26545      0.00000
 79.89000      0.26770      0.00000
 79.90000      0.26437      0.00000
 79.91000      0.25549      0.00000
 79.92000      0.24270      0.00000
 79.93000      0.22834      0.00000
 79.94000      0.21411      0.00000
 79.95000      0.20078      0.00000
 79.96000      0.18870      0.00000
 79.97000      0.17832      0.00000
 79.98000      0.17017      0.00000
 79.99000      0.16450      0.00000
 80.00000      0.16125      0.00000
 80.01000      0.16024      0.00000
 80.02000      0.16132      0.00000
 80.03000      0.16429      0.00000
 80.04000      0.16885      0.00000
 80.05000      0.17431      0.00000
 80.06000      0.17959      0.00000
 80.07000      0.18350      0.00000
 80.08000      0.18571      0.00000
 80.09000      0.18707      0.00000
 80.10000      0.18898      0.00000
 80.11000      0.19232      0.00000
 80.12000      0.19687      0.00000
 80.13000      0.20190      0.00000
 80.14000      0.20711      0.00000
 80.15000      0.21285      0.00000
 80.16000      0.21952      0.00000
 80.17000      0.22688      0.00000
 80.18000      0.23419      0.00000
 80.19000      0.24079      0.00000
 80.20000      0.24636      0.00000
 80.21000      0.25081      0.00000
 80.22000      0.25373      0.00000
 80.23000      0.25451      0.00000
 80.24000      0.25285      0.00000
 80.25000      0.24925      0.00000
 80.26000      0.24496      0.00000
 80.27000      0.24164      0.00000
 80.28000      0.24097      0.00000
 80.29000      0.24393      0.00000
 80.30000      0.25048      0.00000
 80.31000      0.25962      0.00000
 80.32000      0.26970      0.00000
 80.33000      0.27848      0.00000
 80.34000      0.28336      0.00000
 80.35000      0.28252      0.00000
 80.36000      0.27615      0.00000
 80.37000      0.26638      0.00000
 80.38000      0.25591      0.00000
 80.39000      0.24695      0.00000
 80.40000      0.24092      0.00000
 80.41000      0.23846      0.00000
 80.42000      0.23947      0.00000
 80.43000      0.24300      0.00000
 80.44000      0.24733      0.00000
 80.45000      0.25045      0.00000
 80.46000      0.25075      0.00000
 80.47000      0.24761      0.00000
 80.48000      0.24167      0.00000
 80.49000      0.23456      0.00000
 80.50000      0.22830      0.00000
 80.51000      0.22459      0.00000
 80.52000      0.22427      0.00000
 80.53000      0.22715      0.00000
 80.54000      0.23229      0.00000
 80.55000      0.23832      0.00000
 80.56000      0.24396      0.00000
 80.57000      0.24868      0.00000
 80.58000      0.25302      0.00000
 80.59000      0.25812      0.00000
 80.60000      0.26497      0.00000
 80.61000      0.27369      0.00000
 80.62000      0.28337      0.00000
 80.63000      0.29229      0.00000
 80.64000      0.29880      0.00000
 80.65000      0.30213      0.00000
 80.66000      0.30245      0.00000
 80.67000      0.30019      0.00000
 80.68000      0.29535      0.00000
 80.69000      0.28762      0.00000
 80.70000      0.27719      0.00000
 80.71000      0.26507      0.00000
 80.72000      0.25273      0.00000
 80.73000      0.24160      0.00000
 80.74000      0.23297      0.00000
 80.75000      0.22768      0.00000
 80.76000      0.22602      0.00000
 80.77000      0.22782      0.00000
 80.78000      0.23253      0.00000
 80.79000      0.23922      0.00000
 80.80000      0.24644      0.00000
 80.81000      0.25249      0.00000
 80.82000      0.25639      0.00000
 80.83000      0.25852      0.00000
 80.84000      0.26040      0.00000
 80.85000      0.26348      0.00000
 80.86000      0.26814      0.00000
 80.87000      0.27335      0.00000
 80.88000      0.27716      0.00000
 80.89000      0.27818      0.00000
 80.90000      0.27696      0.00000
 80.91000      0.27585      0.00000
 80.92000      0.27733      0.00000
 80.93000      0.28252      0.00000
 80.94000      0.29095      0.00000
 80.95000      0.30125      0.00000
 80.96000      0.31198      0.00000
 80.97000      0.32173      0.00000
 80.98000      0.32883      0.00000
 80.99000      0.33147      0.00000
 81.00000      0.32870      0.00000
 81.01000      0.32149      0.00000
 81.02000      0.31252      0.00000
 81.03000      0.30480      0.00000
 81.04000      0.30045      0.00000
 81.05000      0.30025      0.00000
 81.06000      0.30373      0.00000
 81.07000      0.30984      0.00000
 81.08000      0.31751      0.00000
 81.09000      0.32574      0.00000
 81.10000      0.33349      0.00000
 81.11000      0.33947      0.00000
 81.12000      0.34243      0.00000
 81.13000      0.34143      0.00000
 81.14000      0.33627      0.00000
 81.15000      0.32778      0.00000
 81.16000      0.31733      0.00000
 81.17000      0.30607      0.00000
 81.18000      0.29461      0.00000
 81.19000      0.28321      0.00000
 81.20000      0.27170      0.00000
 81.21000      0.25934      0.00000
 81.22000      0.24523      0.00000
 81.23000      0.22918      0.00000
 81.24000      0.21232      0.00000
 81.25000      0.19647      0.00000
 81.26000      0.18332      0.00000
 81.27000      0.17388      0.00000
 81.28000      0.16849      0.00000
 81.29000      0.16711      0.00000
 81.30000      0.16957      0.00000
 81.31000      0.17553      0.00000
 81.32000      0.18443      0.00000
 81.33000      0.19540      0.00000
 81.34000      0.20746      0.00000
 81.35000      0.21966      0.00000
 81.36000      0.23130      0.00000
 81.37000      0.24202      0.00000
 81.38000      0.25143      0.00000
 81.39000      0.25891      0.00000
 81.40000      0.26393      0.00000
 81.41000      0.26675      0.00000
 81.42000      0.26839      0.00000
 81.43000      0.27015      0.00000
 81.44000      0.27303      0.00000
 81.45000      0.27742      0.00000
 81.46000      0.28335      0.00000
 81.47000      0.29076      0.00000
 81.48000      0.29981      0.00000
 81.49000      0.31072      0.00000
 81.50000      0.32330      0.00000
 81.51000      0.33670      0.00000
 81.52000      0.34995      0.00000
 81.53000      0.36223      0.00000
 81.54000      0.37264      0.00000
 81.55000      0.37971      0.00000
 81.56000      0.38176      0.00000
 81.57000      0.37783      0.00000
 81.58000      0.36798      0.00000
 81.59000      0.35302      0.00000
 81.60000      0.33449      0.00000
 81.61000      0.31473      0.00000
 81.62000      0.29645      0.00000
 81.63000      0.28196      0.00000
 81.64000      0.27265      0.00000
 81.65000      0.26893      0.00000
 81.66000      0.27035      0.00000
 81.67000      0.27570      0.00000
 81.68000      0.28323      0.00000
 81.69000      0.29129      0.00000
 81.70000      0.29906      0.00000
 81.71000      0.30661      0.00000
 81.72000      0.31415      0.00000
 81.73000      0.32099      0.00000
 81.74000      0.32558      0.00000
 81.75000      0.32678      0.00000
 81.76000      0.32486      0.00000
 81.77000      0.32098      0.00000
 81.78000      0.31569      0.00000
 81.79000      0.30840      0.00000
 81.80000      0.29823      0.00000
 81.81000      0.28507      0.00000
 81.82000      0.26996      0.00000
 81.83000      0.25451      0.00000
 81.84000      0.24019      0.00000
 81.85000      0.22776      0.00000
 81.86000      0.21733      0.00000
 81.87000      0.20884      0.00000
 81.88000      0.20244      0.00000
 81.89000      0.19853      0.00000
 81.90000      0.19750      0.00000
 81.91000      0.19963      0.00000
 81.92000      0.20486      0.00000
 81.93000      0.21277      0.00000
 81.94000      0.22254      0.00000
 81.95000      0.23310      0.00000
 81.96000      0.24314      0.00000
 81.97000      0.25116      0.00000
 81.98000      0.25597      0.00000
 81.99000      0.25739      0.00000
 82.00000      0.25640      0.00000
 82.01000      0.25439      0.00000
 82.02000      0.25259      0.00000
 82.03000      0.25188      0.00000
 82.04000      0.25278      0.00000
 82.05000      0.25531      0.00000
 82.06000      0.25936      0.00000
 82.07000      0.26508      0.00000
 82.08000      0.27297      0.00000
 82.09000      0.28340      0.00000
 82.10000      0.29591      0.00000
 82.11000      0.30929      0.00000
 82.12000      0.32234      0.00000
 82.13000      0.33462      0.00000
 82.14000      0.34649      0.00000
 82.15000      0.35826      0.00000
 82.16000      0.36974      0.00000
 82.17000      0.38038      0.00000
 82.18000      0.38955      0.00000
 82.19000      0.39679      0.00000
 82.20000      0.40224      0.00000
 82.21000      0.40682      0.00000
 82.22000      0.41168      0.00000
 82.23000      0.41744      0.00000
 82.24000      0.42376      0.00000
 82.25000      0.42934      0.00000
 82.26000      0.43267      0.00000
 82.27000      0.43272      0.00000
 82.28000      0.42891      0.00000
 82.29000      0.42076      0.00000
 82.30000      0.40819      0.00000
 82.31000      0.39202      0.00000
 82.32000      0.37408      0.00000
 82.33000      0.35638      0.00000
 82.34000      0.34018      0.00000
 82.35000      0.32569      0.00000
 82.36000      0.31237      0.00000
 82.37000      0.29961      0.00000
 82.38000      0.28723      0.00000
 82.39000      0.27565      0.00000
 82.40000      0.26558      0.00000
 82.41000      0.25779      0.00000
 82.42000      0.25296      0.00000
 82.43000      0.25148      0.00000
 82.44000      0.25319      0.00000
 82.45000      0.25735      0.00000
 82.46000      0.26303      0.00000
 82.47000      0.26939      0.00000
 82.48000      0.27582      0.00000
 82.49000      0.28192      0.00000
 82.50000      0.28787      0.00000
 82.51000      0.29450      0.00000
 82.52000      0.30282      0.00000
 82.53000      0.31285      0.00000
 82.54000      0.32291      0.00000
 82.55000      0.32997      0.00000
 82.56000      0.33112      0.00000
 82.57000      0.32515      0.00000
 82.58000      0.31311      0.00000
 82.59000      0.29776      0.00000
 82.60000      0.28237      0.00000
 82.61000      0.26959      0.00000
 82.62000      0.26061      0.00000
 82.63000      0.25515      0.00000
 82.64000      0.25195      0.00000
 82.65000      0.24954      0.00000
 82.66000      0.24679      0.00000
 82.67000      0.24277      0.00000
 82.68000      0.23663      0.00000
 82.69000      0.22807      0.00000
 82.70000      0.21788      0.00000
 82.71000      0.20767      0.00000
 82.72000      0.19913      0.00000
 82.73000      0.19347      0.00000
 82.74000      0.19121      0.00000
 82.75000      0.19220      0.00000
 82.76000      0.19570      0.00000
 82.77000      0.20045      0.00000
 82.78000      0.20517      0.00000
 82.79000      0.20896      0.00000
 82.80000      0.21169      0.00000
 82.81000      0.21397      0.00000
 82.82000      0.21700      0.00000
 82.83000      0.22196      0.00000
 82.84000      0.22940      0.00000
 82.85000      0.23870      0.00000
 82.86000      0.24812      0.00000
 82.87000      0.25555      0.00000
 82.88000      0.25968      0.00000
 82.89000      0.26066      0.00000
 82.90000      0.25977      0.00000
 82.91000      0.25838      0.00000
 82.92000      0.25712      0.00000
 82.93000      0.25593      0.00000
 82.94000      0.25478      0.00000
 82.95000      0.25419      0.00000
 82.96000      0.25494      0.00000
 82.97000      0.25742      0.00000
 82.98000      0.26112      0.00000
 82.99000      0.26474      0.00000
 83.00000      0.26661      0.00000
 83.01000      0.26571      0.00000
 83.02000      0.26222      0.00000
 83.03000      0.25727      0.00000
 83.04000      0.25190      0.00000
 83.05000      0.24667      0.00000
 83.06000      0.24193      0.00000
 83.07000      0.23822      0.00000
 83.08000      0.23608      0.00000
 83.09000      0.23572      0.00000
 83.10000      0.23714      0.00000
 83.11000      0.24034      0.00000
 83.12000      0.24519      0.00000
 83.13000      0.25103      0.00000
 83.14000      0.25682      0.00000
 83.15000      0.26181      0.00000
 83.16000      0.26601      0.00000
 83.17000      0.26983      0.00000
 83.18000      0.27342      0.00000
 83.19000      0.27642      0.00000
 83.20000      0.27869      0.00000
 83.21000      0.28050      0.00000
 83.22000      0.28209      0.00000
 83.23000      0.28327      0.00000
 83.24000      0.28343      0.00000
 83.25000      0.28208      0.00000
 83.26000      0.27920      0.00000
 83.27000      0.27523      0.00000
 83.28000      0.27058      0.00000
 83.29000      0.26549      0.00000
 83.30000      0.26042      0.00000
 83.31000      0.25643      0.00000
 83.32000      0.25494      0.00000
 83.33000      0.25705      0.00000
 83.34000      0.26295      0.00000
 83.35000      0.27164      0.00000
 83.36000      0.28129      0.00000
 83.37000      0.29022      0.00000
 83.38000      0.29758      0.00000
 83.39000      0.30314      0.00000
 83.40000      0.30654      0.00000
 83.41000      0.30718      0.00000
 83.42000      0.30488      0.00000
 83.43000      0.30052      0.00000
 83.44000      0.29553      0.00000
 83.45000      0.29092      0.00000
 83.46000      0.28703      0.00000
 83.47000      0.28388      0.00000
 83.48000      0.28149      0.00000
 83.49000      0.27962      0.00000
 83.50000      0.27747      0.00000
 83.51000      0.27407      0.00000
 83.52000      0.26912      0.00000
 83.53000      0.26350      0.00000
 83.54000      0.25888      0.00000
 83.55000      0.25677      0.00000
 83.56000      0.25804      0.00000
 83.57000      0.26287      0.00000
 83.58000      0.27082      0.00000
 83.59000      0.28070      0.00000
 83.60000      0.29056      0.00000
 83.61000      0.29840      0.00000
 83.62000      0.30355      0.00000
 83.63000      0.30718      0.00000
 83.64000      0.31132      0.00000
 83.65000      0.31735      0.00000
 83.66000      0.32512      0.00000
 83.67000      0.33311      0.00000
 83.68000      0.33926      0.00000
 83.69000      0.34238      0.00000
 83.70000      0.34289      0.00000
 83.71000      0.34216      0.00000
 83.72000      0.34123      0.00000
 83.73000      0.34019      0.00000
 83.74000      0.33854      0.00000
 83.75000      0.33569      0.00000
 83.76000      0.33075      0.00000
 83.77000      0.32239      0.00000
 83.78000      0.30932      0.00000
 83.79000      0.29155      0.00000
 83.80000      0.27062      0.00000
 83.81000      0.24897      0.00000
 83.82000      0.22894      0.00000
 83.83000      0.21218      0.00000
 83.84000      0.19937      0.00000
 83.85000      0.19033      0.00000
 83.86000      0.18421      0.00000
 83.87000      0.18001      0.00000
 83.88000      0.17719      0.00000
 83.89000      0.17576      0.00000
 83.90000      0.17598      0.00000
 83.91000      0.17783      0.00000
 83.92000      0.18093      0.00000
 83.93000      0.18463      0.00000
 83.94000      0.18832      0.00000
 83.95000      0.19146      0.00000
 83.96000      0.19395      0.00000
 83.97000      0.19613      0.00000
 83.98000      0.19865      0.00000
 83.99000      0.20222      0.00000
 84.00000      0.20745      0.00000
 84.01000      0.21480      0.00000
 84.02000      0.22444      0.00000
 84.03000      0.23612      0.00000
 84.04000      0.24902      0.00000
 84.05000      0.26173      0.00000
 84.06000      0.27284      0.00000
 84.07000      0.28152      0.00000
 84.08000      0.28745      0.00000
 84.09000      0.29014      0.00000
 84.10000      0.28884      0.00000
 84.11000      0.28336      0.00000
 84.12000      0.27466      0.00000
 84.13000      0.26438      0.00000
 84.14000      0.25400      0.00000
 84.15000      0.24465      0.00000
 84.16000      0.23724      0.00000
 84.17000      0.23245      0.00000
 84.18000      0.23039      0.00000
 84.19000      0.23058      0.00000
 84.20000      0.23218      0.00000
 84.21000      0.23431      0.00000
 84.22000      0.23640      0.00000
 84.23000      0.23833      0.00000
 84.24000      0.24058      0.00000
 84.25000      0.24385      0.00000
 84.26000      0.24880      0.00000
 84.27000      0.25591      0.00000
 84.28000      0.26549      0.00000
 84.29000      0.27748      0.00000
 84.30000      0.29133      0.00000
 84.31000      0.30593      0.00000
 84.32000      0.31986      0.00000
 84.33000      0.33187      0.00000
 84.34000      0.34098      0.00000
 84.35000      0.34630      0.00000
 84.36000      0.34712      0.00000
 84.37000      0.34348      0.00000
 84.38000      0.33638      0.00000
 84.39000      0.32713      0.00000
 84.40000      0.31671      0.00000
 84.41000      0.30571      0.00000
 84.42000      0.29468      0.00000
 84.43000      0.28425      0.00000
 84.44000      0.27506      0.00000
 84.45000      0.26744      0.00000
 84.46000      0.26126      0.00000
 84.47000      0.25605      0.00000
 84.48000      0.25116      0.00000
 84.49000      0.24617      0.00000
 84.50000      0.24107      0.00000
 84.51000      0.23635      0.00000
 84.52000      0.23275      0.00000
 84.53000      0.23090      0.00000
 84.54000      0.23120      0.00000
 84.55000      0.23381      0.00000
 84.56000      0.23858      0.00000
 84.57000      0.24490      0.00000
 84.58000      0.25161      0.00000
 84.59000      0.25742      0.00000
 84.60000      0.26148      0.00000
 84.61000      0.26376      0.00000
 84.62000      0.26496      0.00000
 84.63000      0.26591      0.00000
 84.64000      0.26727      0.00000
 84.65000      0.26936      0.00000
 84.66000      0.27210      0.00000
 84.67000      0.27502      0.00000
 84.68000      0.27746      0.00000
 84.69000      0.27888      0.00000
 84.70000      0.27906      0.00000
 84.71000      0.27807      0.00000
 84.72000      0.27636      0.00000
 84.73000      0.27491      0.00000
 84.74000      0.27492      0.00000
 84.75000      0.27715      0.00000
 84.76000      0.28169      0.00000
 84.77000      0.28819      0.00000
 84.78000      0.29624      0.00000
 84.79000      0.30545      0.00000
 84.80000      0.31531      0.00000
 84.81000      0.32511      0.00000
 84.82000      0.33410      0.00000
 84.83000      0.34154      0.00000
 84.84000      0.34707      0.00000
 84.85000      0.35052      0.00000
 84.86000      0.35171      0.00000
 84.87000      0.35014      0.00000
 84.88000      0.34495      0.00000
 84.89000      0.33551      0.00000
 84.90000      0.32226      0.00000
 84.91000      0.30677      0.00000
 84.92000      0.29108      0.00000
 84.93000      0.27707      0.00000
 84.94000      0.26615      0.00000
 84.95000      0.25930      0.00000
 84.96000      0.25710      0.00000
 84.97000      0.25966      0.00000
 84.98000      0.26648      0.00000
 84.99000      0.27635      0.00000
 85.00000      0.28747      0.00000
 85.01000      0.29795      0.00000
 85.02000      0.30622      0.00000
 85.03000      0.31117      0.00000
 85.04000      0.31220      0.00000
 85.05000      0.30943      0.00000
 85.06000      0.30377      0.00000
 85.07000      0.29659      0.00000
 85.08000      0.28926      0.00000
 85.09000      0.28300      0.00000
 85.10000      0.27884      0.00000
 85.11000      0.27747      0.00000
 85.12000      0.27901      0.00000
 85.13000      0.28299      0.00000
 85.14000      0.28828      0.00000
 85.15000      0.29318      0.00000
 85.16000      0.29594      0.00000
 85.17000      0.29538      0.00000
 85.18000      0.29122      0.00000
 85.19000      0.28416      0.00000
 85.20000      0.27564      0.00000
 85.21000      0.26725      0.00000
 85.22000      0.26029      0.00000
 85.23000      0.25546      0.00000
 85.24000      0.25273      0.00000
 85.25000      0.25134      0.00000
 85.26000      0.25023      0.00000
 85.27000      0.24847      0.00000
 85.28000      0.24564      0.00000
 85.29000      0.24164      0.00000
 85.30000      0.23665      0.00000
 85.31000      0.23118      0.00000
 85.32000      0.22603      0.00000
 85.33000      0.22200      0.00000
 85.34000      0.21956      0.00000
 85.35000      0.21865      0.00000
 85.36000      0.21879      0.00000
 85.37000      0.21946      0.00000
 85.38000      0.22046      0.00000
 85.39000      0.22210      0.00000
 85.40000      0.22514      0.00000
 85.41000      0.23056      0.00000
 85.42000      0.23917      0.00000
 85.43000      0.25131      0.00000
 85.44000      0.26666      0.00000
 85.45000      0.28419      0.00000
 85.46000      0.30241      0.00000
 85.47000      0.31984      0.00000
 85.48000      0.33545      0.00000
 85.49000      0.34859      0.00000
 85.50000      0.35876      0.00000
 85.51000      0.36532      0.00000
 85.52000      0.36758      0.00000
 85.53000      0.36540      0.00000
 85.54000      0.35990      0.00000
 85.55000      0.35312      0.00000
 85.56000      0.34707      0.00000
 85.57000      0.34273      0.00000
 85.58000      0.33986      0.00000
 85.59000      0.33747      0.00000
 85.60000      0.33462      0.00000
 85.61000      0.33121      0.00000
 85.62000      0.32796      0.00000
 85.63000      0.32574      0.00000
 85.64000      0.32488      0.00000
 85.65000      0.32502      0.00000
 85.66000      0.32544      0.00000
 85.67000      0.32538      0.00000
 85.68000      0.32426      0.00000
 85.69000      0.32175      0.00000
 85.70000      0.31793      0.00000
 85.71000      0.31346      0.00000
 85.72000      0.30919      0.00000
 85.73000      0.30554      0.00000
 85.74000      0.30192      0.00000
 85.75000      0.29692      0.00000
 85.76000      0.28906      0.00000
 85.77000      0.27765      0.00000
 85.78000      0.26315      0.00000
 85.79000      0.24677      0.00000
 85.80000      0.23003      0.00000
 85.81000      0.21450      0.00000
 85.82000      0.20140      0.00000
 85.83000      0.19147      0.00000
 85.84000      0.18491      0.00000
 85.85000      0.18162      0.00000
 85.86000      0.18130      0.00000
 85.87000      0.18360      0.00000
 85.88000      0.18813      0.00000
 85.89000      0.19440      0.00000
 85.90000      0.20184      0.00000
 85.91000      0.20978      0.00000
 85.92000      0.21757      0.00000
 85.93000      0.22468      0.00000
 85.94000      0.23080      0.00000
 85.95000      0.23578      0.00000
 85.96000      0.23978      0.00000
 85.97000      0.24328      0.00000
 85.98000      0.24701      0.00000
 85.99000      0.25157      0.00000
 86.00000      0.25705      0.00000
 86.01000      0.26265      0.00000
 86.02000      0.26692      0.00000
 86.03000      0.26849      0.00000
 86.04000      0.26704      0.00000
 86.05000      0.26344      0.00000
 86.06000      0.25895      0.00000
 86.07000      0.25430      0.00000
 86.08000      0.24945      0.00000
 86.09000      0.24411      0.00000
 86.10000      0.23840      0.00000
 86.11000      0.23308      0.00000
 86.12000      0.22912      0.00000
 86.13000      0.22702      0.00000
 86.14000      0.22652      0.00000
 86.15000      0.22679      0.00000
 86.16000      0.22689      0.00000
 86.17000      0.22604      0.00000
 86.18000      0.22354      0.00000
 86.19000      0.21893      0.00000
 86.20000      0.21226      0.00000
 86.21000      0.20429      0.00000
 86.22000      0.19615      0.00000
 86.23000      0.18878      0.00000
 86.24000      0.18265      0.00000
 86.25000      0.17787      0.00000
 86.26000      0.17449      0.00000
 86.27000      0.17273      0.00000
 86.28000      0.17291      0.00000
 86.29000      0.17528      0.00000
 86.30000      0.17984      0.00000
 86.31000      0.18615      0.00000
 86.32000      0.19353      0.00000
 86.33000      0.20133      0.00000
 86.34000      0.20916      0.00000
 86.35000      0.21703      0.00000
 86.36000      0.22516      0.00000
 86.37000      0.23353      0.00000
 86.38000      0.24168      0.00000
 86.39000      0.24880      0.00000
 86.40000      0.25430      0.00000
 86.41000      0.25817      0.00000
 86.42000      0.26080      0.00000
 86.43000      0.26249      0.00000
 86.44000      0.26328      0.00000
 86.45000      0.26295      0.00000
 86.46000      0.26104      0.00000
 86.47000      0.25706      0.00000
 86.48000      0.25103      0.00000
 86.49000      0.24366      0.00000
 86.50000      0.23619      0.00000
 86.51000      0.22974      0.00000
 86.52000      0.22496      0.00000
 86.53000      0.22183      0.00000
 86.54000      0.21965      0.00000
 86.55000      0.21745      0.00000
 86.56000      0.21453      0.00000
 86.57000      0.21089      0.00000
 86.58000      0.20716      0.00000
 86.59000      0.20421      0.00000
 86.60000      0.20274      0.00000
 86.61000      0.20303      0.00000
 86.62000      0.20500      0.00000
 86.63000      0.20839      0.00000
 86.64000      0.21298      0.00000
 86.65000      0.21858      0.00000
 86.66000      0.22494      0.00000
 86.67000      0.23182      0.00000
 86.68000      0.23890      0.00000
 86.69000      0.24575      0.00000
 86.70000      0.25162      0.00000
 86.71000      0.25580      0.00000
 86.72000      0.25814      0.00000
 86.73000      0.25910      0.00000
 86.74000      0.25928      0.00000
 86.75000      0.25875      0.00000
 86.76000      0.25726      0.00000
 86.77000      0.25469      0.00000
 86.78000      0.25147      0.00000
 86.79000      0.24854      0.00000
 86.80000      0.24690      0.00000
 86.81000      0.24719      0.00000
 86.82000      0.24942      0.00000
 86.83000      0.25312      0.00000
 86.84000      0.25752      0.00000
 86.85000      0.26170      0.00000
 86.86000      0.26476      0.00000
 86.87000      0.26607      0.00000
 86.88000      0.26564      0.00000
 86.89000      0.26409      0.00000
 86.90000      0.26218      0.00000
 86.91000      0.26001      0.00000
 86.92000      0.25695      0.00000
 86.93000      0.25216      0.00000
 86.94000      0.24550      0.00000
 86.95000      0.23777      0.00000
 86.96000      0.23042      0.00000
 86.97000      0.22484      0.00000
 86.98000      0.22188      0.00000
 86.99000      0.22164      0.00000
 87.00000      0.22367      0.00000
 87.01000      0.22734      0.00000
 87.02000      0.23228      0.00000
 87.03000      0.23838      0.00000
 87.04000      0.24561      0.00000
 87.05000      0.25363      0.00000
 87.06000      0.26176      0.00000
 87.07000      0.26923      0.00000
 87.08000      0.27562      0.00000
 87.09000      0.28097      0.00000
 87.10000      0.28544      0.00000
 87.11000      0.28893      0.00000
 87.12000      0.29095      0.00000
 87.13000      0.29113      0.00000
 87.14000      0.28957      0.00000
 87.15000      0.28678      0.00000
 87.16000      0.28320      0.00000
 87.17000      0.27864      0.00000
 87.18000      0.27247      0.00000
 87.19000      0.26410      0.00000
 87.20000      0.25345      0.00000
 87.21000      0.24106      0.00000
 87.22000      0.22800      0.00000
 87.23000      0.21557      0.00000
 87.24000      0.20496      0.00000
 87.25000      0.19705      0.00000
 87.26000      0.19231      0.00000
 87.27000      0.19085      0.00000
 87.28000      0.19239      0.00000
 87.29000      0.19641      0.00000
 87.30000      0.20233      0.00000
 87.31000      0.20970      0.00000
 87.32000      0.21822      0.00000
 87.33000      0.22767      0.00000
 87.34000      0.23787      0.00000
 87.35000      0.24874      0.00000
 87.36000      0.26036      0.00000
 87.37000      0.27298      0.00000
 87.38000      0.28682      0.00000
 87.39000      0.30170      0.00000
 87.40000      0.31699      0.00000
 87.41000      0.33186      0.00000
 87.42000      0.34582      0.00000
 87.43000      0.35895      0.00000
 87.44000      0.37143      0.00000
 87.45000      0.38287      0.00000
 87.46000      0.39211      0.00000
 87.47000      0.39764      0.00000
 87.48000      0.39856      0.00000
 87.49000      0.39507      0.00000
 87.50000      0.38831      0.00000
 87.51000      0.37958      0.00000
 87.52000      0.36966      0.00000
 87.53000      0.35848      0.00000
 87.54000      0.34566      0.00000
 87.55000      0.33112      0.00000
 87.56000      0.31547      0.00000
 87.57000      0.29993      0.00000
 87.58000      0.28577      0.00000
 87.59000      0.27379      0.00000
 87.60000      0.26411      0.00000
 87.61000      0.25622      0.00000
 87.62000      0.24931      0.00000
 87.63000      0.24253      0.00000
 87.64000      0.23521      0.00000
 87.65000      0.22694      0.00000
 87.66000      0.21769      0.00000
 87.67000      0.20782      0.00000
 87.68000      0.19794      0.00000
 87.69000      0.18870      0.00000
 87.70000      0.18076      0.00000
 87.71000      0.17460      0.00000
 87.72000      0.17056      0.00000
 87.73000      0.16881      0.00000
 87.74000      0.16942      0.00000
 87.75000      0.17243      0.00000
 87.76000      0.17781      0.00000
 87.77000      0.18541      0.00000
 87.78000      0.19501      0.00000
 87.79000      0.20637      0.00000
 87.80000      0.21929      0.00000
 87.81000      0.23359      0.00000
 87.82000      0.24888      0.00000
 87.83000      0.26458      0.00000
 87.84000      0.28019      0.00000
 87.85000      0.29547      0.00000
 87.86000      0.31039      0.00000
 87.87000      0.32472      0.00000
 87.88000      0.33760      0.00000
 87.89000      0.34744      0.00000
 87.90000      0.35249      0.00000
 87.91000      0.35151      0.00000
 87.92000      0.34446      0.00000
 87.93000      0.33268      0.00000
 87.94000      0.31827      0.00000
 87.95000      0.30321      0.00000
 87.96000      0.28869      0.00000
 87.97000      0.27507      0.00000
 87.98000      0.26228      0.00000
 87.99000      0.25023      0.00000
 88.00000      0.23916      0.00000
 88.01000      0.22957      0.00000
 88.02000      0.22207      0.00000
 88.03000      0.21718      0.00000
 88.04000      0.21513      0.00000
 88.05000      0.21567      0.00000
 88.06000      0.21797      0.00000
 88.07000      0.22086      0.00000
 88.08000      0.22306      0.00000
 88.09000      0.22364      0.00000
 88.10000      0.22230      0.00000
 88.11000      0.21949      0.00000
 88.12000      0.21603      0.00000
 88.13000      0.21267      0.00000
 88.14000      0.20965      0.00000
 88.15000      0.20681      0.00000
 88.16000      0.20401      0.00000
 88.17000      0.20130      0.00000
 88.18000      0.19882      0.00000
 88.19000      0.19665      0.00000
 88.20000      0.19486      0.00000
 88.21000      0.19360      0.00000
 88.22000      0.19295      0.00000
 88.23000      0.19280      0.00000
 88.24000      0.19301      0.00000
 88.25000      0.19363      0.00000
 88.26000      0.19494      0.00000
 88.27000      0.19715      0.00000
 88.28000      0.20022      0.00000
 88.29000      0.20385      0.00000
 88.30000      0.20759      0.00000
 88.31000      0.21094      0.00000
 88.32000      0.21339      0.00000
 88.33000      0.21458      0.00000
 88.34000      0.21448      0.00000
 88.35000      0.21341      0.00000
 88.36000      0.21195      0.00000
 88.37000      0.21062      0.00000
 88.38000      0.20973      0.00000
 88.39000      0.20916      0.00000
 88.40000      0.20847      0.00000
 88.41000      0.20712      0.00000
 88.42000      0.20481      0.00000
 88.43000      0.20172      0.00000
 88.44000      0.19852      0.00000
 88.45000      0.19589      0.00000
 88.46000      0.19420      0.00000
 88.47000      0.19325      0.00000
 88.48000      0.19250      0.00000
 88.49000      0.19140      0.00000
 88.50000      0.18988      0.00000
 88.51000      0.18832      0.00000
 88.52000      0.18721      0.00000
 88.53000      0.18678      0.00000
 88.54000      0.18690      0.00000
 88.55000      0.18735      0.00000
 88.56000      0.18802      0.00000
 88.57000      0.18884      0.00000
 88.58000      0.18972      0.00000
 88.59000      0.19037      0.00000
 88.60000      0.19041      0.00000
 88.61000      0.18958      0.00000
 88.62000      0.18792      0.00000
 88.63000      0.18576      0.00000
 88.64000      0.18360      0.00000
 88.65000      0.18192      0.00000
 88.66000      0.18110      0.00000
 88.67000      0.18137      0.00000
 88.68000      0.18287      0.00000
 88.69000      0.18565      0.00000
 88.70000      0.18966      0.00000
 88.71000      0.19458      0.00000
 88.72000      0.19981      0.00000
 88.73000      0.20454      0.00000
 88.74000      0.20803      0.00000
 88.75000      0.20998      0.00000
 88.76000      0.21077      0.00000
 88.77000      0.21126      0.00000
 88.78000      0.21216      0.00000
 88.79000      0.21368      0.00000
 88.80000      0.21545      0.00000
 88.81000      0.21681      0.00000
 88.82000      0.21730      0.00000
 88.83000      0.21681      0.00000
 88.84000      0.21552      0.00000
 88.85000      0.21371      0.00000
 88.86000      0.21171      0.00000
 88.87000      0.20998      0.00000
 88.88000      0.20915      0.00000
 88.89000      0.20990      0.00000
 88.90000      0.21271      0.00000
 88.91000      0.21775      0.00000
 88.92000      0.22472      0.00000
 88.93000      0.23282      0.00000
 88.94000      0.24078      0.00000
 88.95000      0.24718      0.00000
 88.96000      0.25083      0.00000
 88.97000      0.25120      0.00000
 88.98000      0.24852      0.00000
 88.99000      0.24371      0.00000
 89.00000      0.23803      0.00000
 89.01000      0.23272      0.00000
 89.02000      0.22862      0.00000
 89.03000      0.22618      0.00000
 89.04000      0.22557      0.00000
 89.05000      0.22669      0.00000
 89.06000      0.22906      0.00000
 89.07000      0.23190      0.00000
 89.08000      0.23429      0.00000
 89.09000      0.23540      0.00000
 89.10000      0.23468      0.00000
 89.11000      0.23219      0.00000
 89.12000      0.22864      0.00000
 89.13000      0.22529      0.00000
 89.14000      0.22344      0.00000
 89.15000      0.22408      0.00000
 89.16000      0.22763      0.00000
 89.17000      0.23398      0.00000
 89.18000      0.24246      0.00000
 89.19000      0.25188      0.00000
 89.20000      0.26078      0.00000
 89.21000      0.26765      0.00000
 89.22000      0.27150      0.00000
 89.23000      0.27213      0.00000
 89.24000      0.27021      0.00000
 89.25000      0.26706      0.00000
 89.26000      0.26406      0.00000
 89.27000      0.26224      0.00000
 89.28000      0.26207      0.00000
 89.29000      0.26348      0.00000
 89.30000      0.26607      0.00000
 89.31000      0.26920      0.00000
 89.32000      0.27214      0.00000
 89.33000      0.27434      0.00000
 89.34000      0.27562      0.00000
 89.35000      0.27615      0.00000
 89.36000      0.27625      0.00000
 89.37000      0.27596      0.00000
 89.38000      0.27489      0.00000
 89.39000      0.27241      0.00000
 89.40000      0.26824      0.00000
 89.41000      0.26285      0.00000
 89.42000      0.25732      0.00000
 89.43000      0.25285      0.00000
 89.44000      0.25014      0.00000
 89.45000      0.24917      0.00000
 89.46000      0.24932      0.00000
 89.47000      0.24971      0.00000
 89.48000      0.24969      0.00000
 89.49000      0.24916      0.00000
 89.50000      0.24841      0.00000
 89.51000      0.24778      0.00000
 89.52000      0.24733      0.00000
 89.53000      0.24681      0.00000
 89.54000      0.24586      0.00000
 89.55000      0.24439      0.00000
 89.56000      0.24267      0.00000
 89.57000      0.24111      0.00000
 89.58000      0.24003      0.00000
 89.59000      0.23956      0.00000
 89.60000      0.23948      0.00000
 89.61000      0.23917      0.00000
 89.62000      0.23785      0.00000
 89.63000      0.23493      0.00000
 89.64000      0.23040      0.00000
 89.65000      0.22494      0.00000
 89.66000      0.21952      0.00000
 89.67000      0.21502      0.00000
 89.68000      0.21197      0.00000
 89.69000      0.21044      0.00000
 89.70000      0.21011      0.00000
 89.71000      0.21056      0.00000
 89.72000      0.21149      0.00000
 89.73000      0.21281      0.00000
 89.74000      0.21450      0.00000
 89.75000      0.21651      0.00000
 89.76000      0.21847      0.00000
 89.77000      0.21985      0.00000
 89.78000      0.22021      0.00000
 89.79000      0.21963      0.00000
 89.80000      0.21873      0.00000
 89.81000      0.21837      0.00000
 89.82000      0.21925      0.00000
 89.83000      0.22144      0.00000
 89.84000      0.22437      0.00000
 89.85000      0.22690      0.00000
 89.86000      0.22789      0.00000
 89.87000      0.22662      0.00000
 89.88000      0.22291      0.00000
 89.89000      0.21715      0.00000
 89.90000      0.21016      0.00000
 89.91000      0.20301      0.00000
 89.92000      0.19684      0.00000
 89.93000      0.19271      0.00000
 89.94000      0.19131      0.00000
 89.95000      0.19289      0.00000
 89.96000      0.19712      0.00000
 89.97000      0.20311      0.00000
 89.98000      0.20947      0.00000
 89.99000      0.21470      0.00000
 90.00000      0.21774      0.00000
 90.01000      0.21835      0.00000
 90.02000      0.21689      0.00000
 90.03000      0.21406      0.00000
 90.04000      0.21061      0.00000
 90.05000      0.20739      0.00000
 90.06000      0.20523      0.00000
 90.07000      0.20472      0.00000
 90.08000      0.20600      0.00000
 90.09000      0.20875      0.00000
 90.10000      0.21236      0.00000
 90.11000      0.21614      0.00000
 90.12000      0.21960      0.00000
 90.13000      0.22250      0.00000
 90.14000      0.22478      0.00000
 90.15000      0.22653      0.00000
 90.16000      0.22792      0.00000
 90.17000      0.22918      0.00000
 90.18000      0.23067      0.00000
 90.19000      0.23300      0.00000
 90.20000      0.23692      0.00000
 90.21000      0.24303      0.00000
 90.22000      0.25139      0.00000
 90.23000      0.26152      0.00000
 90.24000      0.27260      0.00000
 90.25000      0.28384      0.00000
 90.26000      0.29454      0.00000
 90.27000      0.30405      0.00000
 90.28000      0.31165      0.00000
 90.29000      0.31677      0.00000
 90.30000      0.31920      0.00000
 90.31000      0.31907      0.00000
 90.32000      0.31660      0.00000
 90.33000      0.31189      0.00000
 90.34000      0.30525      0.00000
 90.35000      0.29750      0.00000
 90.36000      0.28989      0.00000
 90.37000      0.28372      0.00000
 90.38000      0.27991      0.00000
 90.39000      0.27881      0.00000
 90.40000      0.28033      0.00000
 90.41000      0.28404      0.00000
 90.42000      0.28926      0.00000
 90.43000      0.29513      0.00000
 90.44000      0.30077      0.00000
 90.45000      0.30542      0.00000
 90.46000      0.30855      0.00000
 90.47000      0.30996      0.00000
 90.48000      0.30989      0.00000
 90.49000      0.30892      0.00000
 90.50000      0.30769      0.00000
 90.51000      0.30660      0.00000
 90.52000      0.30576      0.00000
 90.53000      0.30519      0.00000
 90.54000      0.30497      0.00000
 90.55000      0.30519      0.00000
 90.56000      0.30580      0.00000
 90.57000      0.30661      0.00000
 90.58000      0.30737      0.00000
 90.59000      0.30782      0.00000
 90.60000      0.30760      0.00000
 90.61000      0.30601      0.00000
 90.62000      0.30220      0.00000
 90.63000      0.29562      0.00000
 90.64000      0.28662      0.00000
 90.65000      0.27638      0.00000
 90.66000      0.26638      0.00000
 90.67000      0.25780      0.00000
 90.68000      0.25124      0.00000
 90.69000      0.24666      0.00000
 90.70000      0.24354      0.00000
 90.71000      0.24103      0.00000
 90.72000      0.23820      0.00000
 90.73000      0.23448      0.00000
 90.74000      0.22983      0.00000
 90.75000      0.22487      0.00000
 90.76000      0.22050      0.00000
 90.77000      0.21755      0.00000
 90.78000      0.21640      0.00000
 90.79000      0.21691      0.00000
 90.80000      0.21850      0.00000
 90.81000      0.22051      0.00000
 90.82000      0.22230      0.00000
 90.83000      0.22334      0.00000
 90.84000      0.22321      0.00000
 90.85000      0.22173      0.00000
 90.86000      0.21898      0.00000
 90.87000      0.21528      0.00000
 90.88000      0.21099      0.00000
 90.89000      0.20653      0.00000
 90.90000      0.20232      0.00000
 90.91000      0.19882      0.00000
 90.92000      0.19653      0.00000
 90.93000      0.19591      0.00000
 90.94000      0.19723      0.00000
 90.95000      0.20060      0.00000
 90.96000      0.20586      0.00000
 90.97000      0.21261      0.00000
 90.98000      0.22025      0.00000
 90.99000      0.22830      0.00000
 91.00000      0.23666      0.00000
 91.01000      0.24568      0.00000
 91.02000      0.25597      0.00000
 91.03000      0.26796      0.00000
 91.04000      0.28163      0.00000
 91.05000      0.29633      0.00000
 91.06000      0.31099      0.00000
 91.07000      0.32452      0.00000
 91.08000      0.33610      0.00000
 91.09000      0.34527      0.00000
 91.10000      0.35167      0.00000
 91.11000      0.35478      0.00000
 91.12000      0.35402      0.00000
 91.13000      0.34905      0.00000
 91.14000      0.34024      0.00000
 91.15000      0.32860      0.00000
 91.16000      0.31547      0.00000
 91.17000      0.30227      0.00000
 91.18000      0.29036      0.00000
 91.19000      0.28090      0.00000
 91.20000      0.27470      0.00000
 91.21000      0.27206      0.00000
 91.22000      0.27286      0.00000
 91.23000      0.27665      0.00000
 91.24000      0.28277      0.00000
 91.25000      0.29037      0.00000
 91.26000      0.29837      0.00000
 91.27000      0.30553      0.00000
 91.28000      0.31069      0.00000
 91.29000      0.31310      0.00000
 91.30000      0.31263      0.00000
 91.31000      0.30962      0.00000
 91.32000      0.30454      0.00000
 91.33000      0.29773      0.00000
 91.34000      0.28925      0.00000
 91.35000      0.27918      0.00000
 91.36000      0.26775      0.00000
 91.37000      0.25544      0.00000
 91.38000      0.24291      0.00000
 91.39000      0.23080      0.00000
 91.40000      0.21964      0.00000
 91.41000      0.20991      0.00000
 91.42000      0.20202      0.00000
 91.43000      0.19624      0.00000
 91.44000      0.19265      0.00000
 91.45000      0.19117      0.00000
 91.46000      0.19164      0.00000
 91.47000      0.19387      0.00000
 91.48000      0.19758      0.00000
 91.49000      0.20233      0.00000
 91.50000      0.20741      0.00000
 91.51000      0.21205      0.00000
 91.52000      0.21564      0.00000
 91.53000      0.21796      0.00000
 91.54000      0.21925      0.00000
 91.55000      0.21995      0.00000
 91.56000      0.22048      0.00000
 91.57000      0.22118      0.00000
 91.58000      0.22225      0.00000
 91.59000      0.22384      0.00000
 91.60000      0.22600      0.00000
 91.61000      0.22876      0.00000
 91.62000      0.23210      0.00000
 91.63000      0.23598      0.00000
 91.64000      0.24044      0.00000
 91.65000      0.24559      0.00000
 91.66000      0.25150      0.00000
 91.67000      0.25800      0.00000
 91.68000      0.26460      0.00000
 91.69000      0.27052      0.00000
 91.70000      0.27480      0.00000
 91.71000      0.27669      0.00000
 91.72000      0.27601      0.00000
 91.73000      0.27328      0.00000
 91.74000      0.26936      0.00000
 91.75000      0.26504      0.00000
 91.76000      0.26083      0.00000
 91.77000      0.25702      0.00000
 91.78000      0.25383      0.00000
 91.79000      0.25154      0.00000
 91.80000      0.25050      0.00000
 91.81000      0.25105      0.00000
 91.82000      0.25339      0.00000
 91.83000      0.25760      0.00000
 91.84000      0.26375      0.00000
 91.85000      0.27196      0.00000
 91.86000      0.28229      0.00000
 91.87000      0.29462      0.00000
 91.88000      0.30857      0.00000
 91.89000      0.32347      0.00000
 91.90000      0.33847      0.00000
 91.91000      0.35267      0.00000
 91.92000      0.36503      0.00000
 91.93000      0.37428      0.00000
 91.94000      0.37913      0.00000
 91.95000      0.37864      0.00000
 91.96000      0.37259      0.00000
 91.97000      0.36136      0.00000
 91.98000      0.34560      0.00000
 91.99000      0.32617      0.00000
 92.00000      0.30422      0.00000
 92.01000      0.28123      0.00000
 92.02000      0.25875      0.00000
 92.03000      0.23814      0.00000
 92.04000      0.22028      0.00000
 92.05000      0.20558      0.00000
 92.06000      0.19399      0.00000
 92.07000      0.18517      0.00000
 92.08000      0.17844      0.00000
 92.09000      0.17299      0.00000
 92.10000      0.16798      0.00000
 92.11000      0.16286      0.00000
 92.12000      0.15751      0.00000
 92.13000      0.15219      0.00000
 92.14000      0.14738      0.00000
 92.15000      0.14359      0.00000
 92.16000      0.14128      0.00000
 92.17000      0.14086      0.00000
 92.18000      0.14264      0.00000
 92.19000      0.14686      0.00000
 92.20000      0.15361      0.00000
 92.21000      0.16281      0.00000
 92.22000      0.17421      0.00000
 92.23000      0.18748      0.00000
 92.24000      0.20231      0.00000
 92.25000      0.21832      0.00000
 92.26000      0.23496      0.00000
 92.27000      0.25133      0.00000
 92.28000      0.26619      0.00000
 92.29000      0.27821      0.00000
 92.30000      0.28617      0.00000
 92.31000      0.28923      0.00000
 92.32000      0.28725      0.00000
 92.33000      0.28094      0.00000
 92.34000      0.27166      0.00000
 92.35000      0.26106      0.00000
 92.36000      0.25053      0.00000
 92.37000      0.24111      0.00000
 92.38000      0.23334      0.00000
 92.39000      0.22744      0.00000
 92.40000      0.22334      0.00000
 92.41000      0.22076      0.00000
 92.42000      0.21930      0.00000
 92.43000      0.21849      0.00000
 92.44000      0.21791      0.00000
 92.45000      0.21724      0.00000
 92.46000      0.21617      0.00000
 92.47000      0.21452      0.00000
 92.48000      0.21213      0.00000
 92.49000      0.20888      0.00000
 92.50000      0.20474      0.00000
 92.51000      0.19980      0.00000
 92.52000      0.19426      0.00000
 92.53000      0.18841      0.00000
 92.54000      0.18252      0.00000
 92.55000      0.17679      0.00000
 92.56000      0.17140      0.00000
 92.57000      0.16647      0.00000
 92.58000      0.16211      0.00000
 92.59000      0.15844      0.00000
 92.60000      0.15563      0.00000
 92.61000      0.15387      0.00000
 92.62000      0.15335      0.00000
 92.63000      0.15414      0.00000
 92.64000      0.15607      0.00000
 92.65000      0.15876      0.00000
 92.66000      0.16162      0.00000
 92.67000      0.16408      0.00000
 92.68000      0.16583      0.00000
 92.69000      0.16695      0.00000
 92.70000      0.16785      0.00000
 92.71000      0.16910      0.00000
 92.72000      0.17124      0.00000
 92.73000      0.17463      0.00000
 92.74000      0.17929      0.00000
 92.75000      0.18495      0.00000
 92.76000      0.19124      0.00000
 92.77000      0.19781      0.00000
 92.78000      0.20447      0.00000
 92.79000      0.21119      0.00000
 92.80000      0.21792      0.00000
 92.81000      0.22458      0.00000
 92.82000      0.23092      0.00000
 92.83000      0.23648      0.00000
 92.84000      0.24065      0.00000
 92.85000      0.24285      0.00000
 92.86000      0.24289      0.00000
 92.87000      0.24113      0.00000
 92.88000      0.23834      0.00000
 92.89000      0.23541      0.00000
 92.90000      0.23284      0.00000
 92.91000      0.23069      0.00000
 92.92000      0.22854      0.00000
 92.93000      0.22586      0.00000
 92.94000      0.22237      0.00000
 92.95000      0.21831      0.00000
 92.96000      0.21429      0.00000
 92.97000      0.21098      0.00000
 92.98000      0.20888      0.00000
 92.99000      0.20824      0.00000
 93.00000      0.20909      0.00000
 93.01000      0.21133      0.00000
 93.02000      0.21474      0.00000
 93.03000      0.21909      0.00000
 93.04000      0.22416      0.00000
 93.05000      0.22979      0.00000
 93.06000      0.23588      0.00000
 93.07000      0.24237      0.00000
 93.08000      0.24921      0.00000
 93.09000      0.25632      0.00000
 93.10000      0.26354      0.00000
 93.11000      0.27056      0.00000
 93.12000      0.27689      0.00000
 93.13000      0.28207      0.00000
 93.14000      0.28583      0.00000
 93.15000      0.28825      0.00000
 93.16000      0.28976      0.00000
 93.17000      0.29101      0.00000
 93.18000      0.29270      0.00000
 93.19000      0.29540      0.00000
 93.20000      0.29934      0.00000
 93.21000      0.30413      0.00000
 93.22000      0.30874      0.00000
 93.23000      0.31167      0.00000
 93.24000      0.31147      0.00000
 93.25000      0.30724      0.00000
 93.26000      0.29891      0.00000
 93.27000      0.28711      0.00000
 93.28000      0.27298      0.00000
 93.29000      0.25781      0.00000
 93.30000      0.24280      0.00000
 93.31000      0.22884      0.00000
 93.32000      0.21644      0.00000
 93.33000      0.20574      0.00000
 93.34000      0.19678      0.00000
 93.35000      0.18954      0.00000
 93.36000      0.18396      0.00000
 93.37000      0.17988      0.00000
 93.38000      0.17705      0.00000
 93.39000      0.17518      0.00000
 93.40000      0.17397      0.00000
 93.41000      0.17318      0.00000
 93.42000      0.17281      0.00000
 93.43000      0.17310      0.00000
 93.44000      0.17448      0.00000
 93.45000      0.17729      0.00000
 93.46000      0.18167      0.00000
 93.47000      0.18741      0.00000
 93.48000      0.19408      0.00000
 93.49000      0.20111      0.00000
 93.50000      0.20800      0.00000
 93.51000      0.21440      0.00000
 93.52000      0.22015      0.00000
 93.53000      0.22538      0.00000
 93.54000      0.23038      0.00000
 93.55000      0.23549      0.00000
 93.56000      0.24101      0.00000
 93.57000      0.24708      0.00000
 93.58000      0.25369      0.00000
 93.59000      0.26074      0.00000
 93.60000      0.26803      0.00000
 93.61000      0.27535      0.00000
 93.62000      0.28243      0.00000
 93.63000      0.28887      0.00000
 93.64000      0.29419      0.00000
 93.65000      0.29792      0.00000
 93.66000      0.29983      0.00000
 93.67000      0.30008      0.00000
 93.68000      0.29928      0.00000
 93.69000      0.29822      0.00000
 93.70000      0.29760      0.00000
 93.71000      0.29782      0.00000
 93.72000      0.29877      0.00000
 93.73000      0.29988      0.00000
 93.74000      0.30027      0.00000
 93.75000      0.29903      0.00000
 93.76000      0.29559      0.00000
 93.77000      0.28992      0.00000
 93.78000      0.28252      0.00000
 93.79000      0.27421      0.00000
 93.80000      0.26584      0.00000
 93.81000      0.25815      0.00000
 93.82000      0.25174      0.00000
 93.83000      0.24704      0.00000
 93.84000      0.24430      0.00000
 93.85000      0.24347      0.00000
 93.86000      0.24418      0.00000
 93.87000      0.24577      0.00000
 93.88000      0.24741      0.00000
 93.89000      0.24820      0.00000
 93.90000      0.24727      0.00000
 93.91000      0.24405      0.00000
 93.92000      0.23844      0.00000
 93.93000      0.23083      0.00000
 93.94000      0.22184      0.00000
 93.95000      0.21197      0.00000
 93.96000      0.20155      0.00000
 93.97000      0.19089      0.00000
 93.98000      0.18047      0.00000
 93.99000      0.17082      0.00000
 94.00000      0.16245      0.00000
 94.01000      0.15570      0.00000
 94.02000      0.15069      0.00000
 94.03000      0.14742      0.00000
 94.04000      0.14584      0.00000
 94.05000      0.14589      0.00000
 94.06000      0.14749      0.00000
 94.07000      0.15056      0.00000
 94.08000      0.15487      0.00000
 94.09000      0.16000      0.00000
 94.10000      0.16530      0.00000
 94.11000      0.17013      0.00000
 94.12000      0.17406      0.00000
 94.13000      0.17702      0.00000
 94.14000      0.17919      0.00000
 94.15000      0.18085      0.00000
 94.16000      0.18213      0.00000
 94.17000      0.18303      0.00000
 94.18000      0.18339      0.00000
 94.19000      0.18301      0.00000
 94.20000      0.18172      0.00000
 94.21000      0.17950      0.00000
 94.22000      0.17654      0.00000
 94.23000      0.17318      0.00000
 94.24000      0.16988      0.00000
 94.25000      0.16704      0.00000
 94.26000      0.16489      0.00000
 94.27000      0.16342      0.00000
 94.28000      0.16246      0.00000
 94.29000      0.16174      0.00000
 94.30000      0.16102      0.00000
 94.31000      0.16017      0.00000
 94.32000      0.15914      0.00000
 94.33000      0.15792      0.00000
 94.34000      0.15650      0.00000
 94.35000      0.15490      0.00000
 94.36000      0.15321      0.00000
 94.37000      0.15165      0.00000
 94.38000      0.15056      0.00000
 94.39000      0.15021      0.00000
 94.40000      0.15070      0.00000
 94.41000      0.15196      0.00000
 94.42000      0.15383      0.00000
 94.43000      0.15614      0.00000
 94.44000      0.15881      0.00000
 94.45000      0.16180      0.00000
 94.46000      0.16515      0.00000
 94.47000      0.16891      0.00000
 94.48000      0.17320      0.00000
 94.49000      0.17809      0.00000
 94.50000      0.18350      0.00000
 94.51000      0.18917      0.00000
 94.52000      0.19475      0.00000
 94.53000      0.19982      0.00000
 94.54000      0.20406      0.00000
 94.55000      0.20719      0.00000
 94.56000      0.20912      0.00000
 94.57000      0.21005      0.00000
 94.58000      0.21043      0.00000
 94.59000      0.21079      0.00000
 94.60000      0.21152      0.00000
 94.61000      0.21270      0.00000
 94.62000      0.21421      0.00000
 94.63000      0.21582      0.00000
 94.64000      0.21736      0.00000
 94.65000      0.21871      0.00000
 94.66000      0.21985      0.00000
 94.67000      0.22085      0.00000
 94.68000      0.22188      0.00000
 94.69000      0.22317      0.00000
 94.70000      0.22502      0.00000
 94.71000      0.22773      0.00000
 94.72000      0.23157      0.00000
 94.73000      0.23655      0.00000
 94.74000      0.24233      0.00000
 94.75000      0.24821      0.00000
 94.76000      0.25333      0.00000
 94.77000      0.25687      0.00000
 94.78000      0.25826      0.00000
 94.79000      0.25736      0.00000
 94.80000      0.25453      0.00000
 94.81000      0.25036      0.00000
 94.82000      0.24547      0.00000
 94.83000      0.24015      0.00000
 94.84000      0.23442      0.00000
 94.85000      0.22807      0.00000
 94.86000      0.22097      0.00000
 94.87000      0.21327      0.00000
 94.88000      0.20553      0.00000
 94.89000      0.19852      0.00000
 94.90000      0.19295      0.00000
 94.91000      0.18928      0.00000
 94.92000      0.18755      0.00000
 94.93000      0.18743      0.00000
 94.94000      0.18832      0.00000
 94.95000      0.18950      0.00000
 94.96000      0.19035      0.00000
 94.97000      0.19042      0.00000
 94.98000      0.18955      0.00000
 94.99000      0.18778      0.00000
 95.00000      0.18532      0.00000
 95.01000      0.18244      0.00000
 95.02000      0.17933      0.00000
 95.03000      0.17600      0.00000
 95.04000      0.17236      0.00000
 95.05000      0.16835      0.00000
 95.06000      0.16408      0.00000
 95.07000      0.15984      0.00000
 95.08000      0.15603      0.00000
 95.09000      0.15309      0.00000
 95.10000      0.15136      0.00000
 95.11000      0.15103      0.00000
 95.12000      0.15205      0.00000
 95.13000      0.15411      0.00000
 95.14000      0.15672      0.00000
 95.15000      0.15933      0.00000
 95.16000      0.16152      0.00000
 95.17000      0.16312      0.00000
 95.18000      0.16414      0.00000
 95.19000      0.16486      0.00000
 95.20000      0.16568      0.00000
 95.21000      0.16713      0.00000
 95.22000      0.16969      0.00000
 95.23000      0.17367      0.00000
 95.24000      0.17908      0.00000
 95.25000      0.18557      0.00000
 95.26000      0.19256      0.00000
 95.27000      0.19941      0.00000
 95.28000      0.20571      0.00000
 95.29000      0.21147      0.00000
 95.30000      0.21706      0.00000
 95.31000      0.22302      0.00000
 95.32000      0.22981      0.00000
 95.33000      0.23757      0.00000
 95.34000      0.24608      0.00000
 95.35000      0.25476      0.00000
 95.36000      0.26294      0.00000
 95.37000      0.27003      0.00000
 95.38000      0.27577      0.00000
 95.39000      0.28016      0.00000
 95.40000      0.28342      0.00000
 95.41000      0.28586      0.00000
 95.42000      0.28776      0.00000
 95.43000      0.28915      0.00000
 95.44000      0.28980      0.00000
 95.45000      0.28928      0.00000
 95.46000      0.28718      0.00000
 95.47000      0.28338      0.00000
 95.48000      0.27819      0.00000
 95.49000      0.27220      0.00000
 95.50000      0.26601      0.00000
 95.51000      0.26002      0.00000
 95.52000      0.25435      0.00000
 95.53000      0.24902      0.00000
 95.54000      0.24413      0.00000
 95.55000      0.23993      0.00000
 95.56000      0.23669      0.00000
 95.57000      0.23462      0.00000
 95.58000      0.23369      0.00000
 95.59000      0.23372      0.00000
 95.60000      0.23439      0.00000
 95.61000      0.23542      0.00000
 95.62000      0.23658      0.00000
 95.63000      0.23763      0.00000
 95.64000      0.23837      0.00000
 95.65000      0.23858      0.00000
 95.66000      0.23814      0.00000
 95.67000      0.23704      0.00000
 95.68000      0.23537      0.00000
 95.69000      0.23322      0.00000
 95.70000      0.23063      0.00000
 95.71000      0.22757      0.00000
 95.72000      0.22405      0.00000
 95.73000      0.22024      0.00000
 95.74000      0.21645      0.00000
 95.75000      0.21310      0.00000
 95.76000      0.21054      0.00000
 95.77000      0.20899      0.00000
 95.78000      0.20846      0.00000
 95.79000      0.20885      0.00000
 95.80000      0.21002      0.00000
 95.81000      0.21193      0.00000
 95.82000      0.21452      0.00000
 95.83000      0.21774      0.00000
 95.84000      0.22146      0.00000
 95.85000      0.22554      0.00000
 95.86000      0.22991      0.00000
 95.87000      0.23459      0.00000
 95.88000      0.23959      0.00000
 95.89000      0.24477      0.00000
 95.90000      0.24976      0.00000
 95.91000      0.25402      0.00000
 95.92000      0.25698      0.00000
 95.93000      0.25815      0.00000
 95.94000      0.25719      0.00000
 95.95000      0.25410      0.00000
 95.96000      0.24936      0.00000
 95.97000      0.24390      0.00000
 95.98000      0.23876      0.00000
 95.99000      0.23482      0.00000
 96.00000      0.23256      0.00000
 96.01000      0.23203      0.00000
 96.02000      0.23301      0.00000
 96.03000      0.23508      0.00000
 96.04000      0.23774      0.00000
 96.05000      0.24039      0.00000
 96.06000      0.24245      0.00000
 96.07000      0.24343      0.00000
 96.08000      0.24312      0.00000
 96.09000      0.24168      0.00000
 96.10000      0.23963      0.00000
 96.11000      0.23768      0.00000
 96.12000      0.23653      0.00000
 96.13000      0.23675      0.00000
 96.14000      0.23871      0.00000
 96.15000      0.24252      0.00000
 96.16000      0.24802      0.00000
 96.17000      0.25472      0.00000
 96.18000      0.26192      0.00000
 96.19000      0.26883      0.00000
 96.20000      0.27472      0.00000
 96.21000      0.27904      0.00000
 96.22000      0.28137      0.00000
 96.23000      0.28147      0.00000
 96.24000      0.27924      0.00000
 96.25000      0.27483      0.00000
 96.26000      0.26861      0.00000
 96.27000      0.26108      0.00000
 96.28000      0.25272      0.00000
 96.29000      0.24391      0.00000
 96.30000      0.23490      0.00000
 96.31000      0.22590      0.00000
 96.32000      0.21715      0.00000
 96.33000      0.20884      0.00000
 96.34000      0.20115      0.00000
 96.35000      0.19418      0.00000
 96.36000      0.18799      0.00000
 96.37000      0.18261      0.00000
 96.38000      0.17798      0.00000
 96.39000      0.17398      0.00000
 96.40000      0.17045      0.00000
 96.41000      0.16727      0.00000
 96.42000      0.16443      0.00000
 96.43000      0.16207      0.00000
 96.44000      0.16041      0.00000
 96.45000      0.15973      0.00000
 96.46000      0.16019      0.00000
 96.47000      0.16195      0.00000
 96.48000      0.16507      0.00000
 96.49000      0.16958      0.00000
 96.50000      0.17545      0.00000
 96.51000      0.18259      0.00000
 96.52000      0.19071      0.00000
 96.53000      0.19934      0.00000
 96.54000      0.20787      0.00000
 96.55000      0.21556      0.00000
 96.56000      0.22190      0.00000
 96.57000      0.22675      0.00000
 96.58000      0.23049      0.00000
 96.59000      0.23385      0.00000
 96.60000      0.23761      0.00000
 96.61000      0.24239      0.00000
 96.62000      0.24857      0.00000
 96.63000      0.25629      0.00000
 96.64000      0.26547      0.00000
 96.65000      0.27578      0.00000
 96.66000      0.28658      0.00000
 96.67000      0.29696      0.00000
 96.68000      0.30593      0.00000
 96.69000      0.31271      0.00000
 96.70000      0.31695      0.00000
 96.71000      0.31890      0.00000
 96.72000      0.31922      0.00000
 96.73000      0.31861      0.00000
 96.74000      0.31745      0.00000
 96.75000      0.31571      0.00000
 96.76000      0.31303      0.00000
 96.77000      0.30900      0.00000
 96.78000      0.30331      0.00000
 96.79000      0.29592      0.00000
 96.80000      0.28704      0.00000
 96.81000      0.27712      0.00000
 96.82000      0.26680      0.00000
 96.83000      0.25679      0.00000
 96.84000      0.24785      0.00000
 96.85000      0.24059      0.00000
 96.86000      0.23552      0.00000
 96.87000      0.23299      0.00000
 96.88000      0.23317      0.00000
 96.89000      0.23597      0.00000
 96.90000      0.24101      0.00000
 96.91000      0.24764      0.00000
 96.92000      0.25500      0.00000
 96.93000      0.26220      0.00000
 96.94000      0.26848      0.00000
 96.95000      0.27339      0.00000
 96.96000      0.27675      0.00000
 96.97000      0.27857      0.00000
 96.98000      0.27899      0.00000
 96.99000      0.27823      0.00000
 97.00000      0.27658      0.00000
 97.01000      0.27447      0.00000
 97.02000      0.27238      0.00000
 97.03000      0.27064      0.00000
 97.04000      0.26938      0.00000
 97.05000      0.26834      0.00000
 97.06000      0.26696      0.00000
 97.07000      0.26446      0.00000
 97.08000      0.26010      0.00000
 97.09000      0.25362      0.00000
 97.10000      0.24543      0.00000
 97.11000      0.23655      0.00000
 97.12000      0.22816      0.00000
 97.13000      0.22123      0.00000
 97.14000      0.21633      0.00000
 97.15000      0.21367      0.00000
 97.16000      0.21315      0.00000
 97.17000      0.21444      0.00000
 97.18000      0.21706      0.00000
 97.19000      0.22050      0.00000
 97.20000      0.22428      0.00000
 97.21000      0.22804      0.00000
 97.22000      0.23144      0.00000
 97.23000      0.23417      0.00000
 97.24000      0.23598      0.00000
 97.25000      0.23669      0.00000
 97.26000      0.23624      0.00000
 97.27000      0.23472      0.00000
 97.28000      0.23230      0.00000
 97.29000      0.22929      0.00000
 97.30000      0.22604      0.00000
 97.31000      0.22290      0.00000
 97.32000      0.22008      0.00000
 97.33000      0.21769      0.00000
 97.34000      0.21572      0.00000
 97.35000      0.21417      0.00000
 97.36000      0.21301      0.00000
 97.37000      0.21212      0.00000
 97.38000      0.21132      0.00000
 97.39000      0.21035      0.00000
 97.40000      0.20898      0.00000
 97.41000      0.20714      0.00000
 97.42000      0.20484      0.00000
 97.43000      0.20218      0.00000
 97.44000      0.19930      0.00000
 97.45000      0.19631      0.00000
 97.46000      0.19334      0.00000
 97.47000      0.19039      0.00000
 97.48000      0.18738      0.00000
 97.49000      0.18426      0.00000
 97.50000      0.18113      0.00000
 97.51000      0.17833      0.00000
 97.52000      0.17636      0.00000
 97.53000      0.17569      0.00000
 97.54000      0.17661      0.00000
 97.55000      0.17921      0.00000
 97.56000      0.18336      0.00000
 97.57000      0.18874      0.00000
 97.58000      0.19488      0.00000
 97.59000      0.20127      0.00000
 97.60000      0.20742      0.00000
 97.61000      0.21307      0.00000
 97.62000      0.21817      0.00000
 97.63000      0.22276      0.00000
 97.64000      0.22671      0.00000
 97.65000      0.22972      0.00000
 97.66000      0.23142      0.00000
 97.67000      0.23158      0.00000
 97.68000      0.23033      0.00000
 97.69000      0.22815      0.00000
 97.70000      0.22566      0.00000
 97.71000      0.22344      0.00000
 97.72000      0.22184      0.00000
 97.73000      0.22098      0.00000
 97.74000      0.22085      0.00000
 97.75000      0.22144      0.00000
 97.76000      0.22273      0.00000
 97.77000      0.22470      0.00000
 97.78000      0.22733      0.00000
 97.79000      0.23051      0.00000
 97.80000      0.23405      0.00000
 97.81000      0.23761      0.00000
 97.82000      0.24077      0.00000
 97.83000      0.24309      0.00000
 97.84000      0.24419      0.00000
 97.85000      0.24385      0.00000
 97.86000      0.24204      0.00000
 97.87000      0.23894      0.00000
 97.88000      0.23495      0.00000
 97.89000      0.23065      0.00000
 97.90000      0.22668      0.00000
 97.91000      0.22357      0.00000
 97.92000      0.22163      0.00000
 97.93000      0.22091      0.00000
 97.94000      0.22121      0.00000
 97.95000      0.22205      0.00000
 97.96000      0.22292      0.00000
 97.97000      0.22337      0.00000
 97.98000      0.22328      0.00000
 97.99000      0.22282      0.00000
 98.00000      0.22234      0.00000
 98.01000      0.22214      0.00000
 98.02000      0.22229      0.00000
 98.03000      0.22263      0.00000
 98.04000      0.22287      0.00000
 98.05000      0.22272      0.00000
 98.06000      0.22204      0.00000
 98.07000      0.22086      0.00000
 98.08000      0.21931      0.00000
 98.09000      0.21763      0.00000
 98.10000      0.21610      0.00000
 98.11000      0.21507      0.00000
 98.12000      0.21492      0.00000
 98.13000      0.21596      0.00000
 98.14000      0.21839      0.00000
 98.15000      0.22225      0.00000
 98.16000      0.22734      0.00000
 98.17000      0.23327      0.00000
 98.18000      0.23939      0.00000
 98.19000      0.24485      0.00000
 98.20000      0.24879      0.00000
 98.21000      0.25057      0.00000
 98.22000      0.25002      0.00000
 98.23000      0.24749      0.00000
 98.24000      0.24372      0.00000
 98.25000      0.23957      0.00000
 98.26000      0.23574      0.00000
 98.27000      0.23270      0.00000
 98.28000      0.23071      0.00000
 98.29000      0.22988      0.00000
 98.30000      0.23027      0.00000
 98.31000      0.23189      0.00000
 98.32000      0.23467      0.00000
 98.33000      0.23845      0.00000
 98.34000      0.24293      0.00000
 98.35000      0.24768      0.00000
 98.36000      0.25217      0.00000
 98.37000      0.25593      0.00000
 98.38000      0.25869      0.00000
 98.39000      0.26042      0.00000
 98.40000      0.26122      0.00000
 98.41000      0.26128      0.00000
 98.42000      0.26083      0.00000
 98.43000      0.26014      0.00000
 98.44000      0.25950      0.00000
 98.45000      0.25917      0.00000
 98.46000      0.25932      0.00000
 98.47000      0.25998      0.00000
 98.48000      0.26102      0.00000
 98.49000      0.26230      0.00000
 98.50000      0.26365      0.00000
 98.51000      0.26487      0.00000
 98.52000      0.26568      0.00000
 98.53000      0.26573      0.00000
 98.54000      0.26479      0.00000
 98.55000      0.26274      0.00000
 98.56000      0.25958      0.00000
 98.57000      0.25533      0.00000
 98.58000      0.25008      0.00000
 98.59000      0.24395      0.00000
 98.60000      0.23717      0.00000
 98.61000      0.23001      0.00000
 98.62000      0.22273      0.00000
 98.63000      0.21555      0.00000
 98.64000      0.20864      0.00000
 98.65000      0.20216      0.00000
 98.66000      0.19631      0.00000
 98.67000      0.19130      0.00000
 98.68000      0.18737      0.00000
 98.69000      0.18464      0.00000
 98.70000      0.18309      0.00000
 98.71000      0.18254      0.00000
 98.72000      0.18264      0.00000
 98.73000      0.18299      0.00000
 98.74000      0.18318      0.00000
 98.75000      0.18294      0.00000
 98.76000      0.18220      0.00000
 98.77000      0.18111      0.00000
 98.78000      0.18002      0.00000
 98.79000      0.17938      0.00000
 98.80000      0.17959      0.00000
 98.81000      0.18093      0.00000
 98.82000      0.18347      0.00000
 98.83000      0.18705      0.00000
 98.84000      0.19130      0.00000
 98.85000      0.19581      0.00000
 98.86000      0.20024      0.00000
 98.87000      0.20448      0.00000
 98.88000      0.20860      0.00000
 98.89000      0.21279      0.00000
 98.90000      0.21723      0.00000
 98.91000      0.22203      0.00000
 98.92000      0.22711      0.00000
 98.93000      0.23220      0.00000
 98.94000      0.23682      0.00000
 98.95000      0.24039      0.00000
 98.96000      0.24238      0.00000
 98.97000      0.24243      0.00000
 98.98000      0.24049      0.00000
 98.99000      0.23688      0.00000
 99.00000      0.23225      0.00000
 99.01000      0.22741      0.00000
 99.02000      0.22314      0.00000
 99.03000      0.22003      0.00000
 99.04000      0.21839      0.00000
 99.05000      0.21833      0.00000
 99.06000      0.21979      0.00000
 99.07000      0.22257      0.00000
 99.08000      0.22644      0.00000
 99.09000      0.23112      0.00000
 99.10000      0.23629      0.00000
 99.11000      0.24157      0.00000
 99.12000      0.24651      0.00000
 99.13000      0.25054      0.00000
 99.14000      0.25313      0.00000
 99.15000      0.25397      0.00000
 99.16000      0.25310      0.00000
 99.17000      0.25096      0.00000
 99.18000      0.24818      0.00000
 99.19000      0.24532      0.00000
 99.20000      0.24273      0.00000
 99.21000      0.24043      0.00000
 99.22000      0.23826      0.00000
 99.23000      0.23603      0.00000
 99.24000      0.23369      0.00000
 99.25000      0.23142      0.00000
 99.26000      0.22958      0.00000
 99.27000      0.22853      0.00000
 99.28000      0.22847      0.00000
 99.29000      0.22945      0.00000
 99.30000      0.23130      0.00000
 99.31000      0.23378      0.00000
 99.32000      0.23660      0.00000
 99.33000      0.23941      0.00000
 99.34000      0.24183      0.00000
 99.35000      0.24339      0.00000
 99.36000      0.24368      0.00000
 99.37000      0.24242      0.00000
 99.38000      0.23956      0.00000
 99.39000      0.23529      0.00000
 99.40000      0.22991      0.00000
 99.41000      0.22369      0.00000
 99.42000      0.21679      0.00000
 99.43000      0.20931      0.00000
 99.44000      0.20134      0.00000
 99.45000      0.19305      0.00000
 99.46000      0.18471      0.00000
 99.47000      0.17667      0.00000
 99.48000      0.16921      0.00000
 99.49000      0.16252      0.00000
 99.50000      0.15662      0.00000
 99.51000      0.15147      0.00000
 99.52000      0.14697      0.00000
 99.53000      0.14310      0.00000
 99.54000      0.13992      0.00000
 99.55000      0.13754      0.00000
 99.56000      0.13611      0.00000
 99.57000      0.13574      0.00000
 99.58000      0.13646      0.00000
 99.59000      0.13818      0.00000
 99.60000      0.14075      0.00000
 99.61000      0.14398      0.00000
 99.62000      0.14767      0.00000
 99.63000      0.15167      0.00000
 99.64000      0.15582      0.00000
 99.65000      0.15995      0.00000
 99.66000      0.16391      0.00000
 99.67000      0.16758      0.00000
 99.68000      0.17095      0.00000
 99.69000      0.17411      0.00000
 99.70000      0.17723      0.00000
 99.71000      0.18041      0.00000
 99.72000      0.18366      0.00000
 99.73000      0.18681      0.00000
 99.74000      0.18969      0.00000
 99.75000      0.19222      0.00000
 99.76000      0.19452      0.00000
 99.77000      0.19693      0.00000
 99.78000      0.19985      0.00000
 99.79000      0.20359      0.00000
 99.80000      0.20822      0.00000
 99.81000      0.21353      0.00000
 99.82000      0.21910      0.00000
 99.83000      0.22442      0.00000
 99.84000      0.22908      0.00000
 99.85000      0.23279      0.00000
 99.86000      0.23542      0.00000
 99.87000      0.23690      0.00000
 99.88000      0.23724      0.00000
 99.89000      0.23652      0.00000
 99.90000      0.23491      0.00000
 99.91000      0.23266      0.00000
 99.92000      0.23004      0.00000
 99.93000      0.22735      0.00000
 99.94000      0.22490      0.00000
 99.95000      0.22296      0.00000
 99.96000      0.22172      0.00000
 99.97000      0.22126      0.00000
 99.98000      0.22149      0.00000
 99.99000      0.22221      0.00000
100.00000      0.22310      0.00000
100.01000      0.22382      0.00000
100.02000      0.22410      0.00000
100.03000      0.22378      0.00000
100.04000      0.22285      0.00000
100.05000      0.22144      0.00000
100.06000      0.21978      0.00000
100.07000      0.21812      0.00000
100.08000      0.21676      0.00000
100.09000      0.21595      0.00000
100.10000      0.21584      0.00000
100.11000      0.21654      0.00000
100.12000      0.21797      0.00000
100.13000      0.21999      0.00000
100.14000      0.22229      0.00000
100.15000      0.22454      0.00000
100.16000      0.22643      0.00000
100.17000      0.22782      0.00000
100.18000      0.22874      0.00000
100.19000      0.22938      0.00000
100.20000      0.23002      0.00000
100.21000      0.23096      0.00000
100.22000      0.23252      0.00000
100.23000      0.23494      0.00000
100.24000      0.23840      0.00000
100.25000      0.24286      0.00000
100.26000      0.24805      0.00000
100.27000      0.25347      0.00000
100.28000      0.25851      0.00000
100.29000      0.26253      0.00000
100.30000      0.26510      0.00000
100.31000      0.26606      0.00000
100.32000      0.26556      0.00000
100.33000      0.26392      0.00000
100.34000      0.26143      0.00000
100.35000      0.25823      0.00000
100.36000      0.25428      0.00000
100.37000      0.24956      0.00000
100.38000      0.24408      0.00000
100.39000      0.23803      0.00000
100.40000      0.23169      0.00000
100.41000      0.22541      0.00000
100.42000      0.21955      0.00000
100.43000      0.21447      0.00000
100.44000      0.21045      0.00000
100.45000      0.20764      0.00000
100.46000      0.20605      0.00000
100.47000      0.20561      0.00000
100.48000      0.20614      0.00000
100.49000      0.20744      0.00000
100.50000      0.20933      0.00000
100.51000      0.21163      0.00000
100.52000      0.21423      0.00000
100.53000      0.21712      0.00000
100.54000      0.22035      0.00000
100.55000      0.22391      0.00000
100.56000      0.22774      0.00000
100.57000      0.23169      0.00000
100.58000      0.23560      0.00000
100.59000      0.23935      0.00000
100.60000      0.24290      0.00000
100.61000      0.24616      0.00000
100.62000      0.24892      0.00000
100.63000      0.25078      0.00000
100.64000      0.25127      0.00000
100.65000      0.25000      0.00000
100.66000      0.24685      0.00000
100.67000      0.24198      0.00000
100.68000      0.23580      0.00000
100.69000      0.22881      0.00000
100.70000      0.22155      0.00000
100.71000      0.21458      0.00000
100.72000      0.20843      0.00000
100.73000      0.20351      0.00000
100.74000      0.20009      0.00000
100.75000      0.19819      0.00000
100.76000      0.19760      0.00000
100.77000      0.19791      0.00000
100.78000      0.19860      0.00000
100.79000      0.19909      0.00000
100.80000      0.19889      0.00000
100.81000      0.19760      0.00000
100.82000      0.19506      0.00000
100.83000      0.19136      0.00000
100.84000      0.18685      0.00000
100.85000      0.18200      0.00000
100.86000      0.17724      0.00000
100.87000      0.17281      0.00000
100.88000      0.16875      0.00000
100.89000      0.16496      0.00000
100.90000      0.16125      0.00000
100.91000      0.15747      0.00000
100.92000      0.15358      0.00000
100.93000      0.14961      0.00000
100.94000      0.14569      0.00000
100.95000      0.14201      0.00000
100.96000      0.13873      0.00000
100.97000      0.13601      0.00000
100.98000      0.13394      0.00000
100.99000      0.13260      0.00000
101.00000      0.13202      0.00000
101.01000      0.13222      0.00000
101.02000      0.13316      0.00000
101.03000      0.13476      0.00000
101.04000      0.13691      0.00000
101.05000      0.13951      0.00000
101.06000      0.14255      0.00000
101.07000      0.14605      0.00000
101.08000      0.15007      0.00000
101.09000      0.15464      0.00000
101.10000      0.15969      0.00000
101.11000      0.16507      0.00000
101.12000      0.17061      0.00000
101.13000      0.17610      0.00000
101.14000      0.18145      0.00000
101.15000      0.18661      0.00000
101.16000      0.19157      0.00000
101.17000      0.19637      0.00000
101.18000      0.20104      0.00000
101.19000      0.20558      0.00000
101.20000      0.20994      0.00000
101.21000      0.21404      0.00000
101.22000      0.21771      0.00000
101.23000      0.22073      0.00000
101.24000      0.22286      0.00000
101.25000      0.22392      0.00000
101.26000      0.22386      0.00000
101.27000      0.22271      0.00000
101.28000      0.22057      0.00000
101.29000      0.21758      0.00000
101.30000      0.21393      0.00000
101.31000      0.20980      0.00000
101.32000      0.20543      0.00000
101.33000      0.20104      0.00000
101.34000      0.19681      0.00000
101.35000      0.19289      0.00000
101.36000      0.18935      0.00000
101.37000      0.18625      0.00000
101.38000      0.18357      0.00000
101.39000      0.18133      0.00000
101.40000      0.17958      0.00000
101.41000      0.17840      0.00000
101.42000      0.17785      0.00000
101.43000      0.17793      0.00000
101.44000      0.17854      0.00000
101.45000      0.17954      0.00000
101.46000      0.18075      0.00000
101.47000      0.18204      0.00000
101.48000      0.18332      0.00000
101.49000      0.18455      0.00000
101.50000      0.18567      0.00000
101.51000      0.18662      0.00000
101.52000      0.18732      0.00000
101.53000      0.18768      0.00000
101.54000      0.18766      0.00000
101.55000      0.18730      0.00000
101.56000      0.18678      0.00000
101.57000      0.18629      0.00000
101.58000      0.18600      0.00000
101.59000      0.18598      0.00000
101.60000      0.18622      0.00000
101.61000      0.18669      0.00000
101.62000      0.18738      0.00000
101.63000      0.18826      0.00000
101.64000      0.18931      0.00000
101.65000      0.19045      0.00000
101.66000      0.19162      0.00000
101.67000      0.19278      0.00000
101.68000      0.19390      0.00000
101.69000      0.19497      0.00000
101.70000      0.19598      0.00000
101.71000      0.19687      0.00000
101.72000      0.19750      0.00000
101.73000      0.19765      0.00000
101.74000      0.19702      0.00000
101.75000      0.19532      0.00000
101.76000      0.19235      0.00000
101.77000      0.18808      0.00000
101.78000      0.18261      0.00000
101.79000      0.17622      0.00000
101.80000      0.16919      0.00000
101.81000      0.16183      0.00000
101.82000      0.15443      0.00000
101.83000      0.14730      0.00000
101.84000      0.14071      0.00000
101.85000      0.13489      0.00000
101.86000      0.13006      0.00000
101.87000      0.12637      0.00000
101.88000      0.12393      0.00000
101.89000      0.12276      0.00000
101.90000      0.12281      0.00000
101.91000      0.12395      0.00000
101.92000      0.12596      0.00000
101.93000      0.12857      0.00000
101.94000      0.13151      0.00000
101.95000      0.13456      0.00000
101.96000      0.13761      0.00000
101.97000      0.14063      0.00000
101.98000      0.14362      0.00000
101.99000      0.14658      0.00000
102.00000      0.14944      0.00000
102.01000      0.15210      0.00000
102.02000      0.15445      0.00000
102.03000      0.15640      0.00000
102.04000      0.15785      0.00000
102.05000      0.15868      0.00000
102.06000      0.15881      0.00000
102.07000      0.15821      0.00000
102.08000      0.15698      0.00000
102.09000      0.15534      0.00000
102.10000      0.15357      0.00000
102.11000      0.15197      0.00000
102.12000      0.15082      0.00000
102.13000      0.15033      0.00000
102.14000      0.15065      0.00000
102.15000      0.15186      0.00000
102.16000      0.15398      0.00000
102.17000      0.15703      0.00000
102.18000      0.16090      0.00000
102.19000      0.16545      0.00000
102.20000      0.17048      0.00000
102.21000      0.17574      0.00000
102.22000      0.18094      0.00000
102.23000      0.18580      0.00000
102.24000      0.19014      0.00000
102.25000      0.19393      0.00000
102.26000      0.19733      0.00000
102.27000      0.20059      0.00000
102.28000      0.20385      0.00000
102.29000      0.20710      0.00000
102.30000      0.21011      0.00000
102.31000      0.21257      0.00000
102.32000      0.21420      0.00000
102.33000      0.21486      0.00000
102.34000      0.21463      0.00000
102.35000      0.21377      0.00000
102.36000      0.21269      0.00000
102.37000      0.21186      0.00000
102.38000      0.21168      0.00000
102.39000      0.21240      0.00000
102.40000      0.21409      0.00000
102.41000      0.21658      0.00000
102.42000      0.21957      0.00000
102.43000      0.22259      0.00000
102.44000      0.22521      0.00000
102.45000      0.22712      0.00000
102.46000      0.22814      0.00000
102.47000      0.22818      0.00000
102.48000      0.22710      0.00000
102.49000      0.22472      0.00000
102.50000      0.22089      0.00000
102.51000      0.21567      0.00000
102.52000      0.20941      0.00000
102.53000      0.20267      0.00000
102.54000      0.19611      0.00000
102.55000      0.19033      0.00000
102.56000      0.18580      0.00000
102.57000      0.18281      0.00000
102.58000      0.18149      0.00000
102.59000      0.18180      0.00000
102.60000      0.18358      0.00000
102.61000      0.18664      0.00000
102.62000      0.19079      0.00000
102.63000      0.19583      0.00000
102.64000      0.20161      0.00000
102.65000      0.20796      0.00000
102.66000      0.21474      0.00000
102.67000      0.22176      0.00000
102.68000      0.22878      0.00000
102.69000      0.23546      0.00000
102.70000      0.24135      0.00000
102.71000      0.24596      0.00000
102.72000      0.24887      0.00000
102.73000      0.24988      0.00000
102.74000      0.24906      0.00000
102.75000      0.24680      0.00000
102.76000      0.24370      0.00000
102.77000      0.24037      0.00000
102.78000      0.23731      0.00000
102.79000      0.23478      0.00000
102.80000      0.23274      0.00000
102.81000      0.23094      0.00000
102.82000      0.22894      0.00000
102.83000      0.22637      0.00000
102.84000      0.22297      0.00000
102.85000      0.21875      0.00000
102.86000      0.21393      0.00000
102.87000      0.20885      0.00000
102.88000      0.20382      0.00000
102.89000      0.19906      0.00000
102.90000      0.19474      0.00000
102.91000      0.19092      0.00000
102.92000      0.18763      0.00000
102.93000      0.18489      0.00000
102.94000      0.18272      0.00000
102.95000      0.18117      0.00000
102.96000      0.18024      0.00000
102.97000      0.17987      0.00000
102.98000      0.17990      0.00000
102.99000      0.18014      0.00000
103.00000      0.18042      0.00000
103.01000      0.18067      0.00000
103.02000      0.18090      0.00000
103.03000      0.18119      0.00000
103.04000      0.18163      0.00000
103.05000      0.18231      0.00000
103.06000      0.18326      0.00000
103.07000      0.18448      0.00000
103.08000      0.18594      0.00000
103.09000      0.18759      0.00000
103.10000      0.18943      0.00000
103.11000      0.19151      0.00000
103.12000      0.19388      0.00000
103.13000      0.19654      0.00000
103.14000      0.19941      0.00000
103.15000      0.20233      0.00000
103.16000      0.20503      0.00000
103.17000      0.20721      0.00000
103.18000      0.20857      0.00000
103.19000      0.20890      0.00000
103.20000      0.20815      0.00000
103.21000      0.20645      0.00000
103.22000      0.20404      0.00000
103.23000      0.20125      0.00000
103.24000      0.19842      0.00000
103.25000      0.19580      0.00000
103.26000      0.19357      0.00000
103.27000      0.19184      0.00000
103.28000      0.19065      0.00000
103.29000      0.19000      0.00000
103.30000      0.18988      0.00000
103.31000      0.19024      0.00000
103.32000      0.19099      0.00000
103.33000      0.19210      0.00000
103.34000      0.19356      0.00000
103.35000      0.19539      0.00000
103.36000      0.19760      0.00000
103.37000      0.20008      0.00000
103.38000      0.20264      0.00000
103.39000      0.20497      0.00000
103.40000      0.20678      0.00000
103.41000      0.20782      0.00000
103.42000      0.20800      0.00000
103.43000      0.20733      0.00000
103.44000      0.20587      0.00000
103.45000      0.20372      0.00000
103.46000      0.20098      0.00000
103.47000      0.19782      0.00000
103.48000      0.19445      0.00000
103.49000      0.19108      0.00000
103.50000      0.18792      0.00000
103.51000      0.18515      0.00000
103.52000      0.18284      0.00000
103.53000      0.18097      0.00000
103.54000      0.17943      0.00000
103.55000      0.17799      0.00000
103.56000      0.17644      0.00000
103.57000      0.17467      0.00000
103.58000      0.17265      0.00000
103.59000      0.17047      0.00000
103.60000      0.16827      0.00000
103.61000      0.16616      0.00000
103.62000      0.16421      0.00000
103.63000      0.16250      0.00000
103.64000      0.16110      0.00000
103.65000      0.16014      0.00000
103.66000      0.15973      0.00000
103.67000      0.15996      0.00000
103.68000      0.16080      0.00000
103.69000      0.16219      0.00000
103.70000      0.16396      0.00000
103.71000      0.16598      0.00000
103.72000      0.16816      0.00000
103.73000      0.17051      0.00000
103.74000      0.17312      0.00000
103.75000      0.17608      0.00000
103.76000      0.17945      0.00000
103.77000      0.18328      0.00000
103.78000      0.18755      0.00000
103.79000      0.19226      0.00000
103.80000      0.19736      0.00000
103.81000      0.20276      0.00000
103.82000      0.20827      0.00000
103.83000      0.21361      0.00000
103.84000      0.21840      0.00000
103.85000      0.22232      0.00000
103.86000      0.22512      0.00000
103.87000      0.22669      0.00000
103.88000      0.22710      0.00000
103.89000      0.22652      0.00000
103.90000      0.22516      0.00000
103.91000      0.22318      0.00000
103.92000      0.22074      0.00000
103.93000      0.21794      0.00000
103.94000      0.21494      0.00000
103.95000      0.21191      0.00000
103.96000      0.20904      0.00000
103.97000      0.20652      0.00000
103.98000      0.20441      0.00000
103.99000      0.20271      0.00000
104.00000      0.20130      0.00000
104.01000      0.20001      0.00000
104.02000      0.19865      0.00000
104.03000      0.19706      0.00000
104.04000      0.19516      0.00000
104.05000      0.19297      0.00000
104.06000      0.19054      0.00000
104.07000      0.18792      0.00000
104.08000      0.18515      0.00000
104.09000      0.18224      0.00000
104.10000      0.17921      0.00000
104.11000      0.17610      0.00000
104.12000      0.17299      0.00000
104.13000      0.16993      0.00000
104.14000      0.16699      0.00000
104.15000      0.16423      0.00000
104.16000      0.16167      0.00000
104.17000      0.15933      0.00000
104.18000      0.15717      0.00000
104.19000      0.15512      0.00000
104.20000      0.15306      0.00000
104.21000      0.15092      0.00000
104.22000      0.14863      0.00000
104.23000      0.14620      0.00000
104.24000      0.14374      0.00000
104.25000      0.14145      0.00000
104.26000      0.13957      0.00000
104.27000      0.13832      0.00000
104.28000      0.13785      0.00000
104.29000      0.13819      0.00000
104.30000      0.13928      0.00000
104.31000      0.14096      0.00000
104.32000      0.14305      0.00000
104.33000      0.14541      0.00000
104.34000      0.14797      0.00000
104.35000      0.15080      0.00000
104.36000      0.15398      0.00000
104.37000      0.15758      0.00000
104.38000      0.16163      0.00000
104.39000      0.16610      0.00000
104.40000      0.17094      0.00000
104.41000      0.17613      0.00000
104.42000      0.18162      0.00000
104.43000      0.18735      0.00000
104.44000      0.19316      0.00000
104.45000      0.19885      0.00000
104.46000      0.20417      0.00000
104.47000      0.20890      0.00000
104.48000      0.21291      0.00000
104.49000      0.21616      0.00000
104.50000      0.21869      0.00000
104.51000      0.22055      0.00000
104.52000      0.22178      0.00000
104.53000      0.22242      0.00000
104.54000      0.22252      0.00000
104.55000      0.22216      0.00000
104.56000      0.22136      0.00000
104.57000      0.22015      0.00000
104.58000      0.21852      0.00000
104.59000      0.21654      0.00000
104.60000      0.21426      0.00000
104.61000      0.21178      0.00000
104.62000      0.20916      0.00000
104.63000      0.20643      0.00000
104.64000      0.20357      0.00000
104.65000      0.20056      0.00000
104.66000      0.19740      0.00000
104.67000      0.19413      0.00000
104.68000      0.19091      0.00000
104.69000      0.18793      0.00000
104.70000      0.18538      0.00000
104.71000      0.18336      0.00000
104.72000      0.18185      0.00000
104.73000      0.18072      0.00000
104.74000      0.17973      0.00000
104.75000      0.17858      0.00000
104.76000      0.17703      0.00000
104.77000      0.17493      0.00000
104.78000      0.17234      0.00000
104.79000      0.16945      0.00000
104.80000      0.16653      0.00000
104.81000      0.16383      0.00000
104.82000      0.16156      0.00000
104.83000      0.15981      0.00000
104.84000      0.15862      0.00000
104.85000      0.15802      0.00000
104.86000      0.15804      0.00000
104.87000      0.15872      0.00000
104.88000      0.16006      0.00000
104.89000      0.16204      0.00000
104.90000      0.16461      0.00000
104.91000      0.16768      0.00000
104.92000      0.17116      0.00000
104.93000      0.17498      0.00000
104.94000      0.17911      0.00000
104.95000      0.18355      0.00000
104.96000      0.18831      0.00000
104.97000      0.19334      0.00000
104.98000      0.19855      0.00000
104.99000      0.20376      0.00000
105.00000      0.20873      0.00000
105.01000      0.21322      0.00000
105.02000      0.21694      0.00000
105.03000      0.21972      0.00000
105.04000      0.22152      0.00000
105.05000      0.22249      0.00000
105.06000      0.22292      0.00000
105.07000      0.22319      0.00000
105.08000      0.22359      0.00000
105.09000      0.22437      0.00000
105.10000      0.22565      0.00000
105.11000      0.22743      0.00000
105.12000      0.22961      0.00000
105.13000      0.23202      0.00000
105.14000      0.23441      0.00000
105.15000      0.23653      0.00000
105.16000      0.23819      0.00000
105.17000      0.23928      0.00000
105.18000      0.23981      0.00000
105.19000      0.23979      0.00000
105.20000      0.23923      0.00000
105.21000      0.23804      0.00000
105.22000      0.23612      0.00000
105.23000      0.23341      0.00000
105.24000      0.22993      0.00000
105.25000      0.22582      0.00000
105.26000      0.22134      0.00000
105.27000      0.21678      0.00000
105.28000      0.21242      0.00000
105.29000      0.20846      0.00000
105.30000      0.20498      0.00000
105.31000      0.20193      0.00000
105.32000      0.19914      0.00000
105.33000      0.19644      0.00000
105.34000      0.19364      0.00000
105.35000      0.19066      0.00000
105.36000      0.18751      0.00000
105.37000      0.18434      0.00000
105.38000      0.18143      0.00000
105.39000      0.17906      0.00000
105.40000      0.17748      0.00000
105.41000      0.17684      0.00000
105.42000      0.17714      0.00000
105.43000      0.17822      0.00000
105.44000      0.17978      0.00000
105.45000      0.18144      0.00000
105.46000      0.18278      0.00000
105.47000      0.18346      0.00000
105.48000      0.18329      0.00000
105.49000      0.18227      0.00000
105.50000      0.18054      0.00000
105.51000      0.17837      0.00000
105.52000      0.17601      0.00000
105.53000      0.17368      0.00000
105.54000      0.17151      0.00000
105.55000      0.16957      0.00000
105.56000      0.16792      0.00000
105.57000      0.16659      0.00000
105.58000      0.16562      0.00000
105.59000      0.16507      0.00000
105.60000      0.16503      0.00000
105.61000      0.16553      0.00000
105.62000      0.16657      0.00000
105.63000      0.16809      0.00000
105.64000      0.16995      0.00000
105.65000      0.17195      0.00000
105.66000      0.17386      0.00000
105.67000      0.17546      0.00000
105.68000      0.17661      0.00000
105.69000      0.17728      0.00000
105.70000      0.17753      0.00000
105.71000      0.17747      0.00000
105.72000      0.17716      0.00000
105.73000      0.17668      0.00000
105.74000      0.17606      0.00000
105.75000      0.17541      0.00000
105.76000      0.17486      0.00000
105.77000      0.17460      0.00000
105.78000      0.17485      0.00000
105.79000      0.17575      0.00000
105.80000      0.17735      0.00000
105.81000      0.17957      0.00000
105.82000      0.18217      0.00000
105.83000      0.18485      0.00000
105.84000      0.18731      0.00000
105.85000      0.18929      0.00000
105.86000      0.19069      0.00000
105.87000      0.19149      0.00000
105.88000      0.19173      0.00000
105.89000      0.19153      0.00000
105.90000      0.19101      0.00000
105.91000      0.19038      0.00000
105.92000      0.18988      0.00000
105.93000      0.18975      0.00000
105.94000      0.19020      0.00000
105.95000      0.19131      0.00000
105.96000      0.19302      0.00000
105.97000      0.19512      0.00000
105.98000      0.19726      0.00000
105.99000      0.19900      0.00000
106.00000      0.19988      0.00000
106.01000      0.19955      0.00000
106.02000      0.19779      0.00000
106.03000      0.19465      0.00000
106.04000      0.19031      0.00000
106.05000      0.18511      0.00000
106.06000      0.17943      0.00000
106.07000      0.17368      0.00000
106.08000      0.16822      0.00000
106.09000      0.16334      0.00000
106.10000      0.15925      0.00000
106.11000      0.15605      0.00000
106.12000      0.15374      0.00000
106.13000      0.15226      0.00000
106.14000      0.15152      0.00000
106.15000      0.15143      0.00000
106.16000      0.15193      0.00000
106.17000      0.15298      0.00000
106.18000      0.15455      0.00000
106.19000      0.15660      0.00000
106.20000      0.15904      0.00000
106.21000      0.16171      0.00000
106.22000      0.16442      0.00000
106.23000      0.16695      0.00000
106.24000      0.16910      0.00000
106.25000      0.17070      0.00000
106.26000      0.17168      0.00000
106.27000      0.17207      0.00000
106.28000      0.17197      0.00000
106.29000      0.17157      0.00000
106.30000      0.17105      0.00000
106.31000      0.17058      0.00000
106.32000      0.17030      0.00000
106.33000      0.17027      0.00000
106.34000      0.17049      0.00000
106.35000      0.17094      0.00000
106.36000      0.17158      0.00000
106.37000      0.17239      0.00000
106.38000      0.17332      0.00000
106.39000      0.17435      0.00000
106.40000      0.17544      0.00000
106.41000      0.17655      0.00000
106.42000      0.17766      0.00000
106.43000      0.17878      0.00000
106.44000      0.17996      0.00000
106.45000      0.18127      0.00000
106.46000      0.18275      0.00000
106.47000      0.18447      0.00000
106.48000      0.18645      0.00000
106.49000      0.18875      0.00000
106.50000      0.19139      0.00000
106.51000      0.19438      0.00000
106.52000      0.19771      0.00000
106.53000      0.20129      0.00000
106.54000      0.20499      0.00000
106.55000      0.20862      0.00000
106.56000      0.21193      0.00000
106.57000      0.21464      0.00000
106.58000      0.21649      0.00000
106.59000      0.21728      0.00000
106.60000      0.21695      0.00000
106.61000      0.21552      0.00000
106.62000      0.21319      0.00000
106.63000      0.21021      0.00000
106.64000      0.20690      0.00000
106.65000      0.20359      0.00000
106.66000      0.20055      0.00000
106.67000      0.19801      0.00000
106.68000      0.19616      0.00000
106.69000      0.19514      0.00000
106.70000      0.19506      0.00000
106.71000      0.19597      0.00000
106.72000      0.19788      0.00000
106.73000      0.20072      0.00000
106.74000      0.20437      0.00000
106.75000      0.20871      0.00000
106.76000      0.21353      0.00000
106.77000      0.21859      0.00000
106.78000      0.22358      0.00000
106.79000      0.22818      0.00000
106.80000      0.23210      0.00000
106.81000      0.23517      0.00000
106.82000      0.23737      0.00000
106.83000      0.23883      0.00000
106.84000      0.23972      0.00000
106.85000      0.24023      0.00000
106.86000      0.24049      0.00000
106.87000      0.24052      0.00000
106.88000      0.24027      0.00000
106.89000      0.23962      0.00000
106.90000      0.23843      0.00000
106.91000      0.23661      0.00000
106.92000      0.23408      0.00000
106.93000      0.23091      0.00000
106.94000      0.22722      0.00000
106.95000      0.22323      0.00000
106.96000      0.21922      0.00000
106.97000      0.21547      0.00000
106.98000      0.21224      0.00000
106.99000      0.20969      0.00000
107.00000      0.20787      0.00000
107.01000      0.20672      0.00000
107.02000      0.20612      0.00000
107.03000      0.20592      0.00000
107.04000      0.20600      0.00000
107.05000      0.20627      0.00000
107.06000      0.20664      0.00000
107.07000      0.20703      0.00000
107.08000      0.20735      0.00000
107.09000      0.20753      0.00000
107.10000      0.20746      0.00000
107.11000      0.20703      0.00000
107.12000      0.20609      0.00000
107.13000      0.20446      0.00000
107.14000      0.20206      0.00000
107.15000      0.19888      0.00000
107.16000      0.19503      0.00000
107.17000      0.19069      0.00000
107.18000      0.18608      0.00000
107.19000      0.18145      0.00000
107.20000      0.17699      0.00000
107.21000      0.17284      0.00000
107.22000      0.16910      0.00000
107.23000      0.16582      0.00000
107.24000      0.16299      0.00000
107.25000      0.16059      0.00000
107.26000      0.15859      0.00000
107.27000      0.15692      0.00000
107.28000      0.15553      0.00000
107.29000      0.15432      0.00000
107.30000      0.15320      0.00000
107.31000      0.15208      0.00000
107.32000      0.15089      0.00000
107.33000      0.14958      0.00000
107.34000      0.14811      0.00000
107.35000      0.14647      0.00000
107.36000      0.14471      0.00000
107.37000      0.14291      0.00000
107.38000      0.14121      0.00000
107.39000      0.13975      0.00000
107.40000      0.13867      0.00000
107.41000      0.13808      0.00000
107.42000      0.13805      0.00000
107.43000      0.13860      0.00000
107.44000      0.13969      0.00000
107.45000      0.14121      0.00000
107.46000      0.14301      0.00000
107.47000      0.14489      0.00000
107.48000      0.14671      0.00000
107.49000      0.14832      0.00000
107.50000      0.14962      0.00000
107.51000      0.15053      0.00000
107.52000      0.15094      0.00000
107.53000      0.15078      0.00000
107.54000      0.15000      0.00000
107.55000      0.14861      0.00000
107.56000      0.14673      0.00000
107.57000      0.14451      0.00000
107.58000      0.14212      0.00000
107.59000      0.13975      0.00000
107.60000      0.13756      0.00000
107.61000      0.13573      0.00000
107.62000      0.13446      0.00000
107.63000      0.13394      0.00000
107.64000      0.13437      0.00000
107.65000      0.13586      0.00000
107.66000      0.13848      0.00000
107.67000      0.14218      0.00000
107.68000      0.14683      0.00000
107.69000      0.15220      0.00000
107.70000      0.15798      0.00000
107.71000      0.16376      0.00000
107.72000      0.16913      0.00000
107.73000      0.17369      0.00000
107.74000      0.17717      0.00000
107.75000      0.17950      0.00000
107.76000      0.18080      0.00000
107.77000      0.18131      0.00000
107.78000      0.18133      0.00000
107.79000      0.18113      0.00000
107.80000      0.18090      0.00000
107.81000      0.18075      0.00000
107.82000      0.18074      0.00000
107.83000      0.18082      0.00000
107.84000      0.18092      0.00000
107.85000      0.18092      0.00000
107.86000      0.18075      0.00000
107.87000      0.18033      0.00000
107.88000      0.17966      0.00000
107.89000      0.17874      0.00000
107.90000      0.17756      0.00000
107.91000      0.17607      0.00000
107.92000      0.17420      0.00000
107.93000      0.17185      0.00000
107.94000      0.16901      0.00000
107.95000      0.16572      0.00000
107.96000      0.16217      0.00000
107.97000      0.15857      0.00000
107.98000      0.15514      0.00000
107.99000      0.15205      0.00000
108.00000      0.14941      0.00000
108.01000      0.14727      0.00000
108.02000      0.14564      0.00000
108.03000      0.14455      0.00000
108.04000      0.14397      0.00000
108.05000      0.14393      0.00000
108.06000      0.14435      0.00000
108.07000      0.14514      0.00000
108.08000      0.14619      0.00000
108.09000      0.14739      0.00000
108.10000      0.14871      0.00000
108.11000      0.15020      0.00000
108.12000      0.15201      0.00000
108.13000      0.15429      0.00000
108.14000      0.15725      0.00000
108.15000      0.16101      0.00000
108.16000      0.16568      0.00000
108.17000      0.17124      0.00000
108.18000      0.17761      0.00000
108.19000      0.18459      0.00000
108.20000      0.19190      0.00000
108.21000      0.19922      0.00000
108.22000      0.20624      0.00000
108.23000      0.21273      0.00000
108.24000      0.21860      0.00000
108.25000      0.22391      0.00000
108.26000      0.22886      0.00000
108.27000      0.23369      0.00000
108.28000      0.23858      0.00000
108.29000      0.24364      0.00000
108.30000      0.24888      0.00000
108.31000      0.25425      0.00000
108.32000      0.25964      0.00000
108.33000      0.26496      0.00000
108.34000      0.27008      0.00000
108.35000      0.27486      0.00000
108.36000      0.27915      0.00000
108.37000      0.28282      0.00000
108.38000      0.28573      0.00000
108.39000      0.28782      0.00000
108.40000      0.28907      0.00000
108.41000      0.28956      0.00000
108.42000      0.28939      0.00000
108.43000      0.28873      0.00000
108.44000      0.28774      0.00000
108.45000      0.28656      0.00000
108.46000      0.28527      0.00000
108.47000      0.28390      0.00000
108.48000      0.28246      0.00000
108.49000      0.28091      0.00000
108.50000      0.27923      0.00000
108.51000      0.27742      0.00000
108.52000      0.27547      0.00000
108.53000      0.27346      0.00000
108.54000      0.27147      0.00000
108.55000      0.26962      0.00000
108.56000      0.26799      0.00000
108.57000      0.26664      0.00000
108.58000      0.26556      0.00000
108.59000      0.26473      0.00000
108.60000      0.26409      0.00000
108.61000      0.26354      0.00000
108.62000      0.26297      0.00000
108.63000      0.26224      0.00000
108.64000      0.26126      0.00000
108.65000      0.26002      0.00000
108.66000      0.25862      0.00000
108.67000      0.25720      0.00000
108.68000      0.25589      0.00000
108.69000      0.25476      0.00000
108.70000      0.25380      0.00000
108.71000      0.25294      0.00000
108.72000      0.25208      0.00000
108.73000      0.25110      0.00000
108.74000      0.24988      0.00000
108.75000      0.24834      0.00000
108.76000      0.24645      0.00000
108.77000      0.24426      0.00000
108.78000      0.24196      0.00000
108.79000      0.23980      0.00000
108.80000      0.23804      0.00000
108.81000      0.23693      0.00000
108.82000      0.23658      0.00000
108.83000      0.23704      0.00000
108.84000      0.23819      0.00000
108.85000      0.23983      0.00000
108.86000      0.24167      0.00000
108.87000      0.24341      0.00000
108.88000      0.24482      0.00000
108.89000      0.24572      0.00000
108.90000      0.24603      0.00000
108.91000      0.24574      0.00000
108.92000      0.24485      0.00000
108.93000      0.24339      0.00000
108.94000      0.24137      0.00000
108.95000      0.23884      0.00000
108.96000      0.23584      0.00000
108.97000      0.23240      0.00000
108.98000      0.22858      0.00000
108.99000      0.22442      0.00000
109.00000      0.22000      0.00000
109.01000      0.21541      0.00000
109.02000      0.21080      0.00000
109.03000      0.20636      0.00000
109.04000      0.20230      0.00000
109.05000      0.19880      0.00000
109.06000      0.19602      0.00000
109.07000      0.19405      0.00000
109.08000      0.19290      0.00000
109.09000      0.19251      0.00000
109.10000      0.19272      0.00000
109.11000      0.19330      0.00000
109.12000      0.19394      0.00000
109.13000      0.19437      0.00000
109.14000      0.19437      0.00000
109.15000      0.19384      0.00000
109.16000      0.19286      0.00000
109.17000      0.19159      0.00000
109.18000      0.19023      0.00000
109.19000      0.18893      0.00000
109.20000      0.18773      0.00000
109.21000      0.18660      0.00000
109.22000      0.18545      0.00000
109.23000      0.18417      0.00000
109.24000      0.18269      0.00000
109.25000      0.18101      0.00000
109.26000      0.17923      0.00000
109.27000      0.17748      0.00000
109.28000      0.17598      0.00000
109.29000      0.17490      0.00000
109.30000      0.17443      0.00000
109.31000      0.17466      0.00000
109.32000      0.17565      0.00000
109.33000      0.17737      0.00000
109.34000      0.17972      0.00000
109.35000      0.18256      0.00000
109.36000      0.18573      0.00000
109.37000      0.18905      0.00000
109.38000      0.19236      0.00000
109.39000      0.19549      0.00000
109.40000      0.19831      0.00000
109.41000      0.20068      0.00000
109.42000      0.20253      0.00000
109.43000      0.20381      0.00000
109.44000      0.20449      0.00000
109.45000      0.20455      0.00000
109.46000      0.20397      0.00000
109.47000      0.20274      0.00000
109.48000      0.20085      0.00000
109.49000      0.19838      0.00000
109.50000      0.19540      0.00000
109.51000      0.19207      0.00000
109.52000      0.18855      0.00000
109.53000      0.18501      0.00000
109.54000      0.18161      0.00000
109.55000      0.17846      0.00000
109.56000      0.17566      0.00000
109.57000      0.17330      0.00000
109.58000      0.17152      0.00000
109.59000      0.17040      0.00000
109.60000      0.17001      0.00000
109.61000      0.17036      0.00000
109.62000      0.17140      0.00000
109.63000      0.17304      0.00000
109.64000      0.17516      0.00000
109.65000      0.17767      0.00000
109.66000      0.18052      0.00000
109.67000      0.18370      0.00000
109.68000      0.18725      0.00000
109.69000      0.19123      0.00000
109.70000      0.19568      0.00000
109.71000      0.20057      0.00000
109.72000      0.20582      0.00000
109.73000      0.21129      0.00000
109.74000      0.21679      0.00000
109.75000      0.22211      0.00000
109.76000      0.22707      0.00000
109.77000      0.23148      0.00000
109.78000      0.23526      0.00000
109.79000      0.23839      0.00000
109.80000      0.24096      0.00000
109.81000      0.24315      0.00000
109.82000      0.24516      0.00000
109.83000      0.24717      0.00000
109.84000      0.24929      0.00000
109.85000      0.25150      0.00000
109.86000      0.25373      0.00000
109.87000      0.25584      0.00000
109.88000      0.25771      0.00000
109.89000      0.25924      0.00000
109.90000      0.26037      0.00000
109.91000      0.26104      0.00000
109.92000      0.26119      0.00000
109.93000      0.26075      0.00000
109.94000      0.25962      0.00000
109.95000      0.25769      0.00000
109.96000      0.25492      0.00000
109.97000      0.25130      0.00000
109.98000      0.24690      0.00000
109.99000      0.24184      0.00000
110.00000      0.23629      0.00000
110.01000      0.23044      0.00000
110.02000      0.22453      0.00000
110.03000      0.21879      0.00000
110.04000      0.21342      0.00000
110.05000      0.20862      0.00000
110.06000      0.20451      0.00000
110.07000      0.20116      0.00000
110.08000      0.19861      0.00000
110.09000      0.19683      0.00000
110.10000      0.19579      0.00000
110.11000      0.19545      0.00000
110.12000      0.19576      0.00000
110.13000      0.19670      0.00000
110.14000      0.19828      0.00000
110.15000      0.20055      0.00000
110.16000      0.20356      0.00000
110.17000      0.20736      0.00000
110.18000      0.21198      0.00000
110.19000      0.21735      0.00000
110.20000      0.22330      0.00000
110.21000      0.22960      0.00000
110.22000      0.23600      0.00000
110.23000      0.24223      0.00000
110.24000      0.24811      0.00000
110.25000      0.25349      0.00000
110.26000      0.25827      0.00000
110.27000      0.26239      0.00000
110.28000      0.26581      0.00000
110.29000      0.26855      0.00000
110.30000      0.27062      0.00000
110.31000      0.27206      0.00000
110.32000      0.27292      0.00000
110.33000      0.27324      0.00000
110.34000      0.27308      0.00000
110.35000      0.27248      0.00000
110.36000      0.27151      0.00000
110.37000      0.27028      0.00000
110.38000      0.26888      0.00000
110.39000      0.26746      0.00000
110.40000      0.26611      0.00000
110.41000      0.26494      0.00000
110.42000      0.26398      0.00000
110.43000      0.26322      0.00000
110.44000      0.26259      0.00000
110.45000      0.26194      0.00000
110.46000      0.26109      0.00000
110.47000      0.25988      0.00000
110.48000      0.25819      0.00000
110.49000      0.25597      0.00000
110.50000      0.25320      0.00000
110.51000      0.24990      0.00000
110.52000      0.24607      0.00000
110.53000      0.24169      0.00000
110.54000      0.23680      0.00000
110.55000      0.23145      0.00000
110.56000      0.22577      0.00000
110.57000      0.21993      0.00000
110.58000      0.21406      0.00000
110.59000      0.20830      0.00000
110.60000      0.20271      0.00000
110.61000      0.19738      0.00000
110.62000      0.19235      0.00000
110.63000      0.18771      0.00000
110.64000      0.18357      0.00000
110.65000      0.18004      0.00000
110.66000      0.17722      0.00000
110.67000      0.17516      0.00000
110.68000      0.17387      0.00000
110.69000      0.17331      0.00000
110.70000      0.17339      0.00000
110.71000      0.17397      0.00000
110.72000      0.17489      0.00000
110.73000      0.17597      0.00000
110.74000      0.17700      0.00000
110.75000      0.17779      0.00000
110.76000      0.17816      0.00000
110.77000      0.17796      0.00000
110.78000      0.17708      0.00000
110.79000      0.17550      0.00000
110.80000      0.17331      0.00000
110.81000      0.17066      0.00000
110.82000      0.16779      0.00000
110.83000      0.16498      0.00000
110.84000      0.16244      0.00000
110.85000      0.16039      0.00000
110.86000      0.15895      0.00000
110.87000      0.15819      0.00000
110.88000      0.15809      0.00000
110.89000      0.15854      0.00000
110.90000      0.15938      0.00000
110.91000      0.16045      0.00000
110.92000      0.16157      0.00000
110.93000      0.16264      0.00000
110.94000      0.16364      0.00000
110.95000      0.16462      0.00000
110.96000      0.16566      0.00000
110.97000      0.16685      0.00000
110.98000      0.16822      0.00000
110.99000      0.16974      0.00000
111.00000      0.17136      0.00000
111.01000      0.17297      0.00000
111.02000      0.17445      0.00000
111.03000      0.17569      0.00000
111.04000      0.17658      0.00000
111.05000      0.17708      0.00000
111.06000      0.17718      0.00000
111.07000      0.17690      0.00000
111.08000      0.17633      0.00000
111.09000      0.17555      0.00000
111.10000      0.17469      0.00000
111.11000      0.17385      0.00000
111.12000      0.17312      0.00000
111.13000      0.17258      0.00000
111.14000      0.17229      0.00000
111.15000      0.17235      0.00000
111.16000      0.17282      0.00000
111.17000      0.17375      0.00000
111.18000      0.17511      0.00000
111.19000      0.17686      0.00000
111.20000      0.17884      0.00000
111.21000      0.18089      0.00000
111.22000      0.18280      0.00000
111.23000      0.18438      0.00000
111.24000      0.18548      0.00000
111.25000      0.18602      0.00000
111.26000      0.18604      0.00000
111.27000      0.18565      0.00000
111.28000      0.18504      0.00000
111.29000      0.18446      0.00000
111.30000      0.18409      0.00000
111.31000      0.18411      0.00000
111.32000      0.18464      0.00000
111.33000      0.18577      0.00000
111.34000      0.18759      0.00000
111.35000      0.19012      0.00000
111.36000      0.19337      0.00000
111.37000      0.19728      0.00000
111.38000      0.20173      0.00000
111.39000      0.20655      0.00000
111.40000      0.21154      0.00000
111.41000      0.21650      0.00000
111.42000      0.22122      0.00000
111.43000      0.22551      0.00000
111.44000      0.22922      0.00000
111.45000      0.23224      0.00000
111.46000      0.23452      0.00000
111.47000      0.23605      0.00000
111.48000      0.23683      0.00000
111.49000      0.23694      0.00000
111.50000      0.23648      0.00000
111.51000      0.23558      0.00000
111.52000      0.23441      0.00000
111.53000      0.23310      0.00000
111.54000      0.23176      0.00000
111.55000      0.23040      0.00000
111.56000      0.22893      0.00000
111.57000      0.22720      0.00000
111.58000      0.22501      0.00000
111.59000      0.22222      0.00000
111.60000      0.21876      0.00000
111.61000      0.21471      0.00000
111.62000      0.21027      0.00000
111.63000      0.20574      0.00000
111.64000      0.20146      0.00000
111.65000      0.19772      0.00000
111.66000      0.19474      0.00000
111.67000      0.19263      0.00000
111.68000      0.19140      0.00000
111.69000      0.19092      0.00000
111.70000      0.19100      0.00000
111.71000      0.19136      0.00000
111.72000      0.19170      0.00000
111.73000      0.19177      0.00000
111.74000      0.19142      0.00000
111.75000      0.19061      0.00000
111.76000      0.18946      0.00000
111.77000      0.18813      0.00000
111.78000      0.18685      0.00000
111.79000      0.18581      0.00000
111.80000      0.18517      0.00000
111.81000      0.18502      0.00000
111.82000      0.18541      0.00000
111.83000      0.18638      0.00000
111.84000      0.18791      0.00000
111.85000      0.18998      0.00000
111.86000      0.19250      0.00000
111.87000      0.19534      0.00000
111.88000      0.19830      0.00000
111.89000      0.20119      0.00000
111.90000      0.20382      0.00000
111.91000      0.20605      0.00000
111.92000      0.20782      0.00000
111.93000      0.20913      0.00000
111.94000      0.21006      0.00000
111.95000      0.21072      0.00000
111.96000      0.21122      0.00000
111.97000      0.21166      0.00000
111.98000      0.21214      0.00000
111.99000      0.21275      0.00000
112.00000      0.21351      0.00000
112.01000      0.21444      0.00000
112.02000      0.21547      0.00000
112.03000      0.21650      0.00000
112.04000      0.21737      0.00000
112.05000      0.21795      0.00000
112.06000      0.21813      0.00000
112.07000      0.21788      0.00000
112.08000      0.21722      0.00000
112.09000      0.21623      0.00000
112.10000      0.21499      0.00000
112.11000      0.21354      0.00000
112.12000      0.21196      0.00000
112.13000      0.21024      0.00000
112.14000      0.20841      0.00000
112.15000      0.20647      0.00000
112.16000      0.20441      0.00000
112.17000      0.20224      0.00000
112.18000      0.19999      0.00000
112.19000      0.19774      0.00000
112.20000      0.19556      0.00000
112.21000      0.19357      0.00000
112.22000      0.19188      0.00000
112.23000      0.19057      0.00000
112.24000      0.18970      0.00000
112.25000      0.18929      0.00000
112.26000      0.18934      0.00000
112.27000      0.18982      0.00000
112.28000      0.19067      0.00000
112.29000      0.19186      0.00000
112.30000      0.19335      0.00000
112.31000      0.19510      0.00000
112.32000      0.19706      0.00000
112.33000      0.19914      0.00000
112.34000      0.20124      0.00000
112.35000      0.20324      0.00000
112.36000      0.20501      0.00000
112.37000      0.20647      0.00000
112.38000      0.20757      0.00000
112.39000      0.20830      0.00000
112.40000      0.20869      0.00000
112.41000      0.20877      0.00000
112.42000      0.20857      0.00000
112.43000      0.20812      0.00000
112.44000      0.20748      0.00000
112.45000      0.20671      0.00000
112.46000      0.20590      0.00000
112.47000      0.20516      0.00000
112.48000      0.20459      0.00000
112.49000      0.20425      0.00000
112.50000      0.20417      0.00000
112.51000      0.20435      0.00000
112.52000      0.20475      0.00000
112.53000      0.20531      0.00000
112.54000      0.20598      0.00000
112.55000      0.20673      0.00000
112.56000      0.20752      0.00000
112.57000      0.20831      0.00000
112.58000      0.20904      0.00000
112.59000      0.20960      0.00000
112.60000      0.20988      0.00000
112.61000      0.20977      0.00000
112.62000      0.20921      0.00000
112.63000      0.20825      0.00000
112.64000      0.20699      0.00000
112.65000      0.20558      0.00000
112.66000      0.20419      0.00000
112.67000      0.20294      0.00000
112.68000      0.20190      0.00000
112.69000      0.20108      0.00000
112.70000      0.20043      0.00000
112.71000      0.19987      0.00000
112.72000      0.19933      0.00000
112.73000      0.19876      0.00000
112.74000      0.19811      0.00000
112.75000      0.19737      0.00000
112.76000      0.19653      0.00000
112.77000      0.19557      0.00000
112.78000      0.19451      0.00000
112.79000      0.19337      0.00000
112.80000      0.19218      0.00000
112.81000      0.19102      0.00000
112.82000      0.18997      0.00000
112.83000      0.18913      0.00000
112.84000      0.18855      0.00000
112.85000      0.18826      0.00000
112.86000      0.18826      0.00000
112.87000      0.18849      0.00000
112.88000      0.18888      0.00000
112.89000      0.18939      0.00000
112.90000      0.18997      0.00000
112.91000      0.19064      0.00000
112.92000      0.19141      0.00000
112.93000      0.19234      0.00000
112.94000      0.19350      0.00000
112.95000      0.19493      0.00000
112.96000      0.19666      0.00000
112.97000      0.19872      0.00000
112.98000      0.20107      0.00000
112.99000      0.20370      0.00000
113.00000      0.20655      0.00000
113.01000      0.20956      0.00000
113.02000      0.21266      0.00000
113.03000      0.21575      0.00000
113.04000      0.21873      0.00000
113.05000      0.22145      0.00000
113.06000      0.22376      0.00000
113.07000      0.22548      0.00000
113.08000      0.22642      0.00000
113.09000      0.22643      0.00000
113.10000      0.22545      0.00000
113.11000      0.22348      0.00000
113.12000      0.22062      0.00000
113.13000      0.21707      0.00000
113.14000      0.21304      0.00000
113.15000      0.20881      0.00000
113.16000      0.20466      0.00000
113.17000      0.20083      0.00000
113.18000      0.19756      0.00000
113.19000      0.19499      0.00000
113.20000      0.19325      0.00000
113.21000      0.19238      0.00000
113.22000      0.19235      0.00000
113.23000      0.19307      0.00000
113.24000      0.19439      0.00000
113.25000      0.19611      0.00000
113.26000      0.19800      0.00000
113.27000      0.19989      0.00000
113.28000      0.20165      0.00000
113.29000      0.20323      0.00000
113.30000      0.20463      0.00000
113.31000      0.20590      0.00000
113.32000      0.20707      0.00000
113.33000      0.20813      0.00000
113.34000      0.20901      0.00000
113.35000      0.20962      0.00000
113.36000      0.20981      0.00000
113.37000      0.20947      0.00000
113.38000      0.20853      0.00000
113.39000      0.20697      0.00000
113.40000      0.20486      0.00000
113.41000      0.20233      0.00000
113.42000      0.19953      0.00000
113.43000      0.19661      0.00000
113.44000      0.19370      0.00000
113.45000      0.19093      0.00000
113.46000      0.18840      0.00000
113.47000      0.18621      0.00000
113.48000      0.18440      0.00000
113.49000      0.18300      0.00000
113.50000      0.18202      0.00000
113.51000      0.18145      0.00000
113.52000      0.18126      0.00000
113.53000      0.18149      0.00000
113.54000      0.18217      0.00000
113.55000      0.18336      0.00000
113.56000      0.18508      0.00000
113.57000      0.18730      0.00000
113.58000      0.18998      0.00000
113.59000      0.19298      0.00000
113.60000      0.19619      0.00000
113.61000      0.19945      0.00000
113.62000      0.20263      0.00000
113.63000      0.20559      0.00000
113.64000      0.20820      0.00000
113.65000      0.21037      0.00000
113.66000      0.21199      0.00000
113.67000      0.21298      0.00000
113.68000      0.21329      0.00000
113.69000      0.21289      0.00000
113.70000      0.21183      0.00000
113.71000      0.21021      0.00000
113.72000      0.20819      0.00000
113.73000      0.20596      0.00000
113.74000      0.20374      0.00000
113.75000      0.20172      0.00000
113.76000      0.20002      0.00000
113.77000      0.19869      0.00000
113.78000      0.19771      0.00000
113.79000      0.19695      0.00000
113.80000      0.19625      0.00000
113.81000      0.19540      0.00000
113.82000      0.19423      0.00000
113.83000      0.19257      0.00000
113.84000      0.19033      0.00000
113.85000      0.18749      0.00000
113.86000      0.18414      0.00000
113.87000      0.18042      0.00000
113.88000      0.17656      0.00000
113.89000      0.17280      0.00000
113.90000      0.16938      0.00000
113.91000      0.16651      0.00000
113.92000      0.16432      0.00000
113.93000      0.16287      0.00000
113.94000      0.16213      0.00000
113.95000      0.16199      0.00000
113.96000      0.16230      0.00000
113.97000      0.16289      0.00000
113.98000      0.16360      0.00000
113.99000      0.16428      0.00000
114.00000      0.16485      0.00000
114.01000      0.16529      0.00000
114.02000      0.16559      0.00000
114.03000      0.16584      0.00000
114.04000      0.16611      0.00000
114.05000      0.16652      0.00000
114.06000      0.16717      0.00000
114.07000      0.16813      0.00000
114.08000      0.16946      0.00000
114.09000      0.17112      0.00000
114.10000      0.17308      0.00000
114.11000      0.17522      0.00000
114.12000      0.17744      0.00000
114.13000      0.17958      0.00000
114.14000      0.18156      0.00000
114.15000      0.18329      0.00000
114.16000      0.18473      0.00000
114.17000      0.18590      0.00000
114.18000      0.18682      0.00000
114.19000      0.18754      0.00000
114.20000      0.18808      0.00000
114.21000      0.18845      0.00000
114.22000      0.18865      0.00000
114.23000      0.18866      0.00000
114.24000      0.18845      0.00000
114.25000      0.18800      0.00000
114.26000      0.18729      0.00000
114.27000      0.18632      0.00000
114.28000      0.18511      0.00000
114.29000      0.18371      0.00000
114.30000      0.18219      0.00000
114.31000      0.18064      0.00000
114.32000      0.17917      0.00000
114.33000      0.17791      0.00000
114.34000      0.17695      0.00000
114.35000      0.17637      0.00000
114.36000      0.17620      0.00000
114.37000      0.17644      0.00000
114.38000      0.17706      0.00000
114.39000      0.17797      0.00000
114.40000      0.17911      0.00000
114.41000      0.18040      0.00000
114.42000      0.18179      0.00000
114.43000      0.18325      0.00000
114.44000      0.18478      0.00000
114.45000      0.18639      0.00000
114.46000      0.18809      0.00000
114.47000      0.18984      0.00000
114.48000      0.19158      0.00000
114.49000      0.19323      0.00000
114.50000      0.19473      0.00000
114.51000      0.19601      0.00000
114.52000      0.19703      0.00000
114.53000      0.19779      0.00000
114.54000      0.19830      0.00000
114.55000      0.19862      0.00000
114.56000      0.19882      0.00000
114.57000      0.19901      0.00000
114.58000      0.19931      0.00000
114.59000      0.19986      0.00000
114.60000      0.20080      0.00000
114.61000      0.20226      0.00000
114.62000      0.20430      0.00000
114.63000      0.20693      0.00000
114.64000      0.21011      0.00000
114.65000      0.21374      0.00000
114.66000      0.21767      0.00000
114.67000      0.22175      0.00000
114.68000      0.22587      0.00000
114.69000      0.22991      0.00000
114.70000      0.23382      0.00000
114.71000      0.23756      0.00000
114.72000      0.24113      0.00000
114.73000      0.24452      0.00000
114.74000      0.24769      0.00000
114.75000      0.25061      0.00000
114.76000      0.25319      0.00000
114.77000      0.25538      0.00000
114.78000      0.25712      0.00000
114.79000      0.25839      0.00000
114.80000      0.25918      0.00000
114.81000      0.25956      0.00000
114.82000      0.25959      0.00000
114.83000      0.25938      0.00000
114.84000      0.25903      0.00000
114.85000      0.25866      0.00000
114.86000      0.25832      0.00000
114.87000      0.25805      0.00000
114.88000      0.25783      0.00000
114.89000      0.25760      0.00000
114.90000      0.25733      0.00000
114.91000      0.25696      0.00000
114.92000      0.25649      0.00000
114.93000      0.25597      0.00000
114.94000      0.25542      0.00000
114.95000      0.25492      0.00000
114.96000      0.25449      0.00000
114.97000      0.25416      0.00000
114.98000      0.25393      0.00000
114.99000      0.25378      0.00000
115.00000      0.25367      0.00000
115.01000      0.25351      0.00000
115.02000      0.25320      0.00000
115.03000      0.25261      0.00000
115.04000      0.25160      0.00000
115.05000      0.25006      0.00000
115.06000      0.24792      0.00000
115.07000      0.24517      0.00000
115.08000      0.24192      0.00000
115.09000      0.23833      0.00000
115.10000      0.23458      0.00000
115.11000      0.23089      0.00000
115.12000      0.22743      0.00000
115.13000      0.22437      0.00000
115.14000      0.22180      0.00000
115.15000      0.21980      0.00000
115.16000      0.21841      0.00000
115.17000      0.21763      0.00000
115.18000      0.21742      0.00000
115.19000      0.21768      0.00000
115.20000      0.21826      0.00000
115.21000      0.21893      0.00000
115.22000      0.21941      0.00000
115.23000      0.21939      0.00000
115.24000      0.21861      0.00000
115.25000      0.21684      0.00000
115.26000      0.21399      0.00000
115.27000      0.21008      0.00000
115.28000      0.20524      0.00000
115.29000      0.19972      0.00000
115.30000      0.19379      0.00000
115.31000      0.18775      0.00000
115.32000      0.18190      0.00000
115.33000      0.17647      0.00000
115.34000      0.17168      0.00000
115.35000      0.16765      0.00000
115.36000      0.16446      0.00000
115.37000      0.16212      0.00000
115.38000      0.16060      0.00000
115.39000      0.15983      0.00000
115.40000      0.15971      0.00000
115.41000      0.16018      0.00000
115.42000      0.16112      0.00000
115.43000      0.16248      0.00000
115.44000      0.16416      0.00000
115.45000      0.16611      0.00000
115.46000      0.16825      0.00000
115.47000      0.17050      0.00000
115.48000      0.17277      0.00000
115.49000      0.17499      0.00000
115.50000      0.17706      0.00000
115.51000      0.17894      0.00000
115.52000      0.18055      0.00000
115.53000      0.18188      0.00000
115.54000      0.18286      0.00000
115.55000      0.18350      0.00000
115.56000      0.18377      0.00000
115.57000      0.18372      0.00000
115.58000      0.18344      0.00000
115.59000      0.18304      0.00000
115.60000      0.18265      0.00000
115.61000      0.18238      0.00000
115.62000      0.18233      0.00000
115.63000      0.18255      0.00000
115.64000      0.18304      0.00000
115.65000      0.18377      0.00000
115.66000      0.18470      0.00000
115.67000      0.18579      0.00000
115.68000      0.18701      0.00000
115.69000      0.18841      0.00000
115.70000      0.19002      0.00000
115.71000      0.19190      0.00000
115.72000      0.19410      0.00000
115.73000      0.19658      0.00000
115.74000      0.19928      0.00000
115.75000      0.20204      0.00000
115.76000      0.20470      0.00000
115.77000      0.20706      0.00000
115.78000      0.20898      0.00000
115.79000      0.21037      0.00000
115.80000      0.21121      0.00000
115.81000      0.21156      0.00000
115.82000      0.21155      0.00000
115.83000      0.21134      0.00000
115.84000      0.21112      0.00000
115.85000      0.21107      0.00000
115.86000      0.21134      0.00000
115.87000      0.21202      0.00000
115.88000      0.21316      0.00000
115.89000      0.21475      0.00000
115.90000      0.21671      0.00000
115.91000      0.21892      0.00000
115.92000      0.22124      0.00000
115.93000      0.22354      0.00000
115.94000      0.22572      0.00000
115.95000      0.22768      0.00000
115.96000      0.22939      0.00000
115.97000      0.23083      0.00000
115.98000      0.23201      0.00000
115.99000      0.23295      0.00000
116.00000      0.23366      0.00000
116.01000      0.23416      0.00000
116.02000      0.23447      0.00000
116.03000      0.23462      0.00000
116.04000      0.23463      0.00000
116.05000      0.23452      0.00000
116.06000      0.23429      0.00000
116.07000      0.23395      0.00000
116.08000      0.23347      0.00000
116.09000      0.23283      0.00000
116.10000      0.23203      0.00000
116.11000      0.23113      0.00000
116.12000      0.23022      0.00000
116.13000      0.22943      0.00000
116.14000      0.22888      0.00000
116.15000      0.22865      0.00000
116.16000      0.22872      0.00000
116.17000      0.22901      0.00000
116.18000      0.22939      0.00000
116.19000      0.22965      0.00000
116.20000      0.22962      0.00000
116.21000      0.22918      0.00000
116.22000      0.22824      0.00000
116.23000      0.22680      0.00000
116.24000      0.22489      0.00000
116.25000      0.22260      0.00000
116.26000      0.22000      0.00000
116.27000      0.21721      0.00000
116.28000      0.21430      0.00000
116.29000      0.21138      0.00000
116.30000      0.20856      0.00000
116.31000      0.20593      0.00000
116.32000      0.20356      0.00000
116.33000      0.20155      0.00000
116.34000      0.19993      0.00000
116.35000      0.19875      0.00000
116.36000      0.19802      0.00000
116.37000      0.19773      0.00000
116.38000      0.19786      0.00000
116.39000      0.19834      0.00000
116.40000      0.19907      0.00000
116.41000      0.19993      0.00000
116.42000      0.20078      0.00000
116.43000      0.20150      0.00000
116.44000      0.20195      0.00000
116.45000      0.20207      0.00000
116.46000      0.20179      0.00000
116.47000      0.20110      0.00000
116.48000      0.19999      0.00000
116.49000      0.19852      0.00000
116.50000      0.19675      0.00000
116.51000      0.19478      0.00000
116.52000      0.19271      0.00000
116.53000      0.19064      0.00000
116.54000      0.18866      0.00000
116.55000      0.18680      0.00000
116.56000      0.18507      0.00000
116.57000      0.18342      0.00000
116.58000      0.18180      0.00000
116.59000      0.18014      0.00000
116.60000      0.17840      0.00000
116.61000      0.17658      0.00000
116.62000      0.17471      0.00000
116.63000      0.17289      0.00000
116.64000      0.17120      0.00000
116.65000      0.16975      0.00000
116.66000      0.16860      0.00000
116.67000      0.16779      0.00000
116.68000      0.16732      0.00000
116.69000      0.16715      0.00000
116.70000      0.16720      0.00000
116.71000      0.16736      0.00000
116.72000      0.16754      0.00000
116.73000      0.16769      0.00000
116.74000      0.16780      0.00000
116.75000      0.16793      0.00000
116.76000      0.16816      0.00000
116.77000      0.16862      0.00000
116.78000      0.16943      0.00000
116.79000      0.17071      0.00000
116.80000      0.17253      0.00000
116.81000      0.17495      0.00000
116.82000      0.17803      0.00000
116.83000      0.18174      0.00000
116.84000      0.18605      0.00000
116.85000      0.19088      0.00000
116.86000      0.19611      0.00000
116.87000      0.20157      0.00000
116.88000      0.20708      0.00000
116.89000      0.21241      0.00000
116.90000      0.21728      0.00000
116.91000      0.22144      0.00000
116.92000      0.22458      0.00000
116.93000      0.22646      0.00000
116.94000      0.22690      0.00000
116.95000      0.22583      0.00000
116.96000      0.22329      0.00000
116.97000      0.21944      0.00000
116.98000      0.21455      0.00000
116.99000      0.20894      0.00000
117.00000      0.20293      0.00000
117.01000      0.19687      0.00000
117.02000      0.19105      0.00000
117.03000      0.18569      0.00000
117.04000      0.18097      0.00000
117.05000      0.17699      0.00000
117.06000      0.17382      0.00000
117.07000      0.17147      0.00000
117.08000      0.16991      0.00000
117.09000      0.16908      0.00000
117.10000      0.16893      0.00000
117.11000      0.16935      0.00000
117.12000      0.17027      0.00000
117.13000      0.17159      0.00000
117.14000      0.17321      0.00000
117.15000      0.17506      0.00000
117.16000      0.17706      0.00000
117.17000      0.17916      0.00000
117.18000      0.18129      0.00000
117.19000      0.18338      0.00000
117.20000      0.18533      0.00000
117.21000      0.18707      0.00000
117.22000      0.18850      0.00000
117.23000      0.18953      0.00000
117.24000      0.19013      0.00000
117.25000      0.19024      0.00000
117.26000      0.18986      0.00000
117.27000      0.18897      0.00000
117.28000      0.18762      0.00000
117.29000      0.18583      0.00000
117.30000      0.18372      0.00000
117.31000      0.18141      0.00000
117.32000      0.17908      0.00000
117.33000      0.17690      0.00000
117.34000      0.17505      0.00000
117.35000      0.17367      0.00000
117.36000      0.17287      0.00000
117.37000      0.17273      0.00000
117.38000      0.17325      0.00000
117.39000      0.17441      0.00000
117.40000      0.17615      0.00000
117.41000      0.17836      0.00000
117.42000      0.18092      0.00000
117.43000      0.18371      0.00000
117.44000      0.18663      0.00000
117.45000      0.18956      0.00000
117.46000      0.19242      0.00000
117.47000      0.19512      0.00000
117.48000      0.19760      0.00000
117.49000      0.19981      0.00000
117.50000      0.20171      0.00000
117.51000      0.20327      0.00000
117.52000      0.20447      0.00000
117.53000      0.20530      0.00000
117.54000      0.20574      0.00000
117.55000      0.20581      0.00000
117.56000      0.20553      0.00000
117.57000      0.20500      0.00000
117.58000      0.20431      0.00000
117.59000      0.20362      0.00000
117.60000      0.20304      0.00000
117.61000      0.20269      0.00000
117.62000      0.20264      0.00000
117.63000      0.20288      0.00000
117.64000      0.20339      0.00000
117.65000      0.20408      0.00000
117.66000      0.20485      0.00000
117.67000      0.20557      0.00000
117.68000      0.20615      0.00000
117.69000      0.20655      0.00000
117.70000      0.20678      0.00000
117.71000      0.20692      0.00000
117.72000      0.20709      0.00000
117.73000      0.20741      0.00000
117.74000      0.20800      0.00000
117.75000      0.20892      0.00000
117.76000      0.21022      0.00000
117.77000      0.21187      0.00000
117.78000      0.21379      0.00000
117.79000      0.21588      0.00000
117.80000      0.21800      0.00000
117.81000      0.21999      0.00000
117.82000      0.22171      0.00000
117.83000      0.22300      0.00000
117.84000      0.22376      0.00000
117.85000      0.22393      0.00000
117.86000      0.22349      0.00000
117.87000      0.22249      0.00000
117.88000      0.22103      0.00000
117.89000      0.21925      0.00000
117.90000      0.21730      0.00000
117.91000      0.21534      0.00000
117.92000      0.21350      0.00000
117.93000      0.21189      0.00000
117.94000      0.21060      0.00000
117.95000      0.20969      0.00000
117.96000      0.20918      0.00000
117.97000      0.20908      0.00000
117.98000      0.20936      0.00000
117.99000      0.20998      0.00000
118.00000      0.21084      0.00000
118.01000      0.21183      0.00000
118.02000      0.21278      0.00000
118.03000      0.21349      0.00000
118.04000      0.21377      0.00000
118.05000      0.21344      0.00000
118.06000      0.21237      0.00000
118.07000      0.21053      0.00000
118.08000      0.20797      0.00000
118.09000      0.20486      0.00000
118.10000      0.20139      0.00000
118.11000      0.19782      0.00000
118.12000      0.19437      0.00000
118.13000      0.19123      0.00000
118.14000      0.18856      0.00000
118.15000      0.18645      0.00000
118.16000      0.18493      0.00000
118.17000      0.18401      0.00000
118.18000      0.18366      0.00000
118.19000      0.18382      0.00000
118.20000      0.18442      0.00000
118.21000      0.18540      0.00000
118.22000      0.18664      0.00000
118.23000      0.18803      0.00000
118.24000      0.18942      0.00000
118.25000      0.19065      0.00000
118.26000      0.19156      0.00000
118.27000      0.19204      0.00000
118.28000      0.19197      0.00000
118.29000      0.19134      0.00000
118.30000      0.19017      0.00000
118.31000      0.18853      0.00000
118.32000      0.18655      0.00000
118.33000      0.18437      0.00000
118.34000      0.18213      0.00000
118.35000      0.17995      0.00000
118.36000      0.17795      0.00000
118.37000      0.17623      0.00000
118.38000      0.17486      0.00000
118.39000      0.17392      0.00000
118.40000      0.17347      0.00000
118.41000      0.17354      0.00000
118.42000      0.17416      0.00000
118.43000      0.17529      0.00000
118.44000      0.17689      0.00000
118.45000      0.17888      0.00000
118.46000      0.18118      0.00000
118.47000      0.18370      0.00000
118.48000      0.18635      0.00000
118.49000      0.18904      0.00000
118.50000      0.19170      0.00000
118.51000      0.19424      0.00000
118.52000      0.19660      0.00000
118.53000      0.19874      0.00000
118.54000      0.20065      0.00000
118.55000      0.20233      0.00000
118.56000      0.20381      0.00000
118.57000      0.20511      0.00000
118.58000      0.20624      0.00000
118.59000      0.20715      0.00000
118.60000      0.20781      0.00000
118.61000      0.20816      0.00000
118.62000      0.20815      0.00000
118.63000      0.20776      0.00000
118.64000      0.20702      0.00000
118.65000      0.20600      0.00000
118.66000      0.20480      0.00000
118.67000      0.20356      0.00000
118.68000      0.20244      0.00000
118.69000      0.20158      0.00000
118.70000      0.20110      0.00000
118.71000      0.20110      0.00000
118.72000      0.20162      0.00000
118.73000      0.20266      0.00000
118.74000      0.20420      0.00000
118.75000      0.20616      0.00000
118.76000      0.20846      0.00000
118.77000      0.21099      0.00000
118.78000      0.21362      0.00000
118.79000      0.21623      0.00000
118.80000      0.21866      0.00000
118.81000      0.22080      0.00000
118.82000      0.22254      0.00000
118.83000      0.22380      0.00000
118.84000      0.22457      0.00000
118.85000      0.22490      0.00000
118.86000      0.22486      0.00000
118.87000      0.22456      0.00000
118.88000      0.22414      0.00000
118.89000      0.22371      0.00000
118.90000      0.22334      0.00000
118.91000      0.22308      0.00000
118.92000      0.22297      0.00000
118.93000      0.22297      0.00000
118.94000      0.22307      0.00000
118.95000      0.22321      0.00000
118.96000      0.22332      0.00000
118.97000      0.22332      0.00000
118.98000      0.22312      0.00000
118.99000      0.22267      0.00000
119.00000      0.22191      0.00000
119.01000      0.22083      0.00000
119.02000      0.21945      0.00000
119.03000      0.21782      0.00000
119.04000      0.21601      0.00000
119.05000      0.21408      0.00000
119.06000      0.21212      0.00000
119.07000      0.21016      0.00000
119.08000      0.20829      0.00000
119.09000      0.20654      0.00000
119.10000      0.20497      0.00000
119.11000      0.20360      0.00000
119.12000      0.20246      0.00000
119.13000      0.20156      0.00000
119.14000      0.20092      0.00000
119.15000      0.20051      0.00000
119.16000      0.20035      0.00000
119.17000      0.20041      0.00000
119.18000      0.20066      0.00000
119.19000      0.20106      0.00000
119.20000      0.20155      0.00000
119.21000      0.20207      0.00000
119.22000      0.20260      0.00000
119.23000      0.20312      0.00000
119.24000      0.20365      0.00000
119.25000      0.20427      0.00000
119.26000      0.20506      0.00000
119.27000      0.20609      0.00000
119.28000      0.20745      0.00000
119.29000      0.20917      0.00000
119.30000      0.21127      0.00000
119.31000      0.21368      0.00000
119.32000      0.21634      0.00000
119.33000      0.21911      0.00000
119.34000      0.22188      0.00000
119.35000      0.22455      0.00000
119.36000      0.22703      0.00000
119.37000      0.22926      0.00000
119.38000      0.23120      0.00000
119.39000      0.23284      0.00000
119.40000      0.23414      0.00000
119.41000      0.23504      0.00000
119.42000      0.23548      0.00000
119.43000      0.23538      0.00000
119.44000      0.23466      0.00000
119.45000      0.23326      0.00000
119.46000      0.23118      0.00000
119.47000      0.22845      0.00000
119.48000      0.22518      0.00000
119.49000      0.22151      0.00000
119.50000      0.21760      0.00000
119.51000      0.21361      0.00000
119.52000      0.20967      0.00000
119.53000      0.20587      0.00000
119.54000      0.20228      0.00000
119.55000      0.19891      0.00000
119.56000      0.19578      0.00000
119.57000      0.19284      0.00000
119.58000      0.19007      0.00000
119.59000      0.18743      0.00000
119.60000      0.18491      0.00000
119.61000      0.18251      0.00000
119.62000      0.18021      0.00000
119.63000      0.17804      0.00000
119.64000      0.17598      0.00000
119.65000      0.17405      0.00000
119.66000      0.17221      0.00000
119.67000      0.17046      0.00000
119.68000      0.16878      0.00000
119.69000      0.16715      0.00000
119.70000      0.16556      0.00000
119.71000      0.16402      0.00000
119.72000      0.16252      0.00000
119.73000      0.16108      0.00000
119.74000      0.15971      0.00000
119.75000      0.15846      0.00000
119.76000      0.15735      0.00000
119.77000      0.15643      0.00000
119.78000      0.15574      0.00000
119.79000      0.15530      0.00000
119.80000      0.15511      0.00000
119.81000      0.15517      0.00000
119.82000      0.15544      0.00000
119.83000      0.15589      0.00000
119.84000      0.15646      0.00000
119.85000      0.15708      0.00000
119.86000      0.15767      0.00000
119.87000      0.15816      0.00000
119.88000      0.15848      0.00000
119.89000      0.15855      0.00000
119.90000      0.15833      0.00000
119.91000      0.15777      0.00000
119.92000      0.15688      0.00000
119.93000      0.15567      0.00000
119.94000      0.15419      0.00000
119.95000      0.15254      0.00000
119.96000      0.15081      0.00000
119.97000      0.14914      0.00000
119.98000      0.14763      0.00000
119.99000      0.14639      0.00000
